caldt,b30ret,b30ind,b20ret,b20ind,b10ret,b10ind,b7ret,b7ind,b5ret,b5ind,b2ret,b2ind,b1ret,b1ind,t90ret,t90ind,t30ret,t30ind,cpiret,cpiind
1925-12-31,,50.270880,,49.268750,,46.975440,,40.414100,,38.345210,,39.545980,,39.843570,,34.836930,,38.910820,,42.1
1926-03-31,,50.270880,,49.268750,,46.975440,,40.414100,,38.345210,,39.545980,,39.843570,0.010090,35.188430,0.008521,39.242380,-0.005587,41.9
1926-06-30,,50.270880,,49.268750,,46.975440,,40.414100,,38.345210,,39.545980,,39.843570,0.008519,35.488240,0.006886,39.512620,-0.005618,41.6
1926-09-30,,50.270880,,49.268750,,46.975440,,40.414100,,38.345210,,39.545980,,39.843570,0.006599,35.722450,0.007069,39.791920,-0.011299,41.2
1926-12-31,,50.270880,,49.268750,,46.975440,,40.414100,,38.345210,,39.545980,,39.843570,0.010345,36.091970,0.009093,40.153750,0.011428,41.6
1927-03-31,,50.270880,,49.268750,,46.975440,,40.414100,,38.345210,,39.545980,,39.843570,0.006911,36.341430,0.008013,40.475510,-0.022598,40.7
1927-06-30,,50.270880,,49.268750,,46.975440,,40.414100,,38.345210,,39.545980,,39.843570,0.008821,36.662000,0.008159,40.805740,0.017340,41.4
1927-09-30,,50.270880,,49.268750,,46.975440,,40.414100,,38.345210,,39.545980,,39.843570,0.008071,36.957910,0.007864,41.126640,-0.017045,40.7
1927-12-31,,50.270880,,49.268750,,46.975440,,40.414100,,38.345210,,39.545980,,39.843570,0.006762,37.207830,0.006852,41.408430,-0.000000,40.7
1928-03-31,,50.270880,,49.268750,,46.975440,,40.414100,,38.345210,,39.545980,,39.843570,0.007956,37.503840,0.008479,41.759520,-0.011561,40.2
1928-06-30,,50.270880,,49.268750,,46.975440,,40.414100,,38.345210,,39.545980,,39.843570,0.006897,37.762500,0.008289,42.105640,-0.000000,40.2
1928-09-29,,50.270880,,49.268750,,46.975440,,40.414100,,38.345210,,39.545980,,39.843570,0.009830,38.133720,0.009193,42.492720,0.011696,40.7
1928-12-31,,50.270880,,49.268750,,46.975440,,40.414100,,38.345210,,39.545980,,39.843570,0.019068,38.860870,0.011749,42.991950,-0.011560,40.2
1929-03-28,,50.270880,,49.268750,,46.975440,,40.414100,,38.345210,,39.545980,,39.843570,0.010424,39.265960,0.010306,43.435020,-0.005848,40.0
1929-06-29,,50.270880,,49.268750,,46.975440,,40.414100,,38.345210,,39.545980,,39.843570,0.012697,39.764510,0.013205,44.008610,0.005882,40.2
1929-09-30,,50.270880,,49.268750,,46.975440,,40.414100,,38.345210,,39.545980,,39.843570,0.011683,40.229060,0.010988,44.492150,0.011696,40.7
1929-12-31,,50.270880,,49.268750,,46.975440,,40.414100,,38.345210,,39.545980,,39.843570,0.013535,40.773560,0.012052,45.028340,-0.005780,40.5
1930-03-31,,50.270880,,49.268750,,46.975440,,40.414100,,38.345210,,39.545980,,39.843570,0.008532,41.121440,0.007851,45.381890,-0.017442,39.8
1930-06-30,,50.270880,,49.268750,,46.975440,,40.414100,,38.345210,,39.545980,,39.843570,0.009925,41.529590,0.007396,45.717530,-0.005917,39.5
1930-09-30,,50.270880,,49.268750,,46.975440,,40.414100,,38.345210,,39.545980,,39.843570,0.005498,41.757910,0.004763,45.935280,-0.011905,39.1
1930-12-31,,50.270880,,49.268750,,46.975440,,40.414100,,38.345210,,39.545980,,39.843570,0.003266,41.894300,0.003266,46.085320,-0.030121,37.9
1931-03-31,,50.270880,,49.268750,,46.975440,,40.414100,,38.345210,,39.545980,,39.843570,0.003902,42.057790,0.002851,46.216720,-0.031056,36.7
1931-06-30,,50.270880,,49.268750,,46.975440,,40.414100,,38.345210,,39.545980,,39.843570,0.002702,42.171460,0.002208,46.318740,-0.032051,35.5
1931-09-30,,50.270880,,49.268750,,46.975440,,40.414100,,38.345210,,39.545980,,39.843570,-0.000426,42.153520,0.001397,46.383410,-0.006623,35.3
1931-12-31,,50.270880,,49.268750,,46.975440,,40.414100,,38.345210,,39.545980,,39.843570,0.000878,42.190520,0.003737,46.556760,-0.026667,34.4
1932-03-31,,50.270880,,49.268750,,46.975440,,40.414100,,38.345210,,39.545980,,39.843570,0.003162,42.323910,0.004969,46.788090,-0.041096,32.9
1932-06-30,,50.270880,,49.268750,,46.975440,,40.414100,,38.345210,,39.545980,,39.843570,0.003795,42.484510,0.001811,46.872800,-0.028571,32.0
1932-09-30,,50.270880,,49.268750,,46.975440,,40.414100,,38.345210,,39.545980,,39.843570,0.001186,42.534920,0.000826,46.911510,-0.014706,31.5
1932-12-31,,50.270880,,49.268750,,46.975440,,40.414100,,38.345210,,39.545980,,39.843570,0.000545,42.558120,0.000432,46.931780,-0.022389,30.8
1933-03-31,,50.270880,,49.268750,,46.975440,,40.414100,,38.345210,,39.545980,,39.843570,-0.000531,42.535510,0.000263,46.944120,-0.038168,29.6
1933-06-30,,50.270880,,49.268750,,46.975440,,40.414100,,38.345210,,39.545980,,39.843570,0.004136,42.711430,0.001604,47.019410,0.007937,29.9
1933-09-30,,50.270880,,49.268750,,46.975440,,40.414100,,38.345210,,39.545980,,39.843570,0.000913,42.750420,0.000571,47.046260,0.039370,31.1
1933-12-30,,50.270880,,49.268750,,46.975440,,40.414100,,38.345210,,39.545980,,39.843570,0.000135,42.756200,0.000493,47.069450,0.000000,31.1
1934-03-31,,50.270880,,49.268750,,46.975440,,40.414100,,38.345210,,39.545980,,39.843570,0.002493,42.862800,0.000880,47.110930,0.007576,31.3
1934-06-30,,50.270880,,49.268750,,46.975440,,40.414100,,38.345210,,39.545980,,39.843570,0.000190,42.870920,0.000189,47.119840,0.007519,31.5
1934-09-29,,50.270880,,49.268750,,46.975440,,40.414100,,38.345210,,39.545980,,39.843570,0.000174,42.878410,0.000190,47.128750,0.014925,32.0
1934-12-31,,50.270880,,49.268750,,46.975440,,40.414100,,38.345210,,39.545980,,39.843570,0.000442,42.897360,0.000287,47.142250,-0.014706,31.5
1935-03-30,,50.270880,,49.268750,,46.975440,,40.414100,,38.345210,,39.545980,,39.843570,0.000300,42.910210,0.000377,47.160000,0.022388,32.2
1935-06-29,,50.270880,,49.268750,,46.975440,,40.414100,,38.345210,,39.545980,,39.843570,0.000379,42.926480,0.000421,47.179840,0.000000,32.2
1935-09-30,,50.270880,,49.268750,,46.975440,,40.414100,,38.345210,,39.545980,,39.843570,0.000387,42.943100,0.000404,47.198910,0.000000,32.2
1935-12-31,,50.270880,,49.268750,,46.975440,,40.414100,,38.345210,,39.545980,,39.843570,0.000552,42.966790,0.000450,47.220150,0.007299,32.5
1936-03-31,,50.270880,,49.268750,,46.975440,,40.414100,,38.345210,,39.545980,,39.843570,0.000462,42.986650,0.000422,47.240070,-0.007246,32.2
1936-06-30,,50.270880,,49.268750,,46.975440,,40.414100,,38.345210,,39.545980,,39.843570,0.000634,43.013920,0.000634,47.270040,0.007299,32.5
1936-09-30,,50.270880,,49.268750,,46.975440,,40.414100,,38.345210,,39.545980,,39.843570,0.000372,43.029910,0.000383,47.288170,0.014492,32.9
1936-12-31,,50.270880,,49.268750,,46.975440,,40.414100,,38.345210,,39.545980,,39.843570,0.000390,43.046710,0.000308,47.302720,0.000000,32.9
1937-03-31,,50.270880,,49.268750,,46.975440,,40.414100,,38.345210,,39.545980,,39.843570,0.000130,43.052310,0.000425,47.322840,0.014286,33.4
1937-06-30,,50.270880,,49.268750,,46.975440,,40.414100,,38.345210,,39.545980,,39.843570,0.001994,43.138150,0.001396,47.388910,0.014084,33.9
1937-09-30,,50.270880,,49.268750,,46.975440,,40.414100,,38.345210,,39.545980,,39.843570,0.001254,43.192250,0.000955,47.434160,0.013889,34.4
1937-12-31,,50.270880,,49.268750,,46.975440,,40.414100,,38.345210,,39.545980,,39.843570,0.001056,43.237890,0.000407,47.453460,-0.013699,33.9
1938-03-31,,50.270880,,49.268750,,46.975440,,40.414100,,38.345210,,39.545980,,39.843570,0.000383,43.254470,0.000107,47.458520,-0.020833,33.2
1938-06-30,,50.270880,,49.268750,,46.975440,,40.414100,,38.345210,,39.545980,,39.843570,0.000296,43.267260,0.000076,47.462140,0.000000,33.2
1938-09-30,,50.270880,,49.268750,,46.975440,,40.414100,,38.345210,,39.545980,,39.843570,0.000174,43.274780,0.000164,47.469880,0.000000,33.2
1938-12-31,,50.270880,,49.268750,,46.975440,,40.414100,,38.345210,,39.545980,,39.843570,-0.000417,43.256740,0.000061,47.472760,-0.007092,32.9
1939-03-31,,50.270880,,49.268750,,46.975440,,40.414100,,38.345210,,39.545980,,39.843570,-0.000052,43.254510,-0.000137,47.466260,-0.007143,32.7
1939-06-30,,50.270880,,49.268750,,46.975440,,40.414100,,38.345210,,39.545980,,39.843570,0.000066,43.257330,0.000094,47.470740,-0.007194,32.5
1939-09-30,,50.270880,,49.268750,,46.975440,,40.414100,,38.345210,,39.545980,,39.843570,0.000091,43.261270,0.000054,47.473310,0.021739,33.2
1939-12-30,,50.270880,,49.268750,,46.975440,,40.414100,,38.345210,,39.545980,,39.843570,0.000068,43.264230,0.000064,47.476340,-0.007092,32.9
1940-03-30,,50.270880,,49.268750,,46.975440,,40.414100,,38.345210,,39.545980,,39.843570,0.000104,43.268720,-0.000044,47.474240,-0.000000,32.9
1940-06-29,,50.270880,,49.268750,,46.975440,,40.414100,,38.345210,,39.545980,,39.843570,-0.000040,43.266980,-0.000259,47.461910,0.007143,33.2
1940-09-30,,50.270880,,49.268750,,46.975440,,40.414100,,38.345210,,39.545980,,39.843570,0.000085,43.270670,-0.000008,47.461520,-0.007092,32.9
1940-12-31,,50.270880,,49.268750,,46.975440,,40.414100,,38.345210,,39.545980,,39.843570,0.000043,43.272520,-0.000270,47.448710,0.007143,33.2
1941-03-31,,50.270880,,49.268750,,46.975440,,40.414100,,38.345210,-0.006247,39.298940,-0.006247,39.594670,-0.009467,42.862840,-0.000030,47.447310,0.007092,33.4
1941-06-30,,50.270880,,49.268750,,47.640420,0.025558,41.447000,0.025558,39.325230,0.004006,39.456330,0.004006,39.753250,0.000039,42.864510,0.000018,47.448170,0.035211,34.6
1941-09-30,,50.270880,,49.268750,0.011238,48.175850,0.006030,41.696960,0.006030,39.562400,0.000005,39.456530,0.000005,39.753450,0.002439,42.969090,0.000189,47.457120,0.027211,35.5
1941-12-31,,48.895070,,49.268750,-0.012006,47.597440,-0.011999,41.196640,-0.000239,39.552930,-0.004933,39.261920,-0.005543,39.533110,0.000204,42.977830,0.000245,47.468710,0.026491,36.5
1942-03-31,0.017355,49.743640,0.017355,50.123810,0.008914,48.021770,0.006988,41.484510,0.006988,39.829320,0.004993,39.457950,0.003409,39.667900,0.000941,43.018310,0.000397,47.487550,0.032257,37.6
1942-06-30,0.004870,49.985900,0.004870,50.367940,0.004430,48.234520,0.000099,41.488630,0.000099,39.833270,0.000292,39.469460,0.000602,39.691770,0.000942,43.058830,0.000478,47.510270,0.018750,38.4
1942-09-30,0.005851,50.278380,0.005851,50.662660,0.000016,48.235270,0.002311,41.584530,0.002311,39.925330,-0.000620,39.444980,0.000806,39.723760,0.000999,43.101850,0.000840,47.550190,0.012270,38.8
1942-12-31,0.003812,50.470060,0.003812,50.855800,0.008557,48.648000,0.005949,41.831910,0.005949,40.162840,0.004535,39.623890,0.002678,39.830150,0.001064,43.147730,0.000897,47.592880,0.024242,39.8
1943-03-31,0.003644,50.653950,0.003644,51.041100,0.007135,48.995150,0.007325,42.138330,0.007424,40.460980,0.005573,39.844710,0.003750,39.979480,0.000982,43.190130,0.000834,47.632570,0.017751,40.5
1943-06-30,0.011735,51.248400,0.011735,51.640110,0.012572,49.611090,0.011639,42.628750,0.011430,40.923460,0.005567,40.066520,0.002902,40.095510,0.001035,43.234860,0.000852,47.673150,0.017442,41.2
1943-09-30,0.003081,51.406300,0.003081,51.799200,0.002982,49.759020,0.003355,42.771780,0.003725,41.075920,0.000736,40.096030,0.000938,40.133120,0.001044,43.280010,0.000856,47.714010,-0.005714,40.9
1943-12-31,0.002237,51.521270,0.002237,51.915080,0.001929,49.854990,0.005384,43.002060,0.005247,41.291420,0.001885,40.171600,0.002423,40.230340,0.001004,43.323480,0.000848,47.754510,0.000000,40.9
1944-03-31,0.007408,51.902930,0.007408,52.299620,0.011371,50.421890,0.005354,43.232300,0.004559,41.479660,0.002642,40.277740,0.002013,40.311340,0.000987,43.366230,0.000820,47.793620,0.000000,40.9
1944-06-30,0.004903,52.157400,0.004903,52.556060,0.002333,50.539560,0.005784,43.482340,0.003927,41.642550,0.003408,40.415000,0.002354,40.406250,0.000991,43.409220,0.000826,47.833150,0.011494,41.4
1944-09-30,0.007747,52.561480,0.007747,52.963170,0.007797,50.933590,0.006590,43.768910,0.006417,41.909780,0.003480,40.555630,0.002396,40.503030,0.000987,43.452100,0.000776,47.870240,0.005682,41.6
1944-12-30,0.007800,52.971440,0.007800,53.376290,0.005088,51.192750,0.003949,43.941720,0.002934,42.032710,0.001573,40.619420,0.001646,40.569680,0.001005,43.495790,0.000789,47.908020,0.005650,41.9
1945-03-31,0.022516,54.164160,0.022516,54.578100,0.023309,52.385980,0.015013,44.601400,0.009470,42.430730,0.006221,40.872120,0.003741,40.721450,0.000991,43.538880,0.000736,47.943270,0.000000,41.9
1945-06-30,0.038988,56.275890,0.038988,56.706020,0.014662,53.154020,0.010753,45.081040,0.004524,42.622690,0.001519,40.934200,0.001969,40.801650,0.001002,43.582530,0.000774,47.980390,0.016854,42.6
1945-09-29,-0.000636,56.240100,-0.000636,56.669950,0.002798,53.302750,0.001164,45.133500,0.003470,42.770590,0.003696,41.085510,0.002130,40.888550,0.001005,43.626360,0.000828,48.020120,0.000000,42.6
1945-12-31,0.042982,58.657430,0.042982,59.105750,0.016045,54.157980,0.011672,45.660250,0.006357,43.042450,0.003351,41.223170,0.002284,40.981910,0.000991,43.669590,0.000868,48.061830,0.005525,42.8
1946-03-30,0.006733,59.052350,0.006733,59.503700,0.006478,54.508840,0.009211,46.080880,0.004890,43.252970,0.004665,41.415480,0.003041,41.106540,0.000910,43.709340,0.000851,48.102730,0.005494,43.1
1946-06-28,-0.007858,58.588350,-0.007858,59.036140,-0.002434,54.376180,-0.000853,46.041560,0.001902,43.335260,0.001631,41.483020,0.001594,41.172080,0.000933,43.750130,0.000872,48.144710,0.021858,44.0
1946-09-30,-0.016026,57.649390,-0.016026,58.089980,-0.004863,54.111710,-0.004379,45.839970,-0.001090,43.288020,0.000425,41.500660,0.001408,41.230010,0.000988,43.793370,0.000904,48.188210,0.090910,48.0
1946-12-31,0.016427,58.596400,0.016427,59.044220,0.008277,54.559580,0.006421,46.134310,0.005797,43.538950,0.004027,41.667780,0.002059,41.314920,0.000984,43.836490,0.000888,48.231060,0.053922,50.6
1947-03-31,0.003456,58.798890,0.003456,59.248290,0.006905,54.936320,0.008218,46.513440,0.005264,43.768140,0.003970,41.833200,0.003466,41.458120,0.000933,43.877390,0.000826,48.270900,0.018605,51.5
1947-06-30,0.000672,58.838400,0.000672,59.288100,0.001246,55.004810,0.002106,46.611400,0.000250,43.779070,0.000765,41.865230,0.002417,41.558320,0.000958,43.919440,0.000877,48.313240,0.004566,51.8
1947-09-30,0.010017,59.427780,0.010017,59.881980,0.007569,55.421110,0.004885,46.839090,0.003654,43.939080,0.004041,42.034410,0.001920,41.638090,0.001561,43.988000,0.000862,48.354910,0.045455,54.1
1947-12-31,-0.039884,57.057550,-0.039884,57.493680,-0.033067,53.588550,-0.012497,46.253770,-0.002086,43.847400,-0.001982,41.951090,0.002253,41.731920,0.002240,44.086520,0.002038,48.453470,0.017391,55.1
1948-03-31,0.010122,57.635120,0.010122,58.075640,0.013422,54.307790,0.006646,46.561160,0.005045,44.068650,0.004023,42.119870,0.002528,41.837390,0.002454,44.194720,0.002340,48.566820,0.000001,55.1
1948-06-30,0.010089,58.216600,0.010089,58.661550,0.008075,54.746350,0.007104,46.891910,0.006410,44.351100,0.002457,42.223360,0.002811,41.955000,0.002498,44.305120,0.002506,48.688530,0.029915,56.7
1948-09-30,-0.000593,58.182110,-0.000593,58.626760,0.000764,54.788160,-0.001691,46.812660,0.000319,44.365290,0.003134,42.355720,0.002056,42.041270,0.002826,44.430320,0.002597,48.814990,0.016597,57.6
1948-12-31,0.013990,58.996100,0.013990,59.446990,0.010605,55.369200,0.007408,47.159450,0.006167,44.638880,0.004058,42.527590,0.003606,42.192870,0.000789,44.465370,0.002312,48.927830,-0.016327,56.7
1949-03-31,0.020645,60.214010,0.020645,60.674220,0.020645,56.512250,0.006109,47.447530,0.006433,44.926050,0.002433,42.631080,0.003252,42.330090,0.002860,44.592520,0.002790,49.064330,-0.012447,56.0
1949-06-30,0.019853,61.409450,0.019853,61.878790,0.019853,57.634170,0.007651,47.810570,0.009834,45.367860,0.002945,42.756600,0.004344,42.514010,0.003010,44.726750,0.002903,49.206740,0.004202,56.2
1949-09-30,0.013332,62.228120,0.013332,62.703750,0.013332,58.402540,0.003885,47.996310,0.004460,45.570210,0.002585,42.867130,0.002861,42.635610,0.002761,44.850250,0.002667,49.337990,0.000000,56.2
1949-12-30,0.009194,62.800250,0.009194,63.280200,0.009194,58.939470,0.006357,48.301400,0.003167,45.714500,0.003792,43.029670,0.002851,42.757140,0.002729,44.972670,0.002655,49.469000,-0.012552,55.5
1950-03-31,-0.003206,62.598860,-0.003206,63.077310,-0.003206,58.750490,-0.001154,48.245660,0.000305,45.728460,-0.000797,42.995380,0.001282,42.811960,0.002771,45.097240,0.002822,49.608580,-0.000000,55.5
1950-06-30,0.003799,62.836700,0.003799,63.316950,0.003799,58.973670,-0.000361,48.228290,0.003041,45.867500,0.001540,43.061580,0.002961,42.938700,0.002898,45.227920,0.002898,49.752350,0.008474,56.0
1950-09-29,-0.000345,62.815030,-0.000345,63.295120,-0.000345,58.953380,0.001728,48.311620,0.001621,45.941850,-0.000013,43.061020,0.001982,43.023810,0.002853,45.356950,0.002980,49.900600,0.025210,57.4
1950-12-29,0.000333,62.835990,0.000333,63.316210,0.000333,58.973010,-0.002360,48.197610,0.003065,46.082650,0.002534,43.170170,0.002361,43.125410,0.003429,45.512460,0.003380,50.069280,0.024591,58.8
1951-03-30,-0.017363,61.744960,-0.017363,62.216880,-0.017363,57.949090,-0.009881,47.721370,-0.009881,45.627340,-0.006889,42.872750,-0.006889,42.828300,0.003266,45.661110,0.003384,50.238700,0.032000,60.7
1951-06-29,-0.019207,60.559070,-0.019207,61.021910,-0.019207,56.836050,0.006679,48.040120,0.006679,45.932070,0.006482,43.150640,0.006482,43.105890,0.003851,45.836930,0.003614,50.420300,0.003876,60.9
1951-09-28,0.015680,61.508590,0.015680,61.978710,0.015680,57.727220,0.003598,48.212970,0.003598,46.097340,0.004549,43.346900,0.004626,43.305300,0.004114,46.025510,0.003864,50.615080,0.007722,61.4
1951-12-31,-0.018620,60.363320,-0.018620,60.824640,-0.018620,56.652330,-0.001258,48.152310,0.003275,46.248310,0.002966,43.475470,0.003984,43.477830,0.004360,46.226170,0.003890,50.811970,0.015326,62.4
1952-03-31,0.015336,61.289010,0.015336,61.757450,0.015336,57.521140,0.012110,48.735440,0.008410,46.637240,0.010413,43.928190,0.008881,43.863910,0.004938,46.454420,0.003676,50.998820,-0.007547,61.9
1952-06-30,0.013964,62.144870,0.013964,62.619800,0.013964,58.324380,0.003654,48.913510,0.003776,46.813320,0.002322,44.030220,0.003348,44.010770,0.003973,46.639020,0.004025,51.204080,0.007604,62.4
1952-09-30,-0.021843,60.787450,-0.021843,61.252000,-0.021843,57.050400,-0.005068,48.665610,-0.004696,46.593490,0.002992,44.161950,0.004136,44.192860,0.005088,46.876290,0.004559,51.437500,0.007547,62.8
1952-12-31,0.004505,61.061280,0.004505,61.527950,0.004505,57.307410,0.001181,48.723080,0.011597,47.133850,0.004155,44.345440,0.006240,44.468580,0.004939,47.107790,0.004059,51.646300,0.000000,62.8
1953-03-31,-0.016270,60.067830,-0.016270,60.526910,-0.016270,56.374990,-0.016270,47.930350,-0.001626,47.057200,0.004860,44.560920,0.005307,44.704610,0.005376,47.361090,0.004922,51.900540,-0.003744,62.6
1953-06-30,-0.003414,59.862720,-0.003414,60.320280,-0.003414,56.182580,-0.003414,47.766720,-0.005947,46.777350,0.000626,44.588800,0.004137,44.889560,0.006082,47.649120,0.005165,52.168560,0.007518,63.1
1953-09-30,0.033203,61.850380,0.033203,62.323100,0.033203,58.047970,0.033203,49.352730,0.023595,47.881080,0.013370,45.184920,0.011455,45.403740,0.006333,47.950870,0.004559,52.406420,0.003731,63.3
1953-12-31,0.023117,63.280140,0.023117,63.763820,0.023117,59.389870,0.023205,50.497940,0.017054,48.697680,0.011943,45.724600,0.009484,45.834370,0.004241,48.154220,0.003038,52.565600,-0.000001,63.3
1954-03-31,0.039131,65.756380,0.039131,66.258930,0.042676,61.924390,0.017007,51.356780,0.017007,49.525860,0.017612,46.529880,0.014537,46.500640,0.003703,48.332550,0.002595,52.702030,0.000000,63.3
1954-06-30,0.017869,66.931410,0.017869,67.442960,0.005859,62.287220,0.008160,51.775880,0.003985,49.723260,0.008351,46.918460,0.005138,46.739580,0.002926,48.473950,0.001966,52.805650,0.000000,63.3
1954-09-30,0.008808,67.520940,0.008808,68.036990,0.005289,62.616660,0.000646,51.809300,0.000026,49.724570,-0.000578,46.891330,0.001188,46.795080,0.001708,48.556760,0.001969,52.909620,-0.003717,63.1
1954-12-31,0.004532,67.826990,0.004532,68.345370,-0.005519,62.271070,-0.003561,51.624810,-0.001216,49.664100,0.002538,47.010360,0.000336,46.810780,0.002896,48.697360,0.002068,53.019030,-0.003731,62.8
1955-03-31,-0.028081,65.922320,-0.028081,66.426150,-0.013874,61.407140,-0.006840,51.271710,-0.005967,49.367760,-0.005193,46.766250,-0.006168,46.522030,0.002461,48.817200,0.002576,53.155610,0.000000,62.8
1955-06-30,0.005621,66.292870,0.005621,66.799560,-0.003941,61.165120,-0.001791,51.179890,-0.003060,49.216680,0.003420,46.926210,0.004024,46.709260,0.004069,49.015840,0.003301,53.331020,0.000000,62.8
1955-09-30,0.005170,66.635620,0.005170,67.144890,0.000011,61.165830,0.004419,51.406010,0.001755,49.303040,0.003150,47.074030,0.002829,46.841420,0.003684,49.196430,0.004226,53.556430,0.007490,63.3
1955-12-30,0.010815,67.356250,0.010815,67.871060,0.002461,61.316380,0.002006,51.509140,0.000754,49.340230,0.003578,47.242460,0.000686,46.873530,0.005670,49.475370,0.005361,53.843510,-0.003717,63.1
1956-03-29,-0.006803,66.898030,-0.006803,67.409360,-0.003848,61.080430,-0.003010,51.354070,0.000693,49.374440,0.003929,47.428090,0.007646,47.231930,0.006750,49.809320,0.005670,54.148810,0.000000,63.1
1956-06-29,0.017079,68.040590,0.017079,68.560620,0.017982,62.178810,0.014961,52.122390,0.011380,49.936350,0.009032,47.856450,0.008237,47.621000,0.006560,50.136060,0.006065,54.477220,0.014924,64.0
1956-09-28,-0.038366,65.430120,-0.038366,65.930210,-0.026225,60.548150,-0.015895,51.293900,-0.010686,49.402740,-0.002183,47.752010,0.002471,47.738660,0.006170,50.445440,0.005189,54.759900,0.007353,64.5
1956-12-31,-0.035130,63.131580,-0.035130,63.614090,-0.037192,58.296240,-0.007738,50.896990,-0.004319,49.189340,0.004286,47.956700,0.003692,47.914930,0.008015,50.849760,0.007075,55.147340,0.007299,64.9
1957-03-29,0.038980,65.592440,0.038980,66.093790,0.047883,61.087610,0.024272,52.132370,0.024272,50.383260,0.014349,48.644840,0.010591,48.422410,0.008786,51.296540,0.007304,55.550060,0.007246,65.4
1957-06-27,-0.055690,61.939660,-0.055690,62.413070,-0.048045,58.152680,-0.042933,49.894160,-0.009602,49.899500,0.001897,48.737100,0.006154,48.720400,0.007544,51.683510,0.007701,55.977850,0.010791,66.1
1957-09-30,0.014547,62.840670,0.014547,63.320940,0.006723,58.543660,0.006723,50.229630,0.002063,50.002450,0.007576,49.106340,0.006706,49.047120,0.009652,52.182340,0.008060,56.428980,0.007117,66.6
1957-12-31,0.087201,68.320440,0.087201,68.842640,0.089208,63.766200,0.089208,54.710470,0.069665,53.485850,0.043266,51.230950,0.022795,50.165130,0.011020,52.757400,0.007862,56.872680,0.003534,66.8
1958-03-31,0.010726,69.053290,0.010726,69.581030,0.031863,65.797980,0.031863,56.453730,0.022663,54.698020,0.021332,52.323840,0.015608,50.948140,0.007409,53.148300,0.004370,57.121210,0.014084,67.8
1958-06-30,0.015097,70.095760,0.015097,70.631490,-0.010516,65.106030,0.011732,57.116030,0.004402,54.938820,0.010102,52.852370,0.006558,51.282230,0.003334,53.325520,0.002231,57.248720,0.003472,68.0
1958-09-30,-0.095720,63.386210,-0.087238,64.469740,-0.058044,61.327050,-0.056061,53.914070,-0.045935,52.415210,-0.026342,51.460160,-0.010186,50.759920,0.001365,53.398290,0.002806,57.409340,0.000000,68.0
1958-12-31,0.005343,63.724880,0.011387,65.203840,-0.016932,60.288650,-0.006725,53.551470,-0.002990,52.258460,0.014426,52.202510,0.011313,51.334140,0.008285,53.840720,0.004671,57.677510,0.000000,68.0
1959-03-31,-0.010850,63.033460,0.002740,65.382490,0.001384,60.372080,0.001106,53.610680,0.005624,52.552330,0.006493,52.541460,0.004528,51.566550,0.007295,54.233470,0.006098,58.029230,0.000000,68.0
1959-06-30,-0.010900,62.346400,-0.011186,64.651100,-0.022046,59.041130,-0.012531,52.938910,-0.012946,51.872010,0.001902,52.641390,0.005218,51.835610,0.007649,54.648310,0.006664,58.415920,0.006920,68.5
1959-09-30,-0.001186,62.272460,-0.003837,64.403030,-0.008972,58.511430,-0.005264,52.660220,0.009033,52.340550,-0.000711,52.603980,0.005013,52.095470,0.007863,55.078020,0.006984,58.823900,0.006873,68.9
1959-12-31,-0.026854,60.600140,-0.012954,63.568760,-0.016025,57.573800,0.004110,52.876640,0.004509,52.576610,0.011151,53.190570,0.015054,52.879710,0.012596,55.771770,0.008116,59.301300,0.003413,69.2
1960-03-31,0.075030,65.146990,0.060902,67.440250,0.077163,62.016360,0.054366,55.751330,0.052533,55.338570,0.032243,54.905600,0.023792,54.137850,0.014338,56.571410,0.009451,59.861700,0.000000,69.2
1960-06-30,0.032394,67.257370,0.015153,68.462130,0.020482,63.286580,0.025160,57.154060,0.018301,56.351350,0.010542,55.484430,0.016056,55.007080,0.010463,57.163290,0.006577,60.255430,0.006803,69.6
1960-09-30,0.016674,68.378760,0.037519,71.030810,0.037439,65.655970,0.028704,58.794630,0.028160,57.938220,0.026837,56.973500,0.007491,55.419180,0.006114,57.512810,0.004547,60.529410,0.000000,69.6
1960-12-30,0.014614,69.378040,0.014154,72.036140,0.003557,65.889490,0.015942,59.731920,0.016008,58.865680,0.012627,57.692880,0.009695,55.956440,0.006996,57.915140,0.005010,60.832680,0.006757,70.1
1961-03-30,0.011075,70.146380,0.008981,72.683090,0.002046,66.024260,0.005156,60.039910,0.006692,59.259640,0.004323,57.942260,0.005089,56.241200,0.006235,58.276300,0.005611,61.174040,0.000000,70.1
1961-06-30,-0.003167,69.924240,-0.006832,72.186510,-0.001420,65.930550,0.001593,60.135530,0.000653,59.298370,0.001697,58.040570,0.007458,56.660670,0.006708,58.667200,0.005538,61.512840,0.000000,70.1
1961-09-29,-0.013947,68.949030,0.000560,72.226960,0.009886,66.582380,0.010133,60.744900,0.012517,60.040580,0.009151,58.571710,0.011012,57.284580,0.006287,59.036060,0.004867,61.812220,0.006711,70.6
1961-12-29,-0.001483,68.846830,-0.000780,72.170640,-0.010663,65.872390,0.005252,61.063930,0.000918,60.095680,0.009865,59.149520,0.008274,57.758560,0.005742,59.375020,0.005402,62.146070,0.000000,70.6
1962-03-30,0.034968,71.254250,0.023450,73.863020,0.040407,68.534110,0.035986,63.261360,0.019899,61.291470,0.016298,60.113530,0.011108,58.400120,0.006999,59.790590,0.006357,62.541130,0.003333,70.8
1962-06-29,0.000053,71.258020,0.020602,75.384740,0.006812,69.000910,0.000055,63.264840,0.004561,61.571010,0.005912,60.468890,0.004903,58.686440,0.006786,60.196330,0.006525,62.949230,0.003322,71.1
1962-09-28,0.039319,74.059820,0.016484,76.627400,0.018973,70.310070,0.017005,64.340660,0.013990,62.432360,0.015861,61.427960,0.009480,59.242810,0.007901,60.671930,0.006995,63.389580,0.006622,71.5
1962-12-31,0.010030,74.802670,0.015260,77.796690,0.019217,71.661220,0.018423,65.526050,0.016110,63.438150,0.006041,61.799100,0.007870,59.709060,0.007410,61.121500,0.007090,63.838930,0.000000,71.5
1963-03-29,-0.001033,74.725410,0.007932,78.413780,0.003663,71.923670,0.002450,65.686570,0.001575,63.538040,0.009506,62.386550,0.007845,60.177500,0.007348,61.570620,0.007050,64.289050,0.003289,71.8
1963-06-28,0.005719,75.152760,-0.006818,77.879170,0.004907,72.276600,0.005302,66.034860,0.005812,63.907310,0.008422,62.912000,0.007578,60.633510,0.007536,62.034610,0.007391,64.764190,0.003279,72.0
1963-09-30,0.003005,75.378530,0.009897,78.649930,0.003674,72.542100,0.009591,66.668190,0.004029,64.164800,0.000968,62.972900,0.005721,60.980350,0.008319,62.550680,0.008044,65.285200,0.003268,72.2
1963-12-31,-0.018584,73.977680,-0.018670,77.181520,0.007553,73.089980,0.005894,67.061090,0.005721,64.531870,0.005968,63.348710,0.008000,61.468200,0.008975,63.112050,0.008663,65.850770,0.006515,72.7
1964-03-31,-0.007497,73.423090,0.000713,77.236560,0.004017,73.383580,-0.002496,66.893740,0.006138,64.927940,0.007122,63.799890,0.010602,62.119840,0.009338,63.701380,0.008826,66.431940,0.000000,72.7
1964-06-30,0.047053,76.877910,0.024373,79.119020,0.017677,74.680750,0.017960,68.095130,0.015313,65.922230,0.014508,64.725500,0.011740,62.849130,0.009266,64.291660,0.008635,67.005570,0.003236,72.9
1964-09-30,-0.002833,76.660080,0.009904,79.902640,0.008860,75.342450,0.009668,68.753480,0.009679,66.560300,0.008506,65.276100,0.009259,63.431010,0.009057,64.873960,0.008289,67.560940,0.003227,73.2
1964-12-31,0.009462,77.385490,0.005685,80.356840,0.010278,76.116840,0.003881,69.020330,0.006544,66.995860,0.008678,65.842550,0.009148,64.011250,0.009516,65.491300,0.008979,68.167560,0.003215,73.4
1965-03-31,0.013134,78.401870,0.014138,81.492930,0.010466,76.913400,0.012110,69.856170,0.010828,67.721270,0.008645,66.411740,0.009333,64.608670,0.009757,66.130320,0.009630,68.823950,0.003205,73.6
1965-06-30,0.014348,79.526830,0.011991,82.470130,0.011425,77.792170,0.011362,70.649910,0.010681,68.444580,0.012805,67.262140,0.011365,65.342940,0.010304,66.811730,0.009813,69.499320,0.009584,74.4
1965-09-30,-0.031014,77.060390,-0.021824,80.670290,-0.004952,77.406970,-0.001841,70.519900,0.003164,68.661120,0.003376,67.489210,0.007236,65.815810,0.009783,67.465340,0.009672,70.171510,0.000000,74.4
1965-12-31,0.011245,77.926960,-0.006599,80.137940,-0.014139,76.312540,-0.010795,69.758660,-0.014488,67.666330,0.001233,67.572410,0.007515,66.310390,0.010245,68.156470,0.009930,70.868360,0.006330,74.8
1966-03-31,-0.015369,76.729260,0.005115,80.547860,0.007007,76.847260,0.006868,70.237760,0.010459,68.374030,0.015880,68.645490,0.014624,67.280100,0.011731,68.956050,0.010946,71.644010,0.009434,75.5
1966-06-30,0.003119,76.968650,-0.020862,78.867500,-0.018463,75.428420,-0.004527,69.919790,-0.002525,68.201400,0.006310,69.078640,0.011749,68.070590,0.012064,69.787950,0.011396,72.460480,0.009346,76.2
1966-09-30,0.017268,78.297710,0.016826,80.194500,0.007423,75.988360,0.008570,70.518970,0.008237,68.763190,0.007294,69.582540,0.005481,68.443690,0.011547,70.593800,0.011903,73.322930,0.009259,76.9
1966-12-30,0.045842,81.887050,0.038902,83.314250,0.047760,79.617590,0.038551,73.237540,0.035273,71.188680,0.024426,71.282180,0.018193,69.688880,0.015720,71.703560,0.011999,74.202710,0.006116,77.4
1967-03-31,0.016857,83.267440,0.012501,84.355740,0.019340,81.157400,0.028990,75.360660,0.028468,73.215300,0.024995,73.063890,0.018869,71.003840,0.013142,72.645830,0.011406,75.049020,0.003040,77.6
1967-06-30,-0.052229,78.918450,-0.052850,79.897610,-0.046384,77.392980,-0.038120,72.487940,-0.026571,71.269930,-0.000881,72.999510,0.000574,71.044600,0.010166,73.384380,0.009172,75.737430,0.009090,78.4
1967-09-29,0.008396,79.581070,0.009828,80.682810,-0.004859,77.016890,0.011700,73.336030,0.012096,72.131970,0.004455,73.324730,0.011509,71.862230,0.010748,74.173120,0.009601,76.464480,0.009009,79.1
1967-12-29,-0.026706,77.455770,-0.029532,78.300020,-0.021267,75.379000,-0.007621,72.777140,-0.003074,71.910260,0.002448,73.504230,0.012054,72.728470,0.012563,75.104970,0.010668,77.280130,0.008928,79.8
1968-03-29,0.002420,77.643280,0.001650,78.429250,0.005185,75.769790,0.009228,73.448750,0.016597,73.103790,0.018174,74.840140,0.015279,73.839670,0.012942,76.076990,0.011806,78.192550,0.011800,80.7
1968-06-28,0.044822,81.123330,0.044766,81.940190,0.039574,78.768280,0.016069,74.629000,0.021498,74.675370,0.013191,75.827400,0.013528,74.838580,0.013920,77.135970,0.013431,79.242670,0.011661,81.6
1968-09-30,0.006541,81.653940,0.007034,82.516540,0.026368,80.845200,0.029850,76.856700,0.025061,76.546810,0.022096,77.502850,0.019381,76.289050,0.014369,78.244340,0.013529,80.314740,0.011527,82.6
1968-12-31,-0.062326,76.564820,-0.062451,77.363320,-0.044944,77.211700,-0.014300,75.757680,-0.018015,75.167760,-0.006790,76.976610,0.003972,76.592100,0.013148,79.273110,0.013157,81.371440,0.011396,83.5
1969-03-28,-0.038888,73.587380,-0.038105,74.415380,-0.008696,76.540280,0.001780,75.892550,0.017063,76.450330,0.019310,78.462980,0.017397,77.924590,0.016592,80.588370,0.014516,82.552620,0.016902,84.9
1969-06-30,0.035767,76.219410,0.034617,76.991390,-0.000289,76.518150,-0.004895,75.521020,-0.008770,75.779900,-0.003646,78.176950,0.005745,78.372270,0.015587,81.844520,0.015288,83.814730,0.013851,86.1
1969-09-30,-0.052770,72.197340,-0.058058,72.521490,-0.044214,73.134930,-0.032725,73.049580,-0.027364,73.706270,-0.000196,78.161640,0.016262,79.646790,0.017577,83.283080,0.017366,85.270270,0.013661,87.3
1969-12-31,-0.006878,71.700760,-0.002834,72.315990,-0.032599,70.750790,0.032070,75.392300,0.012545,74.630850,0.010138,78.954060,0.017860,81.069240,0.018264,84.804130,0.017176,86.734910,0.016172,88.7
1970-03-31,0.071895,76.855690,0.070577,77.419830,0.098374,77.710860,0.031707,77.782790,0.056532,78.849940,0.043470,82.386140,0.031778,83.645450,0.022387,86.702600,0.017592,88.260760,0.013263,89.9
1970-06-30,-0.023522,75.047900,-0.025319,75.459630,-0.036887,74.844320,-0.011802,76.864790,-0.005181,78.441410,0.008628,83.097020,0.013508,84.775330,0.019308,88.376660,0.016468,89.714200,0.015706,91.3
1970-09-30,0.042413,78.230900,0.044657,78.829460,0.041704,77.965610,0.050771,80.767250,0.041979,81.734300,0.036777,86.153090,0.023456,86.763810,0.017567,89.929170,0.015015,91.061170,0.010309,92.2
1970-12-31,0.029273,80.520940,0.033821,81.495540,0.078565,84.090970,0.079322,87.173900,0.070482,87.495090,0.038290,89.451900,0.030561,89.415360,0.016807,91.440600,0.013287,92.271140,0.015306,93.6
1971-03-31,0.086329,87.472240,0.082623,88.228910,0.105858,92.992670,0.061515,92.536360,0.061453,92.871970,0.039457,92.981420,0.026746,91.806850,0.012884,92.618720,0.010078,93.201110,0.005025,94.1
1971-06-30,-0.001728,87.321130,-0.002463,88.011630,-0.069609,86.519600,-0.067914,86.251890,-0.055151,87.749930,-0.023650,90.782390,-0.008716,91.006630,0.007764,93.337790,0.009466,94.083260,0.015000,95.5
1971-09-30,0.076465,93.998110,0.073733,94.500970,0.084717,93.849270,0.060715,91.488710,0.053826,92.473140,0.034227,93.889550,0.024145,93.204040,0.014224,94.665420,0.012399,95.249810,0.004926,96.0
1971-12-31,0.015790,95.482360,0.006395,95.105350,0.025375,96.230690,0.044890,95.595630,0.043253,96.472890,0.026115,96.341480,0.024654,95.501900,0.013660,95.958600,0.010550,96.254600,0.007353,96.7
1972-03-30,-0.001711,95.319030,0.002179,95.312620,-0.006583,95.597180,-0.003542,95.257080,-0.006149,95.879650,0.000360,96.376160,0.007607,96.228370,0.009190,96.840460,0.008121,97.036280,0.007299,97.4
1972-06-30,0.021375,97.356510,0.022727,97.478770,0.014350,96.969050,0.019082,97.074750,0.021611,97.951710,0.016076,97.925540,0.013125,97.491370,0.010127,97.821160,0.008729,97.883330,0.007246,98.1
1972-09-29,0.025357,99.825160,0.023555,99.774890,-0.000063,96.962940,0.013598,98.394710,0.009158,98.848720,0.007600,98.669750,0.008949,98.363860,0.010386,98.837110,0.009649,98.827770,0.009593,99.1
1972-12-29,0.001751,100.000000,0.002256,100.000000,0.031322,100.000000,0.016315,100.000000,0.011647,100.000000,0.013482,100.000000,0.016634,100.000000,0.011766,100.000000,0.011862,100.000000,0.009501,100.0
1973-03-30,-0.036094,96.390650,-0.037897,96.210250,-0.002614,99.738630,-0.006467,99.353250,-0.004561,99.543880,-0.003425,99.657450,0.003529,100.352900,0.012650,101.265000,0.013497,101.349700,0.018823,101.9
1973-06-29,-0.007445,95.673030,-0.007445,95.493980,0.002965,100.034400,0.015223,100.865800,0.013401,100.877900,0.015258,101.178000,0.011503,101.507200,0.015725,102.857400,0.015559,102.926600,0.020785,104.0
1973-09-28,0.029237,98.470260,0.029237,98.285940,0.027470,102.782300,0.032032,104.096700,0.025311,103.431300,0.022248,103.429000,0.022578,103.799000,0.022193,105.140200,0.020280,105.013900,0.022624,106.4
1973-12-31,-0.007912,97.691110,-0.007912,97.508280,0.012854,104.103400,0.015335,105.693000,0.010906,104.559300,0.019256,105.420600,0.019802,105.854500,0.019151,107.153700,0.019470,107.058700,0.022124,108.7
1974-03-29,-0.040769,93.708350,-0.029905,94.592310,-0.007130,103.361100,-0.027137,102.824900,-0.017802,102.698000,-0.000402,105.378200,0.006756,106.569600,0.017226,108.999500,0.017875,108.972300,0.034633,112.5
1974-06-28,0.002478,93.940550,-0.000538,94.541470,-0.011430,102.179800,0.004724,103.310600,-0.011406,101.526600,0.009819,106.412900,0.015401,108.210900,0.023730,111.586100,0.022239,111.395700,0.025104,115.3
1974-09-30,-0.014508,92.577700,-0.012997,93.312700,0.006532,102.847200,0.009064,104.247000,0.033014,104.878400,0.026317,109.213400,0.029503,111.403500,0.022817,114.132100,0.020835,113.716600,0.032653,119.1
1974-12-31,0.057334,97.885560,0.085656,101.305500,0.072322,110.285300,0.063522,110.868900,0.051610,110.291200,0.035200,113.057800,0.029078,114.642900,0.018770,116.274300,0.017502,115.707000,0.025692,122.1
1975-03-31,0.004288,98.305370,-0.010141,100.278100,0.015326,111.975500,0.016574,112.706400,0.012838,111.707200,0.024740,115.854800,0.025874,117.609100,0.018744,118.453800,0.013789,117.302600,0.015416,124.0
1975-06-30,0.036439,101.887500,0.038253,104.114100,-0.001648,111.791000,0.000151,112.723400,0.010236,112.850600,0.010087,117.023500,0.011952,119.014700,0.014034,120.116200,0.013552,118.892200,0.017078,126.1
1975-09-30,-0.025822,99.256490,-0.037889,100.169200,-0.035269,107.848200,-0.005831,112.066200,0.001399,113.008500,0.006418,117.774500,0.012361,120.485900,0.015897,122.025800,0.015278,120.708600,0.018657,128.5
1975-12-31,0.081978,107.393300,0.073030,107.484700,0.062637,114.603500,0.062169,119.033200,0.054724,119.192700,0.042528,122.783200,0.035176,124.724100,0.018279,124.256200,0.014363,122.442400,0.016484,130.6
1976-03-31,0.037067,111.374100,0.042229,112.023600,0.039064,119.080400,0.026640,122.204300,0.020948,121.689500,0.015813,124.724800,0.018201,126.994200,0.013954,125.990100,0.012247,123.942000,0.007207,131.5
1976-06-30,0.005928,112.034300,0.001340,112.173700,0.011629,120.465100,0.012711,123.757600,0.008014,122.664700,0.014938,126.588000,0.013626,128.724600,0.013100,127.640600,0.013066,125.561500,0.016101,133.6
1976-09-30,0.044862,117.060500,0.042033,116.888800,0.037077,124.931700,0.038802,128.559600,0.035123,126.973100,0.031039,130.517200,0.023574,131.759200,0.014479,129.488800,0.013116,127.208200,0.014085,135.5
1976-12-31,0.079845,126.407100,0.086756,127.029600,0.082568,135.247000,0.053914,135.490800,0.055170,133.978100,0.033484,134.887400,0.024244,134.953500,0.014055,131.308800,0.012160,128.755000,0.010416,136.9
1977-03-31,-0.032318,122.321900,-0.000096,127.017400,-0.021709,132.311000,-0.021402,132.591000,-0.011987,132.372100,0.003886,135.411500,0.010546,136.376800,0.011917,132.873500,0.010901,130.158600,0.022337,140.0
1977-06-30,0.038402,127.019300,0.023483,130.000100,0.007123,133.253500,0.023022,135.643600,0.031489,136.540300,0.015280,137.480600,0.015380,138.474300,0.012159,134.489100,0.011731,131.685400,0.020167,142.8
1977-09-30,0.007875,128.019600,-0.005022,129.347300,0.008622,134.402500,-0.000707,135.547700,0.000813,136.651300,0.003255,137.928100,0.007311,139.486700,0.012901,136.224200,0.013254,133.430700,0.011532,144.5
1977-12-30,-0.017221,125.815000,-0.009084,128.172400,-0.006184,133.571300,-0.002050,135.269700,-0.000469,136.587200,0.012093,139.596000,0.013526,141.373400,0.016101,138.417500,0.014673,135.388500,0.011400,146.1
1978-03-31,-0.009965,124.561200,-0.016400,126.070400,-0.003646,133.084300,0.001516,135.474800,0.005166,137.292800,0.009075,140.862900,0.015285,143.534200,0.016481,140.698700,0.015410,137.474900,0.020934,149.2
1978-06-30,-0.012055,123.059800,-0.033685,121.823700,-0.011453,131.560200,-0.002990,135.069700,-0.000362,137.243200,0.006219,141.739000,0.010146,144.990500,0.016871,143.072500,0.016488,139.741600,0.028391,153.4
1978-09-29,0.029325,126.668400,0.048913,127.782500,0.026071,134.990100,0.021926,138.031200,0.019598,139.932800,0.016095,144.020300,0.015383,147.220900,0.017208,145.534400,0.017203,142.145600,0.019939,156.5
1978-12-29,-0.011711,125.185000,-0.026325,124.418600,-0.016162,132.808400,-0.012151,136.354100,-0.010227,138.501800,-0.002373,143.678500,0.008352,148.450400,0.021111,148.606700,0.022071,145.282900,0.018046,159.3
1979-03-30,0.016868,127.296700,0.014001,126.160500,0.026146,136.280800,0.029796,140.416800,0.028549,142.455900,0.029448,147.909500,0.030873,153.033600,0.023878,152.155100,0.024328,148.817400,0.031019,164.2
1979-06-29,0.044940,133.017400,0.047312,132.129400,0.043003,142.141300,0.042611,146.400100,0.045202,148.895200,0.037605,153.471600,0.032070,157.941400,0.025705,156.066300,0.024709,152.494400,0.035817,170.1
1979-09-28,-0.019425,130.433500,-0.023733,128.993600,-0.016756,139.759500,-0.013377,144.441600,-0.009440,147.489600,0.001897,153.762700,0.007577,159.138100,0.022077,159.511800,0.023835,156.129000,0.031812,175.5
1979-12-31,-0.048559,124.099800,-0.050151,122.524500,-0.010189,138.335500,0.027198,148.370200,-0.007674,146.357700,0.004919,154.519100,0.018046,162.009900,0.030411,164.362700,0.030003,160.813300,0.028151,180.5
1980-03-31,-0.136173,107.200800,-0.145129,104.742600,-0.041908,132.538100,-0.076030,137.089600,-0.062953,137.144100,-0.027159,150.322500,-0.006027,161.033400,0.028047,168.972600,0.030941,165.789000,0.044329,188.5
1980-06-30,0.237083,132.616200,0.243379,130.234800,0.159115,153.626900,0.165429,159.768200,0.168053,160.191500,0.129495,169.788500,0.097737,176.772300,0.042495,176.153100,0.027293,170.313800,0.032459,194.6
1980-09-30,-0.111521,117.826700,-0.110647,115.824600,-0.075855,141.973500,-0.074006,147.944400,-0.062640,150.157000,-0.027598,165.102500,-0.004163,176.036400,0.018551,179.421000,0.020082,173.733900,0.015719,197.6
1980-12-31,0.021518,120.362100,0.020559,118.205800,0.013076,143.830000,0.005638,148.778500,0.011862,151.938100,0.014985,167.576600,0.021638,179.845600,0.031439,185.061800,0.032288,179.343400,0.027382,203.1
1981-03-31,-0.022093,117.702900,-0.019366,115.916700,-0.006133,142.947800,-0.015385,146.489600,0.006873,152.982300,0.024292,171.647300,0.034667,186.080200,0.040215,192.504000,0.034178,185.473100,0.025492,208.2
1981-06-30,-0.010402,116.478600,-0.010402,114.710900,-0.001752,142.697300,0.001953,146.775600,0.008598,154.297700,0.006832,172.819900,0.018366,189.497800,0.033443,198.942000,0.037001,192.335800,0.023729,213.2
1981-09-30,-0.089573,106.045200,-0.089573,104.435900,-0.058077,134.409900,-0.037746,141.235500,-0.039679,148.175300,0.006486,173.940800,0.024869,194.210500,0.041202,207.138900,0.037984,199.641500,0.028698,219.3
1981-12-31,0.145022,121.424100,0.145022,119.581400,0.126897,151.466200,0.112417,157.112700,0.092041,161.813600,0.085429,188.800500,0.068234,207.462300,0.040479,215.523800,0.031782,205.986500,0.008584,221.2
1982-03-31,0.042933,126.637300,0.042933,124.715500,0.027790,155.675400,0.036038,162.774800,0.024237,165.735400,0.029891,194.444000,0.031429,213.982500,0.029054,221.785600,0.027809,211.714800,0.005318,222.4
1982-06-30,0.016637,128.744200,0.016637,126.790400,0.021905,159.085500,0.029620,167.596100,0.024812,169.847600,0.029625,200.204400,0.034894,221.449300,0.035239,229.601000,0.031925,218.473900,0.026455,228.2
1982-09-30,0.198333,154.278400,0.198333,151.937100,0.164991,185.333200,0.152923,193.225400,0.133484,192.519600,0.087373,217.696800,0.071750,237.338400,0.040550,238.911200,0.023851,223.684600,0.009278,230.4
1982-12-31,0.099850,169.683000,0.099850,167.107900,0.128365,209.123500,0.086842,210.005500,0.078585,207.648700,0.060266,230.816600,0.039873,246.801800,0.021173,243.969700,0.019084,227.953600,-0.003065,229.6
1983-03-31,0.011811,171.687200,0.011811,169.081600,0.009627,211.136800,0.018917,213.978200,0.021706,212.155900,0.019538,235.326400,0.020356,251.825800,0.019758,248.790200,0.019501,232.398900,0.003073,230.4
1983-06-30,-0.001955,171.351500,-0.001955,168.751100,0.000152,211.168900,0.001856,214.375300,0.011698,214.637800,0.019115,239.824500,0.020010,256.864800,0.022551,254.400600,0.021312,237.351900,0.016343,234.1
1983-09-30,0.003115,171.885300,0.003115,169.276800,0.009353,213.144000,0.003171,215.055100,0.013111,217.452000,0.023370,245.429300,0.025949,263.530200,0.025145,260.797400,0.023040,242.820700,0.012060,236.9
1983-12-30,-0.000209,171.849500,-0.000209,169.241500,0.004646,214.134300,0.016037,218.503900,0.021674,222.165100,0.020990,250.580900,0.024028,269.862200,0.022772,266.736300,0.021828,248.120900,0.005958,238.4
1984-03-30,-0.009562,170.206200,-0.009562,167.623100,-0.016936,210.507800,-0.001578,218.159100,0.003587,222.962000,0.016072,254.608300,0.019168,275.034800,0.022916,272.849000,0.022863,253.793700,0.012833,241.4
1984-06-29,-0.048432,161.962700,-0.048432,159.504800,-0.041343,201.804800,-0.021132,213.548800,-0.016589,219.263200,0.005583,256.029800,0.018574,280.143200,0.026508,280.081500,0.023747,259.820700,0.010721,244.0
1984-09-28,0.136251,184.030300,0.136251,181.237400,0.109652,223.933200,0.088117,232.366100,0.076031,235.933900,0.051566,269.232300,0.039085,291.092500,0.027533,287.793000,0.025220,266.373400,0.012536,247.1
1984-12-31,0.081404,199.011100,0.081404,195.990900,0.082445,242.395300,0.072118,249.123900,0.081682,255.205600,0.063860,286.425500,0.048072,305.085800,0.029855,296.385000,0.024214,272.823200,0.002857,247.8
1985-03-29,0.017019,202.398100,0.015483,199.025300,0.022266,247.792500,0.021841,254.564900,0.019062,260.070400,0.019805,292.098000,0.019912,311.160500,0.020536,302.471700,0.018783,277.947800,0.010446,250.4
1985-06-28,0.134606,229.642100,0.132229,225.342200,0.104163,273.603200,0.093771,278.435800,0.084875,282.144000,0.056558,308.618600,0.042232,324.301300,0.023352,309.534900,0.019295,283.310600,0.011278,253.2
1985-09-30,0.011323,232.242200,0.013312,228.342100,0.020889,279.318500,0.027572,286.112800,0.023642,288.814600,0.023684,315.928000,0.021105,331.145600,0.019243,315.491300,0.018146,288.451400,0.006506,254.8
1985-12-31,0.152284,267.608900,0.132670,258.636300,0.103943,308.351800,0.089338,311.673700,0.070685,309.229400,0.038198,327.995900,0.026647,339.969700,0.019541,321.656500,0.018428,293.766800,0.009233,257.2
1986-03-31,0.220270,326.554900,0.227713,317.531100,0.130214,348.503600,0.096139,341.637700,0.068519,330.417500,0.037028,340.140800,0.027828,349.430300,0.019031,327.777800,0.016211,298.529000,-0.004575,256.0
1986-06-30,0.030886,336.640900,-0.013800,313.149300,0.022628,356.389500,0.009811,344.989600,0.017943,336.346100,0.021699,347.521400,0.022488,357.288200,0.017088,333.378900,0.015601,303.186600,0.006434,257.6
1986-09-30,-0.023508,328.727200,0.001341,313.569300,0.012045,360.682400,0.022716,352.826400,0.035351,348.236400,0.025609,356.421100,0.023854,365.810800,0.016064,338.734200,0.014477,307.575800,0.006392,259.3
1986-12-31,0.016564,334.172300,0.037516,325.333300,0.027544,370.617100,0.033632,364.692800,0.031494,359.203900,0.017068,362.504500,0.013480,370.742100,0.013680,343.367900,0.012955,311.560600,0.002722,260.0
1987-03-31,-0.018332,328.046200,0.010083,328.613500,-0.000409,370.465600,0.010341,368.464000,0.011199,363.226800,0.014535,367.773500,0.014315,376.049300,0.014934,348.495700,0.013532,315.776700,0.014479,263.8
1987-06-30,-0.053730,310.420400,-0.049879,312.222600,-0.037977,356.396400,-0.022477,360.182200,-0.015027,357.768400,0.004266,369.342300,0.013810,381.242700,0.015664,353.954400,0.013133,319.923600,0.012489,267.1
1987-09-30,-0.104112,278.101900,-0.081746,286.699800,-0.058530,335.536600,-0.032366,348.524500,-0.023941,349.203100,0.001427,369.869200,0.009658,384.924700,0.014697,359.156600,0.013684,324.301200,0.013216,270.6
1987-12-31,0.110265,308.766700,0.101764,315.875400,0.072188,359.758400,0.059783,369.360300,0.055512,368.588100,0.034842,382.756100,0.026830,395.252200,0.019517,366.166300,0.012443,328.336400,0.003478,271.5
1988-03-31,0.036944,320.173600,0.035301,327.026200,0.037666,373.309300,0.036343,382.783900,0.032022,380.391100,0.025434,392.491100,0.022950,404.323200,0.015230,371.742900,0.011773,332.202000,0.009532,274.1
1988-06-30,0.008890,323.019800,0.003971,328.324800,0.003232,374.515600,0.010884,386.950100,0.009237,383.904900,0.010394,396.570800,0.012844,409.516200,0.015129,377.367100,0.014530,337.028700,0.012875,277.6
1988-09-30,0.010531,326.421600,0.019933,334.869200,0.020278,382.110100,0.017450,393.702400,0.014437,389.447200,0.014287,402.236400,0.015782,415.979100,0.017257,383.879300,0.017260,342.845800,0.015254,281.9
1988-12-30,0.018226,332.370700,0.025393,343.372400,0.004234,383.728000,0.000364,393.845600,0.001209,389.917900,0.009232,405.949800,0.013831,421.732500,0.019299,391.287600,0.018232,349.096400,0.005844,283.5
1989-03-31,0.010277,335.786700,0.009566,346.657300,0.010374,387.708700,0.014660,399.619300,0.007193,392.722700,0.011167,410.483000,0.017494,429.110500,0.021193,399.580300,0.018198,355.449500,0.014938,287.8
1989-06-30,0.141330,383.243400,0.129500,391.549200,0.100317,426.602500,0.090817,435.911500,0.079706,424.024900,0.051501,431.623300,0.039403,446.018600,0.024215,409.256100,0.022124,363.313500,0.014717,292.0
1989-09-29,-0.004408,381.554000,-0.003902,390.021200,0.003570,428.125600,0.006396,438.699500,0.009246,427.945400,0.015954,438.509300,0.018103,454.092900,0.020777,417.759200,0.020246,370.669000,0.007252,294.1
1989-12-29,0.049281,400.357400,0.049732,409.417900,0.041608,445.939000,0.041013,456.691800,0.037206,443.867400,0.030084,451.701600,0.025834,465.824100,0.021223,426.625300,0.019223,377.794300,0.008801,296.7
1990-03-30,-0.051113,379.893800,-0.044353,391.259000,-0.028089,433.412800,-0.016606,449.108000,-0.009294,439.742000,0.006020,454.421000,0.016363,473.446600,0.019578,434.977900,0.018159,384.654400,0.020619,302.8
1990-06-29,0.043260,396.327900,0.043723,408.365800,0.032971,447.702900,0.033665,464.227300,0.033669,454.547800,0.028198,467.234900,0.027166,486.308000,0.021064,444.140200,0.019253,392.060400,0.009324,305.6
1990-09-28,-0.036085,382.026600,-0.023717,398.680500,-0.005174,445.386600,0.009938,468.840800,0.018183,462.812700,0.023583,478.253900,0.023220,497.600300,0.020535,453.260500,0.018960,399.494100,0.021555,312.2
1990-12-31,0.099014,419.852400,0.090041,434.577900,0.070046,476.584000,0.058227,496.140100,0.052214,486.977900,0.033800,494.418800,0.027561,511.314900,0.020656,462.623200,0.018309,406.808800,0.008290,314.8
1991-03-28,0.017541,427.217000,0.018016,442.407100,0.020850,486.521000,0.020248,506.185900,0.016692,495.106300,0.019653,504.135600,0.023355,523.256500,0.016655,470.328300,0.013858,412.446500,0.008969,317.6
1991-06-28,-0.002667,426.077700,0.003704,444.045900,0.007731,490.282100,0.011817,512.167500,0.014334,502.203300,0.020082,514.259400,0.018054,532.703500,0.015564,477.648700,0.014032,418.234100,0.007407,320.0
1991-09-30,0.087673,463.433000,0.087107,482.725400,0.071818,525.493200,0.066204,546.075100,0.060612,532.642700,0.034550,532.026900,0.026063,546.587100,0.015418,485.012900,0.014073,424.120100,0.008824,322.8
1991-12-31,0.063497,492.859500,0.067626,515.370300,0.069572,562.052800,0.065727,581.966900,0.056735,562.862200,0.038551,552.537100,0.026648,561.152400,0.014743,492.163400,0.012001,429.209800,0.005102,324.5
1992-03-31,-0.042794,471.768000,-0.036287,496.669100,-0.023320,548.945900,-0.026458,566.569500,-0.019952,551.631900,0.000079,552.580500,0.009237,566.335700,0.009842,497.007200,0.009292,433.198000,0.010153,327.8
1992-06-30,0.039037,490.184300,0.039070,516.074000,0.045826,574.101900,0.048454,594.021900,0.046762,577.427200,0.032013,570.270400,0.019741,577.515800,0.010923,502.436200,0.009291,437.222400,0.006461,329.9
1992-09-30,0.060900,520.036400,0.066670,550.480600,0.066570,612.319600,0.063588,631.794400,0.057864,610.839600,0.032359,588.723800,0.020542,589.379400,0.010188,507.555100,0.008092,440.760100,0.007846,332.5
1992-12-31,0.012424,526.497400,0.010626,556.330200,0.001022,612.945400,-0.007161,627.270300,-0.011252,603.966200,0.001694,589.721100,0.005882,592.845800,0.007653,511.439400,0.006918,443.809200,0.004247,333.9
1993-03-31,0.067719,562.151500,0.062656,591.187900,0.060835,650.233700,0.056620,662.786200,0.051365,634.989300,0.023307,603.465500,0.013823,601.040400,0.008014,515.538100,0.007099,446.959400,0.011980,337.9
1993-06-30,0.048769,589.567000,0.055849,624.204900,0.039523,675.932800,0.034627,685.736200,0.024740,650.698600,0.010260,609.657000,0.008697,606.267400,0.007698,519.507000,0.007314,450.228300,0.005572,339.8
1993-09-30,0.083500,638.796000,0.056972,659.766900,0.037846,701.514200,0.032313,707.894600,0.025666,667.399800,0.014234,618.335100,0.010629,612.711500,0.008275,523.805700,0.007306,453.517300,0.004848,341.4
1993-12-31,-0.025912,622.243600,-0.014188,650.406200,-0.009000,695.200900,0.001229,708.764700,-0.003082,665.342900,0.005378,621.660400,0.007534,617.327800,0.008105,528.051000,0.006966,456.676700,0.004824,343.1
1994-03-31,-0.077502,574.018600,-0.055918,614.036500,-0.052300,658.841900,-0.047529,675.077800,-0.027232,647.224300,-0.004924,618.599100,0.002919,619.129900,0.007708,532.121500,0.007109,459.923100,0.009601,346.4
1994-06-30,-0.042851,549.421200,-0.029791,595.744000,-0.016981,647.654200,-0.011420,667.368400,-0.011254,639.940600,-0.001466,617.692000,0.004819,622.113200,0.009919,537.399600,0.009006,464.065000,0.005435,348.2
1994-09-30,-0.014775,541.303300,-0.003264,593.799800,-0.001272,646.830800,0.004126,670.121900,0.005452,643.429400,0.008884,623.179500,0.010694,628.766300,0.011247,543.443700,0.010131,468.766600,0.009460,351.5
1994-12-30,0.012637,548.143800,0.016559,603.632800,0.005906,650.651300,-0.000124,670.038700,-0.003045,641.470100,-0.001381,622.318900,0.004630,631.677600,0.013240,550.638600,0.012009,474.395600,0.002008,352.2
1995-03-31,0.066543,584.619100,0.063633,642.043700,0.061205,690.474200,0.050366,703.785800,0.048175,672.372700,0.035215,644.234000,0.025688,647.904300,0.015176,558.995200,0.012323,480.241500,0.011356,356.2
1995-06-30,0.121519,655.661400,0.109214,712.163700,0.084974,749.146400,0.073252,755.339500,0.061915,714.002700,0.034741,666.615300,0.022827,662.693900,0.015333,567.566000,0.014589,487.247900,0.007266,358.8
1995-09-29,0.026338,672.930000,0.024099,729.325700,0.018473,762.985600,0.018686,769.453400,0.012034,722.594800,0.014876,676.532100,0.014344,672.199700,0.014303,575.683600,0.013529,493.839600,0.004590,360.5
1995-12-29,0.088027,732.165700,0.079077,786.998500,0.057043,806.508900,0.047466,805.976400,0.039601,751.210500,0.026584,694.516800,0.018646,684.733300,0.014767,584.184700,0.013767,500.638300,0.001958,361.2
1996-03-29,-0.082611,671.680600,-0.064250,736.434000,-0.032801,780.054700,-0.029142,782.488800,-0.015013,739.932700,0.002060,695.947600,0.009665,691.351300,0.012634,591.565500,0.012178,506.735000,0.014332,366.4
1996-06-28,-0.012895,663.019000,-0.002029,734.940100,-0.008643,773.313000,0.002184,784.197800,0.001951,741.376500,0.009555,702.597500,0.012808,700.206200,0.013130,599.332800,0.012614,513.126900,0.006423,368.7
1996-09-30,0.009234,669.141200,0.016754,747.253000,0.018081,787.295300,0.016509,797.144000,0.017116,754.066200,0.016904,714.474200,0.016043,711.439700,0.014193,607.838900,0.013050,519.823300,0.007020,371.3
1996-12-31,0.044662,699.026600,0.049521,784.257600,0.034593,814.530300,0.027672,819.203000,0.025086,772.982900,0.019334,728.288000,0.015450,722.431500,0.013123,615.815500,0.012644,526.395900,0.005070,373.2
1997-03-31,-0.045983,666.883500,-0.030786,760.113400,-0.021438,797.068500,-0.012109,809.283100,-0.008585,766.347000,0.005363,732.194200,0.010677,730.145000,0.012755,623.670100,0.012161,532.797300,0.008828,376.5
1997-06-30,0.057841,705.456700,0.055063,801.967900,0.048469,835.701300,0.038723,840.620900,0.032250,791.061700,0.022922,748.977200,0.018833,743.895800,0.013973,632.384900,0.012371,539.388300,0.001875,377.2
1997-09-30,0.063915,750.545900,0.058084,848.549700,0.042015,870.813500,0.038172,872.709200,0.030046,814.829900,0.020130,764.054100,0.016632,756.268100,0.013793,641.107300,0.012984,546.391500,0.005615,379.3
1997-12-31,0.077129,808.434900,0.067143,905.523900,0.041176,906.670100,0.033516,901.958800,0.023707,834.147300,0.017640,777.531700,0.014894,767.532100,0.013325,649.650300,0.012363,553.146800,0.000620,379.5
1998-03-31,0.011862,818.024800,0.015251,919.333900,0.015765,920.963700,0.016105,916.485200,0.015622,847.178600,0.015010,789.202400,0.014276,778.489300,0.013306,658.294700,0.012588,560.110000,0.005579,381.6
1998-06-30,0.058942,866.240800,0.045146,960.838000,0.027171,945.986900,0.025041,939.434900,0.018005,862.431600,0.015287,801.266900,0.014400,789.699800,0.013282,667.038400,0.012183,566.933900,0.004933,383.5
1998-09-30,0.106874,958.819800,0.078900,1036.648000,0.091994,1033.012000,0.080810,1015.351000,0.060403,914.524700,0.033625,828.209300,0.020810,806.133700,0.014049,676.409700,0.011806,573.627300,0.003681,384.9
1998-12-31,-0.012890,946.460200,-0.012479,1023.712000,-0.007380,1025.389000,-0.005396,1009.872000,-0.002933,911.842800,0.007046,834.044700,0.010605,814.682600,0.011368,684.099000,0.010401,579.593800,0.001834,385.6
1999-03-31,-0.070523,879.713300,-0.041154,981.582400,-0.032578,991.983300,-0.024851,984.775600,-0.010929,901.877300,0.004888,838.121400,0.010150,822.952000,0.010985,691.613500,0.010982,585.958800,0.006712,388.2
1999-06-30,-0.033436,850.299400,-0.024861,957.179100,-0.032882,959.364400,-0.012638,972.330000,-0.007779,894.861200,0.004627,841.999100,0.009560,830.819100,0.011580,699.622400,0.011388,592.631600,0.007273,391.1
1999-09-30,-0.012293,839.847000,-0.002707,954.587800,0.003252,962.483900,0.005022,977.213200,0.012044,905.638800,0.012761,852.743900,0.013816,842.297900,0.012932,708.670200,0.011281,599.317300,0.010229,395.1
1999-12-31,-0.040799,805.581900,-0.020467,935.050300,-0.024900,938.518200,-0.009890,967.548700,-0.006874,899.413300,0.003711,855.908000,0.008907,849.800400,0.012848,717.774800,0.011198,606.028300,0.002383,396.0
2000-03-31,0.091323,879.149800,0.084908,1014.444000,0.038547,974.695500,0.031551,998.075800,0.021228,918.506100,0.012044,866.216500,0.013670,861.416800,0.013454,727.431600,0.013072,613.950200,0.017231,402.8
2000-06-30,0.006143,884.550400,0.008705,1023.275000,0.013619,987.969500,0.018104,1016.145000,0.019120,936.068200,0.017905,881.725800,0.015725,874.962300,0.015532,738.730000,0.013178,622.041000,0.007010,405.6
2000-09-29,0.015871,898.589100,0.027294,1051.204000,0.019969,1007.698000,0.031760,1048.418000,0.030810,964.908300,0.022676,901.719700,0.016890,889.740500,0.014979,749.795400,0.014941,631.334800,0.007540,408.7
2000-12-29,0.075780,966.684200,0.075842,1130.930000,0.066293,1074.501000,0.058247,1109.485000,0.048482,1011.689000,0.029536,928.353100,0.021891,909.218100,0.016189,761.933500,0.015168,640.911000,0.001728,409.4
2001-03-30,-0.002680,964.093400,0.013726,1146.453000,0.018642,1094.532000,0.031857,1144.829000,0.033438,1045.518000,0.027825,954.184800,0.024328,931.337600,0.015623,773.837500,0.013274,649.418300,0.012644,414.6
2001-06-29,-0.030671,934.524100,-0.022343,1120.837000,-0.024009,1068.254000,-0.010798,1132.467000,-0.004026,1041.308000,0.010798,964.488000,0.013647,944.047400,0.011366,782.633100,0.009857,655.819700,0.010215,418.8
2001-09-28,0.063775,994.123500,0.068663,1197.797000,0.069691,1142.701000,0.069511,1211.186000,0.059299,1103.056000,0.038502,1001.622000,0.023213,965.961200,0.010852,791.126000,0.008750,661.558700,0.001685,419.5
2001-12-31,0.005174,999.266600,-0.017239,1177.148000,-0.021786,1117.806000,-0.014329,1193.831000,-0.007015,1095.318000,0.006955,1008.589000,0.011241,976.819300,0.006256,796.075100,0.005397,665.128800,-0.008973,415.8
2002-03-28,-0.034298,964.993600,-0.017255,1156.837000,-0.020713,1094.653000,-0.011217,1180.440000,-0.007983,1086.574000,-0.000526,1008.058000,0.001170,977.962200,0.004243,799.452900,0.004021,667.803900,0.011885,420.7
2002-06-28,0.057912,1020.878000,0.060742,1227.106000,0.060126,1160.470000,0.059490,1250.664000,0.051728,1142.781000,0.027652,1035.933000,0.015793,993.406800,0.004715,803.222600,0.004306,670.679300,0.006152,423.3
2002-09-30,0.144343,1168.235000,0.121616,1376.342000,0.111668,1290.057000,0.090820,1364.250000,0.076909,1230.671000,0.031011,1068.058000,0.010104,1003.445000,0.004636,806.946400,0.004329,673.582800,0.006114,425.9
2002-12-31,-0.004478,1163.003000,0.002539,1379.836000,-0.006461,1281.722000,0.005984,1372.414000,0.006978,1239.258000,0.008356,1076.983000,0.006707,1010.175000,0.004237,810.365400,0.003583,675.996700,-0.000553,425.6
2003-03-31,0.005725,1169.662000,0.014818,1400.283000,0.011977,1297.073000,0.011918,1388.770000,0.010443,1252.200000,0.007994,1085.592000,0.004272,1014.490000,0.003135,812.906100,0.002828,677.908300,0.018242,433.4
2003-06-30,0.051314,1229.682000,0.052808,1474.230000,0.032904,1339.752000,0.031168,1432.055000,0.024129,1282.415000,0.008456,1094.772000,0.004285,1018.837000,0.003331,815.613600,0.002829,679.825900,-0.002715,432.2
2003-09-30,-0.033739,1188.194000,-0.031447,1427.869000,-0.018612,1314.816000,-0.009144,1418.960000,-0.000923,1281.231000,0.002961,1098.014000,0.003439,1022.341000,0.002537,817.682900,0.002230,681.341900,0.008165,435.8
2003-12-31,-0.014606,1170.839000,-0.009952,1413.659000,-0.012729,1298.080000,-0.007511,1408.303000,-0.005371,1274.349000,0.000301,1098.345000,0.002605,1025.004000,0.002551,819.768900,0.002258,682.880400,-0.004860,433.6
2004-03-31,0.056350,1236.816000,0.054179,1490.250000,0.045467,1357.100000,0.038085,1461.938000,0.029554,1312.011000,0.011770,1111.273000,0.004241,1029.351000,0.002451,821.778200,0.002165,684.358600,0.016821,440.9
2004-06-30,-0.059372,1163.384000,-0.050688,1414.713000,-0.045882,1294.833000,-0.036875,1408.030000,-0.033214,1268.434000,-0.013752,1095.991000,-0.003481,1025.768000,0.002386,823.738800,0.002217,685.875500,0.012274,446.4
2004-09-30,0.070238,1245.097000,0.063964,1505.204000,0.047581,1356.443000,0.038401,1462.099000,0.028750,1304.901000,0.010161,1107.128000,0.005037,1030.935000,0.003485,826.609600,0.003223,688.086200,0.001055,446.8
2004-12-31,0.022185,1272.720000,0.016955,1530.726000,0.006592,1365.385000,0.002498,1465.752000,-0.000605,1304.112000,-0.000449,1106.631000,0.000988,1031.954000,0.004696,830.491400,0.004348,691.077900,0.002107,447.8
2005-03-31,0.021228,1299.736000,0.008950,1544.425000,-0.008384,1353.937000,-0.011134,1449.432000,-0.012970,1287.197000,-0.003501,1102.756000,0.001761,1033.771000,0.005699,835.224000,0.005435,694.833600,0.015765,454.8
2005-06-30,0.097252,1426.138000,0.087454,1679.492000,0.054399,1427.590000,0.044090,1513.337000,0.030349,1326.262000,0.012651,1116.708000,0.008769,1042.836000,0.007134,841.182400,0.006745,699.520600,0.006207,457.6
2005-09-30,-0.043100,1364.672000,-0.033184,1623.759000,-0.019247,1400.113000,-0.019460,1483.888000,-0.011690,1310.758000,-0.000434,1116.223000,0.004225,1047.241000,0.008354,848.209500,0.008173,705.237900,0.022108,467.8
2005-12-30,0.015951,1386.440000,0.014884,1647.927000,0.005457,1407.753000,0.005506,1492.059000,0.001312,1312.479000,0.006517,1123.497000,0.007775,1055.384000,0.009258,856.062400,0.008960,711.556300,-0.010061,463.1
2006-03-31,-0.058702,1305.053000,-0.042575,1577.766000,-0.024105,1373.818000,-0.017381,1466.125000,-0.010104,1299.218000,0.003270,1127.171000,0.006723,1062.479000,0.010441,865.000600,0.010488,719.019600,0.015244,470.1
2006-06-30,-0.033019,1261.961000,-0.015658,1553.062000,-0.006786,1364.495000,-0.003169,1461.479000,-0.002014,1296.602000,0.005786,1133.694000,0.008217,1071.210000,0.011520,874.965100,0.011770,727.482400,0.015516,477.4
2006-09-29,0.080922,1364.082000,0.069255,1660.619000,0.050125,1432.891000,0.042798,1524.027000,0.034856,1341.796000,0.020680,1157.139000,0.015496,1087.809000,0.013159,886.479000,0.012357,736.471700,0.000001,477.4
2006-12-29,0.004086,1369.656000,0.003622,1666.634000,0.004771,1439.727000,0.005694,1532.705000,0.005262,1348.857000,0.008648,1167.146000,0.010503,1099.235000,0.012383,897.456100,0.012406,745.608200,-0.005421,474.8
2007-03-30,0.002889,1373.612000,0.008680,1681.101000,0.014043,1459.945000,0.018154,1560.531000,0.017831,1372.908000,0.014738,1184.348000,0.013018,1113.544000,0.012635,908.795200,0.012473,754.908500,0.017602,483.2
2007-06-29,-0.030523,1331.685000,-0.021414,1645.102000,-0.014534,1438.727000,-0.009487,1545.726000,-0.005683,1365.105000,0.006024,1191.482000,0.010221,1124.926000,0.012872,920.492900,0.012363,764.241300,0.014609,490.2
2007-09-28,0.057024,1407.623000,0.049913,1727.215000,0.040965,1497.664000,0.047106,1618.538000,0.041009,1421.086000,0.027416,1224.148000,0.018887,1146.172000,0.013697,933.100900,0.011558,773.074500,0.000663,490.6
2007-12-31,0.071799,1508.689000,0.058864,1828.886000,0.054015,1578.561000,0.051330,1701.618000,0.045755,1486.108000,0.026894,1257.070000,0.016160,1164.694000,0.010719,943.103000,0.009558,780.463700,0.007415,494.2
2008-03-31,0.040126,1569.227000,0.038460,1899.225000,0.059771,1672.914000,0.071030,1822.484000,0.054042,1566.420000,0.033561,1299.258000,0.021471,1189.702000,0.009139,951.721700,0.005634,784.861000,0.016626,502.4
2008-06-30,-0.026826,1527.130000,-0.025300,1851.175000,-0.024511,1631.909000,-0.033727,1761.016000,-0.031839,1516.547000,-0.014700,1280.159000,-0.002766,1186.411000,0.003181,954.748800,0.003725,787.784900,0.024761,514.9
2008-09-30,0.046899,1598.750000,0.030880,1908.339000,0.021440,1666.897000,0.025850,1806.539000,0.025700,1555.522000,0.019912,1305.650000,0.010692,1199.096000,0.005689,960.180800,0.004258,791.139300,-0.000147,514.8
2008-12-31,0.334630,2133.741000,0.203752,2297.166000,0.114308,1857.436000,0.113594,2011.751000,0.080968,1681.470000,0.031545,1346.836000,0.016364,1218.718000,0.002296,962.385800,0.001049,791.969700,-0.039102,494.7
2009-03-31,-0.131935,1852.225000,-0.058608,2162.533000,-0.014902,1829.757000,-0.009508,1992.625000,-0.003427,1675.707000,0.000340,1347.294000,-0.001502,1216.887000,0.000593,962.956500,0.000329,792.230200,0.011801,500.5
2009-06-30,-0.121978,1626.295000,-0.079350,1990.935000,-0.048932,1740.223000,-0.048779,1895.427000,-0.036810,1614.024000,-0.002580,1343.818000,0.002838,1220.341000,0.000585,963.520000,0.000217,792.402200,0.014029,507.5
2009-09-30,0.058975,1722.207000,0.045325,2081.174000,0.029007,1790.701000,0.030146,1952.567000,0.022173,1649.812000,0.008793,1355.634000,0.003396,1224.484000,0.000687,964.182000,0.000314,792.650900,0.001279,508.2
2009-12-31,-0.082679,1579.816000,-0.050647,1975.769000,-0.023185,1749.185000,-0.015181,1922.925000,-0.005978,1639.950000,0.002671,1359.255000,0.000703,1225.345000,0.000365,964.534000,0.000106,792.735200,-0.000092,508.1
2010-03-31,-0.001467,1577.498000,0.012931,2001.318000,0.008514,1764.077000,0.017340,1956.268000,0.015302,1665.045000,0.009171,1371.721000,0.001900,1227.673000,0.000119,964.648800,0.000106,792.819300,0.007788,512.1
2010-06-30,0.156356,1824.150000,0.119104,2239.682000,0.077498,1900.788000,0.065486,2084.375000,0.043174,1736.931000,0.012339,1388.646000,0.001974,1230.097000,0.000376,965.011500,0.000350,793.096800,0.001535,512.9
2010-09-30,0.042529,1901.730000,0.054593,2361.952000,0.041687,1980.026000,0.036451,2160.352000,0.030262,1789.493000,0.005140,1395.783000,0.002229,1232.838000,0.000365,965.363800,0.000393,793.408600,0.002175,514.0
2010-12-31,-0.097362,1716.573000,-0.081764,2168.830000,-0.050812,1879.418000,-0.039860,2074.240000,-0.028164,1739.094000,-0.002453,1392.360000,-0.000303,1232.464000,0.000425,965.774100,0.000366,793.698700,0.003387,515.7
2011-03-31,-0.018265,1685.220000,-0.009218,2148.838000,-0.000908,1877.712000,-0.001932,2070.233000,-0.001643,1736.236000,-0.000797,1391.250000,0.001396,1234.185000,0.000437,966.196200,0.000255,793.900900,0.019563,525.8
2011-06-30,0.034425,1743.234000,0.037493,2229.404000,0.033683,1940.958000,0.038736,2150.425000,0.034204,1795.623000,0.010628,1406.037000,0.001892,1236.520000,0.000375,966.558600,0.000101,793.981400,0.010090,531.1
2011-09-30,0.309512,2282.786000,0.211037,2699.891000,0.111889,2158.129000,0.073419,2308.308000,0.044701,1875.888000,0.005163,1413.295000,-0.000222,1236.246000,0.000156,966.709300,0.000054,794.024300,0.005170,533.9
2011-12-30,0.017300,2322.277000,0.020142,2754.271000,0.015431,2191.431000,0.015124,2343.219000,0.009841,1894.350000,0.002013,1416.140000,0.000446,1236.797000,0.000022,966.730600,0.000018,794.038600,-0.005365,531.0
2012-03-30,-0.073781,2150.938000,-0.055858,2600.423000,-0.021280,2144.797000,-0.009014,2322.098000,-0.004918,1885.033000,-0.000714,1415.129000,-0.000470,1236.215000,0.000058,966.786700,0.000075,794.098100,0.016484,539.7
2012-06-29,0.127678,2425.564000,0.108979,2883.815000,0.053719,2260.013000,0.039666,2414.205000,0.019140,1921.112000,0.001971,1417.918000,0.000333,1236.627000,0.000306,967.082500,0.000116,794.190000,0.000376,539.9
2012-09-28,-0.004145,2415.509000,0.001399,2887.849000,0.006855,2275.504000,0.008250,2434.122000,0.009551,1939.460000,0.002391,1421.309000,0.001139,1238.035000,0.000334,967.405600,0.000149,794.308300,0.008405,544.5
2012-12-31,-0.016702,2375.165000,-0.009248,2861.141000,-0.002410,2270.020000,-0.003191,2426.354000,0.000357,1940.152000,0.000884,1422.565000,0.000724,1238.932000,0.000380,967.773300,0.000225,794.487300,-0.007804,540.2
2013-03-28,-0.025367,2314.913000,-0.022341,2797.219000,0.000277,2270.649000,0.004557,2437.412000,0.002738,1945.464000,0.001290,1424.401000,0.000965,1240.127000,0.000179,967.946500,0.000117,794.580000,0.013815,547.7
2013-06-28,-0.064196,2166.304000,-0.054892,2643.676000,-0.043673,2171.484000,-0.038220,2344.255000,-0.025329,1896.186000,-0.000918,1423.094000,0.000602,1240.874000,0.000311,968.247500,0.000062,794.629600,0.003140,549.4
2013-09-30,-0.030863,2099.444000,-0.018841,2593.866000,0.000275,2172.082000,0.006981,2360.619000,0.008367,1912.053000,0.002884,1427.198000,0.001523,1242.763000,0.000160,968.402500,0.000026,794.650200,0.002762,550.9
2013-12-31,-0.040779,2013.831000,-0.031870,2511.198000,-0.027048,2113.332000,-0.019243,2315.193000,-0.009234,1894.397000,0.000377,1427.736000,0.000293,1243.127000,0.000167,968.564200,0.000072,794.707600,-0.004697,548.4
2014-03-31,0.086598,2188.225000,0.069539,2685.825000,0.036126,2189.678000,0.017198,2355.010000,0.008722,1910.920000,0.002162,1430.822000,0.000948,1244.306000,0.000222,968.779200,0.000085,794.775500,0.013920,556.0
2014-06-30,0.047635,2292.460000,0.039891,2792.964000,0.025191,2244.837000,0.019310,2400.484000,0.013131,1936.012000,0.002661,1434.629000,0.000678,1245.150000,0.000124,968.899400,0.000043,794.809700,0.008676,560.8
2014-09-30,0.040153,2384.509000,0.030076,2876.966000,0.007790,2262.325000,0.002801,2407.207000,0.000652,1937.274000,0.000881,1435.893000,0.001095,1246.514000,0.000116,969.011700,0.000020,794.825500,-0.001309,560.1
2014-12-31,0.097399,2616.757000,0.087720,3129.332000,0.028963,2327.849000,0.022431,2461.202000,0.014765,1965.878000,0.001260,1437.702000,-0.000312,1246.124000,0.000036,969.046700,0.000016,794.838600,-0.013523,552.5
2015-03-31,0.052271,2753.538000,0.030279,3224.086000,0.024583,2385.075000,0.023302,2518.553000,0.019033,2003.294000,0.005235,1445.228000,0.001569,1248.080000,0.000091,969.134800,-0.000016,794.825900,0.005566,555.6
2015-06-30,-0.109301,2452.574000,-0.072059,2991.762000,-0.029896,2313.771000,-0.018666,2471.541000,-0.007541,1988.187000,0.001881,1447.947000,0.000810,1249.091000,0.000147,969.277300,0.000028,794.848200,0.010668,561.5
2015-09-30,0.060708,2601.465000,0.057191,3162.863000,0.032001,2387.815000,0.029317,2544.000000,0.019718,2027.390000,0.003815,1453.470000,0.001348,1250.775000,0.000164,969.436300,-0.000016,794.835100,-0.002904,559.9
2015-12-31,-0.026188,2533.339000,-0.017275,3108.224000,-0.014718,2352.670000,-0.016364,2502.370000,-0.012060,2002.941000,-0.004645,1446.719000,-0.002149,1248.086000,0.000209,969.638800,0.000096,794.911700,-0.005968,556.5
2016-03-31,0.091806,2765.915000,0.080643,3358.882000,0.045446,2459.591000,0.042272,2608.150000,0.033047,2069.131000,0.009404,1460.323000,0.004291,1253.442000,0.000758,970.373900,0.000432,795.254800,0.006794,560.3
2016-06-30,0.076874,2978.541000,0.058038,3553.824000,0.029989,2533.352000,0.022026,2665.597000,0.015120,2100.417000,0.005059,1467.711000,0.003261,1257.529000,0.000846,971.195100,0.000354,795.536000,0.012119,567.1
2016-09-30,-0.000691,2976.482000,-0.016623,3494.749000,-0.006016,2518.112000,-0.005161,2651.839000,-0.004297,2091.392000,-0.001637,1465.309000,0.000035,1257.572000,0.001092,972.256000,0.000555,795.977600,0.001701,568.1
2016-12-30,-0.143521,2549.295000,-0.098297,3151.226000,-0.059124,2369.230000,-0.046755,2527.851000,-0.029913,2028.832000,-0.004751,1458.347000,0.000077,1257.670000,0.000842,973.074900,0.000543,796.409900,0.000017,568.1
2017-03-31,0.017386,2593.618000,0.014448,3196.757000,0.012053,2397.788000,0.009195,2551.094000,0.006928,2042.889000,0.002921,1462.606000,0.001617,1259.703000,0.001212,974.254700,0.001075,797.266000,0.009813,573.6
2017-06-30,0.046417,2714.005000,0.028579,3288.115000,0.017674,2440.166000,0.011120,2579.462000,0.008075,2059.385000,0.001661,1465.035000,0.001545,1261.649000,0.002079,976.280500,0.001769,798.676400,0.004734,576.4
2017-09-29,-0.002105,2708.291000,0.003922,3301.012000,-0.000329,2439.364000,0.004178,2590.238000,0.003609,2066.817000,0.001747,1467.595000,0.002879,1265.281000,0.002699,978.916000,0.002495,800.669500,0.007609,580.8
2017-12-29,0.031142,2792.631000,0.015337,3351.638000,-0.001523,2435.648000,-0.004053,2579.741000,-0.006103,2054.203000,-0.002762,1463.541000,-0.000291,1264.913000,0.002835,981.690900,0.002552,802.712700,-0.001196,580.1
2018-03-29,-0.039964,2681.026000,-0.028950,3254.609000,-0.023974,2377.256000,-0.016501,2537.174000,-0.009810,2034.050000,-0.001882,1460.787000,0.002425,1267.980000,0.003464,985.091400,0.002457,804.684900,0.012291,587.2
2018-06-29,0.004519,2693.142000,-0.001069,3251.131000,-0.003786,2368.255000,-0.001631,2533.036000,-0.000643,2032.742000,0.001851,1463.491000,0.004408,1273.569000,0.004499,989.523000,0.004248,808.103400,0.009758,592.9
2018-09-28,-0.033086,2604.037000,-0.022768,3177.110000,-0.009975,2344.632000,-0.005438,2519.261000,-0.002241,2028.187000,0.001723,1466.013000,0.004274,1279.012000,0.004898,994.369700,0.004630,811.845300,0.001786,594.0
2018-12-31,0.044516,2719.958000,0.049286,3333.697000,0.039366,2436.931000,0.035219,2607.987000,0.028331,2085.648000,0.014302,1486.980000,0.007899,1289.115000,0.005777,1000.114000,0.005626,816.412400,-0.004777,591.1
2019-03-29,0.049688,2855.108000,0.043867,3479.935000,0.032338,2515.736000,0.024435,2671.712000,0.019753,2126.846000,0.010163,1502.092000,0.008326,1299.849000,0.005665,1005.780000,0.005675,821.045000,0.011818,598.1
2019-06-28,0.065926,3043.333000,0.052426,3662.375000,0.037822,2610.887000,0.034872,2764.880000,0.028835,2188.174000,0.014556,1523.956000,0.009437,1312.115000,0.006417,1012.233000,0.005973,825.948600,0.007636,602.7
2019-09-30,0.095085,3332.708000,0.061688,3888.299000,0.029457,2687.797000,0.019371,2818.438000,0.015041,2221.086000,0.006352,1533.637000,0.005326,1319.103000,0.005743,1018.047000,0.005488,830.481500,0.002404,604.1
2019-12-31,-0.053375,3154.825000,-0.039017,3736.589000,-0.019347,2635.797000,-0.009514,2791.623000,-0.001915,2216.832000,0.004512,1540.557000,0.005452,1326.295000,0.004596,1022.725000,0.004165,833.940000,0.000837,604.6
2020-03-31,0.270715,4008.884000,0.193366,4459.117000,0.112754,2932.995000,0.092476,3049.780000,0.065975,2363.087000,0.029371,1585.805000,0.016925,1348.742000,0.005899,1028.758000,0.003644,836.979400,0.004441,607.3
2020-06-30,-0.013836,3953.417000,-0.003608,4443.027000,0.006131,2950.976000,0.005712,3067.200000,0.006925,2379.452000,0.002377,1589.574000,0.000281,1349.121000,0.000300,1029.067000,0.000173,837.124600,-0.001232,606.6
2020-09-30,-0.008994,3917.861000,-0.002588,4431.528000,0.000478,2952.387000,0.003431,3077.725000,0.002415,2385.199000,0.000648,1590.604000,0.000938,1350.386000,0.000498,1029.579000,0.000251,837.334600,0.009631,612.4
2020-12-31,-0.044000,3745.474000,-0.028756,4304.092000,-0.018262,2898.470000,-0.007537,3054.528000,-0.002025,2380.369000,0.000929,1592.081000,0.000731,1351.374000,0.000217,1029.803000,0.000199,837.501500,0.000745,612.9
2021-03-31,-0.156160,3160.581000,-0.113907,3813.826000,-0.064117,2712.630000,-0.044347,2919.069000,-0.023372,2324.735000,-0.000480,1591.317000,0.000322,1351.809000,0.000280,1030.091000,0.000118,837.600000,0.016903,623.2
2021-06-30,0.076526,3402.447000,0.050620,4006.884000,0.029633,2793.012000,0.017328,2969.651000,0.007376,2341.883000,-0.000639,1590.300000,0.000126,1351.979000,0.000126,1030.221000,0.000023,837.619600,0.025744,639.3
2021-09-30,0.015380,3454.778000,0.010380,4048.475000,0.003161,2801.840000,0.001190,2973.187000,0.000049,2341.999000,0.000768,1591.522000,0.000475,1352.621000,0.000139,1030.364000,0.000113,837.714400,0.009622,645.4
2021-12-31,0.035821,3578.531000,0.009161,4085.562000,0.002712,2809.439000,-0.004788,2958.952000,-0.009351,2320.099000,-0.006139,1581.752000,-0.002526,1349.204000,0.000120,1030.488000,0.000148,837.838500,0.016376,656.0
2022-03-31,-0.112011,3177.696000,-0.099308,3679.831000,-0.067870,2618.762000,-0.058726,2785.185000,-0.051526,2200.553000,-0.026802,1539.357000,-0.009447,1336.458000,0.000369,1030.868000,0.000132,837.949300,0.031212,676.5
2022-06-30,-0.139190,2735.391000,-0.112241,3266.802000,-0.051446,2484.037000,-0.033735,2691.226000,-0.021337,2153.599000,-0.003322,1534.244000,-0.004385,1330.598000,0.001083,1031.985000,0.000911,838.712700,0.030634,697.2
2022-09-30,-0.101773,2457.004000,-0.084358,2991.222000,-0.060534,2333.670000,-0.048905,2559.611000,-0.040543,2066.285000,-0.016645,1508.707000,-0.004936,1324.030000,0.004046,1036.160000,0.004649,842.611900,0.001678,698.4
2022-12-30,-0.029019,2385.704000,0.000717,2993.368000,0.006176,2348.083000,0.013231,2593.478000,0.013653,2094.496000,0.009147,1522.507000,0.007423,1333.859000,0.008275,1044.734000,0.008586,849.846700,-0.000037,698.3
2023-03-31,0.067912,2547.722000,0.059306,3170.893000,0.042767,2448.503000,0.034128,2681.987000,0.029957,2157.240000,0.017448,1549.071000,0.012720,1350.826000,0.011064,1056.294000,0.010631,858.881600,0.016978,710.2
2023-06-30,-0.029283,2473.118000,-0.027300,3084.329000,-0.022296,2393.911000,-0.022457,2621.757000,-0.017914,2118.596000,-0.009302,1534.662000,0.003407,1355.428000,0.011933,1068.898000,0.011423,868.692900,0.010843,717.9
2023-09-29,-0.124379,2165.516000,-0.096060,2788.050000,-0.048718,2277.284000,-0.029655,2544.010000,-0.012805,2091.467000,0.006736,1544.999000,0.011999,1371.692000,0.011966,1081.689000,0.013253,880.205900,0.008784,724.2
2023-12-29,0.126552,2439.566000,0.107530,3087.850000,0.067224,2430.371000,0.055674,2685.644000,0.047409,2190.622000,0.025551,1584.475000,0.019206,1398.038000,0.013657,1096.461000,0.013465,892.057900,-0.003388,721.8
2024-03-28,-0.040914,2339.754000,-0.026131,3007.162000,-0.016383,2390.554000,-0.014760,2646.003000,-0.006900,2175.506000,0.002146,1587.876000,0.007759,1408.885000,0.013044,1110.764000,0.013167,903.803800,0.018211,734.9
2024-06-28,-0.023592,2284.554000,-0.018120,2952.674000,-0.004645,2379.449000,-0.001042,2643.245000,0.003502,2183.125000,0.008353,1601.139000,0.011000,1424.383000,0.013536,1125.798000,0.013464,915.972200,0.005901,739.2
2024-09-30,0.084607,2477.843000,0.078831,3185.438000,0.059990,2522.193000,0.057678,2795.704000,0.047941,2287.786000,0.032145,1652.608000,0.022007,1455.729000,0.014198,1141.782000,0.013812,928.623600,0.003584,741.9
2024-12-31,-0.094580,2243.488000,-0.079826,2931.156000,-0.051607,2392.029000,-0.040356,2682.879000,-0.025026,2230.533000,-0.001721,1649.763000,0.007522,1466.680000,0.011852,1155.314000,0.011569,939.367100,0.000964,742.6
