date,state,crisis,p_crisis,p_state0,p_state1,p_state2,p_state3,p_state4,p_state5
1976-03-01,1,0,7.123742413829729e-46,8.862332212745033e-127,1.0,2.223655220505948e-87,4.8128980358720575e-104,6.871001057517199e-42,7.123742413829729e-46
1976-04-01,1,0,0.0008682166305031224,3.6665505502342024e-37,0.9969176827425906,1.457911727667369e-05,5.272892255928245e-22,0.0021995215096296673,0.0008682166305031224
1976-05-01,1,0,0.4052466151830333,0.0010542561856439422,0.5561047370729971,0.021024644560462234,9.381359673114865e-10,0.016569746059725787,0.4052466151830333
1976-06-01,1,0,0.022241509785033874,7.922377797005058e-07,0.974993094882524,0.00010574637098487754,1.3012582909409816e-06,0.0026575554653893276,0.022241509785033874
1976-07-01,1,0,0.0014861874435120393,5.611685434446303e-07,0.9849324636032183,6.654896568188694e-05,1.4586442194799644e-09,0.013514237360402345,0.0014861874435120393
1976-08-01,1,0,0.00023962305183465683,1.8458480731773452e-07,0.9962757915054332,2.88916241944902e-06,1.2506141562465777e-07,0.003481386634086489,0.00023962305183465683
1976-09-01,1,0,0.00018378678301715003,2.605559655042916e-08,0.9986271872663511,1.078730127974639e-06,8.97397274472854e-08,0.001187831425182163,0.00018378678301715003
1976-10-01,1,0,0.00038790588419378364,4.643065042960409e-08,0.9960178838237923,1.2896080593206325e-05,4.853105432961527e-10,0.003581267295457605,0.00038790588419378364
1976-11-01,1,0,0.0005317044189033934,2.7155170388097864e-07,0.9917388007546222,0.00015168635116570735,1.2327918052164582e-13,0.007577536923479521,0.0005317044189033934
1976-12-01,1,0,0.0019258294335253426,1.3809874107675282e-07,0.9956102695762983,1.3116187007953154e-05,1.0781420824075874e-05,0.002439865283599786,0.0019258294335253426
1977-01-01,1,0,0.003253544087095199,7.831262732641204e-06,0.9694016783566659,6.432935655503066e-06,1.3275480972435692e-13,0.027330513357715785,0.003253544087095199
1977-02-01,1,0,0.0005874482284675015,3.3823073622871695e-07,0.9964536768570722,2.9402143241329767e-06,2.4893469293221333e-06,0.002953107122473573,0.0005874482284675015
1977-03-01,1,0,0.0002540463619796757,2.70716164543643e-08,0.9983743614519115,2.3435672436132114e-06,1.4131941851096045e-07,0.0013690802278337123,0.0002540463619796757
1977-04-01,1,0,0.0003693045719275962,1.2925606103280608e-08,0.9984788057665911,1.0804713481499506e-06,7.251126517130545e-08,0.001150723753257194,0.0003693045719275962
1977-05-01,1,0,0.0004949638899848828,4.3555154871332825e-08,0.9976102168508977,9.277534189568267e-07,4.8362336225167716e-08,0.001893799588212197,0.0004949638899848828
1977-06-01,1,0,0.000796349210022818,1.0291507163322595e-08,0.9983679314924816,3.028398642683025e-06,2.7462185867516248e-06,0.0008299343887562476,0.000796349210022818
1977-07-01,1,0,0.0004429907385650701,1.348788565273858e-07,0.9942732088277966,5.366592201498174e-07,3.3790909288204494e-11,0.005283128861769904,0.0004429907385650701
1977-08-01,1,0,0.0005812293115044188,3.710080521719767e-07,0.9943526901134618,1.7597335548570735e-06,3.899229571517796e-08,0.005063910841126846,0.0005812293115044188
1977-09-01,1,0,0.00024695960605272655,2.0138141897859646e-07,0.996227979825099,4.304958840036158e-07,3.840101563883552e-09,0.0035244248514465287,0.00024695960605272655
1977-10-01,1,0,0.0012454778833936014,7.214205197454372e-06,0.9225764891594038,8.441821527990019e-06,4.912222787342866e-12,0.07616237692556685,0.0012454778833936014
1977-11-01,1,0,0.00018575985017242727,7.27040311997583e-07,0.9891603715735684,2.3414684325344467e-06,4.028928291816694e-08,0.01065075977823527,0.00018575985017242727
1977-12-01,1,0,0.00028902275104189236,5.138009326323811e-07,0.9951460407376176,1.6766293206525595e-06,8.20349964001852e-09,0.004562737877588105,0.00028902275104189236
1978-01-01,4,0,0.01067817597595636,0.00010251144018026135,0.5881338527021495,0.0003305300903152796,1.421578331780508e-11,0.4007549297771703,0.01067817597595636
1978-02-01,4,0,0.0003140536665944779,1.418589914503467e-05,0.8831118100283818,9.427944178638753e-07,1.1250361525846601e-06,0.11655788257531197,0.0003140536665944779
1978-03-01,4,0,0.00015828924580497432,3.1610228388438586e-06,0.964999561939481,9.77077513509261e-07,9.223483008621167e-09,0.03483800149087686,0.00015828924580497432
1978-04-01,4,0,0.0275505845303144,0.0001418274946193543,0.8876237356095021,0.0003301295206943793,9.916248803234624e-08,0.08435362368239466,0.0275505845303144
1978-05-01,4,0,0.0006955953462111817,8.363862141692953e-06,0.9540089735551732,1.27148401436488e-06,1.6176005485402115e-07,0.04528563399239861,0.0006955953462111817
1978-06-01,4,0,0.000791946055646991,7.262207010712465e-05,0.758858065877005,5.518860525382556e-06,1.6125718104942634e-11,0.24027184712059885,0.000791946055646991
1978-07-01,4,0,0.0008018097009911944,3.4738011590715656e-05,0.8700079144314687,1.3020100720620655e-05,2.7029068429724628e-08,0.12914249072615366,0.0008018097009911944
1978-08-01,4,0,0.017152184699032607,0.003392372176563878,0.4020323884654323,0.00037636027651523953,8.333235645692632e-10,0.5770466935491396,0.017152184699032607
1978-09-01,4,0,0.0001832430341700524,0.001400439741039429,0.007960118176699078,1.3714171962630218e-06,1.8139373724823466e-13,0.990454827630726,0.0001832430341700524
1978-10-01,4,0,2.897208692945525e-08,0.7512511126434546,3.09076761744012e-13,6.554953455247838e-07,2.74453388050529e-41,0.2487482028887962,2.897208692945525e-08
1978-11-01,4,0,8.621809737836588e-08,0.06519609820120613,0.00048263564504100686,0.00040892882978714966,1.0050779071003031e-16,0.9339122511058675,8.621809737836588e-08
1978-12-01,4,0,6.511437985825859e-07,0.004520494627852309,5.288423895971597e-05,3.782842006113117e-07,4.053790330308823e-20,0.9954255917051954,6.511437985825859e-07
1979-01-01,4,0,1.1308701424001426e-08,0.0008820326074541265,6.906154873380809e-05,2.2120451057088855e-06,2.5382633065319315e-18,0.9990466824899951,1.1308701424001426e-08
1979-02-01,4,0,5.30703869170577e-09,0.0015720701828480666,6.578153461760968e-06,1.8721742401476734e-08,8.405340417982357e-21,0.998421327634897,5.30703869170577e-09
1979-03-01,4,0,9.343501931804172e-10,0.0006518431104029498,0.00011016266901707151,2.759184949084564e-07,5.601314615499531e-20,0.9992377173677214,9.343501931804172e-10
1979-04-01,4,0,4.290572191929306e-09,0.0013601627746709136,2.392040864796757e-05,1.0771200440155958e-08,3.677500400449532e-21,0.9986159017549208,4.290572191929306e-09
1979-05-01,4,0,7.233278301007733e-10,0.006352269493080604,3.123325957323081e-07,6.967334659206455e-07,7.133511777709438e-24,0.9936467207175261,7.233278301007733e-10
1979-06-01,4,0,3.373460861439573e-10,0.0032912524556066463,4.193626256727565e-06,1.2029522098797673e-05,5.1956301635809186e-30,0.9966925240587162,3.373460861439573e-10
1979-07-01,4,0,6.951213152883131e-09,0.0008538304992695585,3.433238416385492e-05,1.0823859153047127e-08,1.5682224697590492e-22,0.9991118193414824,6.951213152883131e-09
1979-08-01,4,0,4.908454983644012e-10,0.001162829275918345,4.370545717541334e-05,1.345437607171798e-09,4.380604589602633e-25,0.9987934634306018,4.908454983644012e-10
1979-09-01,4,0,6.779710556093875e-10,0.002954661717106444,1.5234758761463612e-06,9.219985983492583e-09,1.4723917173087005e-24,0.9970438049090801,6.779710556093875e-10
1979-10-01,0,0,1.2362382305437983e-21,0.9999999996320525,3.531394065640982e-35,2.115358781707224e-10,2.2665572342357413e-98,1.5639675244346518e-10,1.2362382305437983e-21
1979-11-01,0,0,2.3342919847627432e-14,0.8985202622252914,4.765922683953478e-19,0.030192299122724312,1.1527250113554449e-52,0.07128743865196065,2.3342919847627432e-14
1979-12-01,0,0,1.8548838789716964e-05,0.9481761118819969,1.3569772744150361e-10,0.0005731576593553348,1.1050275795084373e-31,0.05123218148417446,1.8548838789716964e-05
1980-01-01,0,0,2.7664272938394453e-06,0.9946918568752174,1.960870105744456e-09,0.0013525612844134524,7.91382597421273e-20,0.003952813452188786,2.7664272938394453e-06
1980-02-01,0,0,1.3721317413433632e-19,0.999999999235115,7.144290545064882e-37,7.648904580632909e-10,9.407540623220878e-105,1.8153058427333392e-14,1.3721317413433632e-19
1980-03-01,0,0,1.608230451375585e-17,0.9976554563658525,2.7746780058625426e-46,0.002344531321684249,1.7384420241658447e-65,1.2312455355328253e-08,1.608230451375585e-17
1980-04-01,2,0,1.1490766337143414e-22,0.00040400830819184604,1.2152779038610245e-81,0.9995959916918185,4.208078646574365e-123,6.042115902266313e-34,1.1490766337143414e-22
1980-05-01,2,0,6.313448556980372e-10,7.312850603793506e-05,1.008197728236882e-32,0.9999268708369127,1.2237907681673646e-79,2.570534893275697e-11,6.313448556980372e-10
1980-06-01,4,0,0.07915090490419772,2.792761973694686e-06,4.906437747999511e-10,0.0028850417135023944,1.98022435535161e-15,0.9179612601296766,0.07915090490419772
1980-07-01,0,0,0.012758621443810722,0.17201145452241134,0.00019896885056268213,4.143624956544436e-05,1.981200270179263e-18,0.8149895189336692,0.012758621443810722
1980-08-01,0,0,1.6257456593617364e-11,0.954621594390817,8.585483911753165e-13,1.3725981007176563e-10,1.2767654257445143e-72,0.0453784054548345,1.6257456593617364e-11
1980-09-01,0,0,3.619242300085267e-17,0.999629785247181,2.2024281723597992e-13,1.0943480880949232e-07,1.7925358810991704e-54,0.00037010531778890014,3.619242300085267e-17
1980-10-01,0,0,2.6281988184403565e-16,0.9999373057234564,2.86853042077956e-20,1.509716657207382e-08,6.73941560271851e-71,6.267917939036412e-05,2.6281988184403565e-16
1980-11-01,0,0,1.4332587613070556e-18,0.9999997766273873,2.1778998795276907e-28,2.2013104855686145e-07,1.8613653552110253e-91,3.241542897800826e-09,1.4332587613070556e-18
1980-12-01,0,0,1.13932335873418e-17,0.9896614846650009,8.923742894737866e-41,0.010338504063785899,1.0010500995008485e-80,1.1271215241381316e-08,1.13932335873418e-17
1981-01-01,0,0,6.296138179232228e-07,0.9983912125432488,3.931762898020448e-23,0.0007548703443800555,7.816961444205284e-42,0.0008532874985725198,6.296138179232228e-07
1981-02-01,0,0,7.046956313834824e-10,0.9999678324444384,8.725208372980253e-20,2.568800415941624e-05,1.0181751301503468e-33,6.4788466795357654e-06,7.046956313834824e-10
1981-03-01,0,0,5.061985083249954e-20,0.9983710073364911,1.1364547652299228e-34,0.001628992428390131,3.396271321583624e-101,2.3509589981089496e-10,5.061985083249954e-20
1981-04-01,0,0,5.419831920350307e-22,0.9999999992462563,1.4207945228749873e-54,7.537957700990996e-10,5.03281933752722e-111,2.0201639882883867e-21,5.419831920350307e-22
1981-05-01,0,0,6.191312108969387e-15,0.9990837586614029,5.216435626227358e-32,0.000626661976316797,3.7056414701547875e-46,0.0002895793622303451,6.191312108969387e-15
1981-06-01,0,0,1.3882755381282783e-12,0.9993217330255054,6.089710761357187e-32,0.000678263760459544,4.860305685306375e-56,3.21265311156981e-09,1.3882755381282783e-12
1981-07-01,0,0,2.2392719052406006e-13,0.9999961928295702,1.7049956571151918e-33,8.39636372297275e-08,5.2062479269527934e-67,3.723206591145069e-06,2.2392719052406006e-13
1981-08-01,0,0,1.5844194687502792e-16,0.9999966392241134,1.082206886000182e-33,2.675819877235959e-06,1.521561337330372e-63,6.849560630977637e-07,1.5844194687502792e-16
1981-09-01,0,0,2.037116684052565e-16,0.9919914178894483,8.006264931449919e-39,0.008008581641963658,7.818281218507262e-72,4.685340745576512e-10,2.037116684052565e-16
1981-10-01,0,0,3.101062194934538e-20,0.9997941035258642,1.0978907301273851e-38,0.00020582453424177318,1.1886279188735287e-142,7.193988916746061e-08,3.101062194934538e-20
1981-11-01,0,0,1.395175779904807e-16,0.9909099985624207,1.0525060450036066e-32,0.009089998497443973,6.878545632521542e-96,2.940171217692811e-09,1.395175779904807e-16
1981-12-01,0,0,1.5619245640803812e-10,0.9994987197438749,2.1072068066587153e-23,1.808346506123413e-08,7.389188572458143e-66,0.0005012620164246592,1.5619245640803812e-10
1982-01-01,0,0,1.6211731464342946e-15,0.9999964204505833,7.765088007027234e-19,5.069752892364109e-07,2.06365022603987e-47,3.0725741246927973e-06,1.6211731464342946e-15
1982-02-01,0,0,2.07104626036528e-11,0.9992093015068855,9.484049268340774e-19,0.00028693183273838463,1.0142198370711067e-37,0.0005037666396227672,2.07104626036528e-11
1982-03-01,0,0,1.4131929994521304e-08,0.9991659127657692,1.725325029432101e-16,0.00019816780272294396,1.930466067877412e-33,0.0006359052995460722,1.4131929994521304e-08
1982-04-01,0,0,5.167075970331377e-10,0.9959723092277577,1.9345987230055463e-16,0.0029820681583383473,2.1786041921324617e-41,0.0010456220972437323,5.167075970331377e-10
1982-05-01,0,0,1.5937006996361905e-08,0.992968467578016,1.0883308175493337e-16,0.006248901933013277,3.3652699892422414e-43,0.0007826145519145425,1.5937006996361905e-08
1982-06-01,0,0,2.025669347449868e-12,0.9999888860080834,2.0221222214068535e-23,1.1640746669305157e-08,1.8240466892071566e-66,1.1102349167717529e-05,2.025669347449868e-12
1982-07-01,0,0,2.0673044715173515e-19,0.9972390936663359,9.375425058736597e-26,0.002759425819157819,3.460286035651463e-84,1.4805145283924075e-06,2.0673044715173515e-19
1982-08-01,2,0,1.88144824098114e-10,0.013504012654951094,1.461393032556926e-21,0.9864959590058151,2.711094811095622e-82,2.815107203765829e-08,1.88144824098114e-10
1982-09-01,2,0,0.01306607140286046,0.0003915755618961615,7.108231065011517e-17,0.9865340275276142,6.047191791363232e-28,8.325507598514593e-06,0.01306607140286046
1982-10-01,2,0,0.0012274839361544618,7.937080812317638e-06,4.024256963693143e-11,0.9986804667695096,2.0936193978881167e-23,8.411217332480108e-05,0.0012274839361544618
1982-11-01,4,0,0.15566670501329638,8.552643963650136e-07,3.996266821967821e-05,0.002115301773583867,1.6948461525457732e-09,0.8421771735856761,0.15566670501329638
1982-12-01,4,0,0.0005861061384710921,0.0007542803510442157,0.0012632854620563427,6.914565018378103e-05,4.856291951922723e-14,0.9973271823981535,0.0005861061384710921
1983-01-01,4,0,3.214717546786161e-05,0.005888894946137735,8.687141294895176e-05,1.653532289549047e-06,5.5623321164775375e-14,0.9939904329330441,3.214717546786161e-05
1983-02-01,4,0,2.819826978555088e-05,0.026502137138748574,0.0017756285051565971,0.0001974627544644352,7.976669897553524e-11,0.971496573252116,2.819826978555088e-05
1983-03-01,4,0,9.749453267254455e-07,0.004262557846302563,0.00018154856850974884,1.456990762463357e-07,5.644167765347706e-21,0.9955547729407425,9.749453267254455e-07
1983-04-01,4,0,1.7212429133960044e-08,0.0012946866130172424,0.00038227777334971113,6.9372300601481524e-06,2.2896550374332075e-21,0.9983160811710937,1.7212429133960044e-08
1983-05-01,4,0,1.2016063380610035e-08,0.0030119097649043258,9.513248205668397e-06,3.909167920467148e-09,5.405155849677668e-26,0.996978561061686,1.2016063380610035e-08
1983-06-01,4,0,4.285261098545139e-09,0.0004742320880464433,0.009667951503375308,4.614402982243184e-08,3.941606566572136e-15,0.989857765979267,4.285261098545139e-09
1983-07-01,4,0,7.761264836815626e-07,0.04531322999394497,4.0424749149979765e-07,1.3237109871151448e-07,3.386551298920934e-28,0.9546854572609447,7.761264836815626e-07
1983-08-01,4,0,1.9228268486971842e-09,0.002631498466486324,1.9741993215769865e-05,1.2322809705105434e-06,2.9520605225847664e-18,0.9973475253365419,1.9228268486971842e-09
1983-09-01,4,0,1.7855493302537373e-09,0.0019279719808943444,0.00010815683982844375,2.0985699347286123e-06,1.2246623788444142e-26,0.9979617708238088,1.7855493302537373e-09
1983-10-01,4,0,2.174918782082816e-08,0.006491243734931036,3.1245939106932446e-06,8.755447631775817e-07,2.589243892680555e-22,0.9935047343771868,2.174918782082816e-08
1983-11-01,4,0,3.2855676541460566e-09,0.0006775837113244364,0.0004946686479052625,8.855377884624758e-08,8.094443231525713e-18,0.9988276558014615,3.2855676541460566e-09
1983-12-01,4,0,4.8623627524248453e-08,0.0009220820790712688,0.0002328739852114675,1.4426961792130027e-08,7.880275661625392e-19,0.998844980885111,4.8623627524248453e-08
1984-01-01,4,0,7.819775764656704e-09,0.0011140367818155388,1.8859786955936807e-05,8.355939858555608e-08,3.4580066410918934e-20,0.998867012052041,7.819775764656704e-09
1984-02-01,4,0,1.2529610637696893e-09,0.0048448896281647735,1.4831792780421742e-06,3.674583864260816e-08,3.267129432092397e-23,0.9951535891938091,1.2529610637696893e-09
1984-03-01,4,0,4.234986175192694e-11,0.002629444322526692,5.182092021830364e-06,1.6585398672205175e-08,8.136991225134695e-27,0.9973653569577028,4.234986175192694e-11
1984-04-01,4,0,1.6792598061492354e-09,0.00978741228162546,1.726263680370776e-05,3.579686336062032e-07,9.7220702320609e-23,0.9901949654336683,1.6792598061492354e-09
1984-05-01,0,0,8.064770635106689e-10,0.9876019340057679,1.5681456490501448e-11,5.269606950196388e-06,9.262864575753577e-35,0.012392795565073689,8.064770635106689e-10
1984-06-01,0,0,1.1138307123164433e-06,0.3091679448860013,0.00018080605476830265,0.0004713495321190844,9.983370229632147e-17,0.6901787856964434,1.1138307123164433e-06
1984-07-01,0,0,8.757535331499405e-06,0.9928436934529556,3.760818451339514e-09,0.005785067907661002,1.2707664653382007e-19,0.0013624773432642648,8.757535331499405e-06
1984-08-01,4,0,0.0030282628181004675,0.16070120188076692,1.1223966606204831e-05,0.013583620557735144,5.2102216573828124e-14,0.8226756907767093,0.0030282628181004675
1984-09-01,4,0,2.1134511991609846e-05,0.0182588928378897,8.554882759227885e-06,0.00016166296233141445,1.4038972342772155e-19,0.9815497548049871,2.1134511991609846e-05
1984-10-01,4,0,4.1837078232747514e-10,0.7588915418441541,3.786062876509747e-12,0.001589483611384425,1.4400638011868382e-50,0.23951897412225864,4.1837078232747514e-10
1984-11-01,4,0,2.293223763814891e-06,0.17342394084861837,7.6109379418027845e-06,0.0019488856129788422,1.743224714374562e-29,0.824617269376741,2.293223763814891e-06
1984-12-01,4,0,7.204785889528098e-06,0.029789485588813662,0.0002244686897518458,0.00043861997610851396,1.2168653405116486e-22,0.9695402209594574,7.204785889528098e-06
1985-01-01,4,0,4.50046209209312e-05,0.0006558867670464899,0.009252649888087154,2.1538937615019523e-05,5.412078565502875e-11,0.9900249197322012,4.50046209209312e-05
1985-02-01,4,0,6.8939318059391175e-06,0.005666542238232847,0.0025175318812433053,5.4169052953559295e-08,4.788562361662128e-17,0.9918089777796717,6.8939318059391175e-06
1985-03-01,4,0,1.619992061647221e-06,0.0005606369098045108,0.014610204439024757,9.531887709413143e-07,1.0774805783390627e-12,0.9848265854692098,1.619992061647221e-06
1985-04-01,4,0,1.2639641230109198e-06,0.0010851442531018306,0.0006331721443275508,1.9179872689741075e-06,1.6209729244685725e-20,0.9982785016510961,1.2639641230109198e-06
1985-05-01,4,0,6.278121131643943e-07,0.04393442368358088,1.6967373965582587e-05,0.0003647496424476719,1.1212686766335638e-26,0.9556832314878597,6.278121131643943e-07
1985-06-01,4,0,1.0915513378900038e-05,0.0008901970984975757,0.039148620083621535,9.738688701392682e-06,1.2882800781689763e-13,0.9599405286157792,1.0915513378900038e-05
1985-07-01,4,0,3.7532843548350897e-06,0.0009891702018201068,0.0008040097153036287,8.897794289338451e-08,5.93753451730824e-17,0.9982029778206881,3.7532843548350897e-06
1985-08-01,4,0,7.666259810574093e-07,0.0004937362268166132,0.013562411205985926,1.0609696002540304e-07,3.24363625753305e-11,0.9859429798118555,7.666259810574093e-07
1985-09-01,4,0,4.9511066468899255e-06,0.0005028275047564972,0.0033474335958823256,4.4549354576666614e-07,7.966008940250604e-15,0.9961443422992409,4.9511066468899255e-06
1985-10-01,4,0,7.942105198991793e-07,0.00020018365809465236,0.008850532573626583,2.3444433935302757e-08,6.38245430715593e-12,0.9909484661069229,7.942105198991793e-07
1985-11-01,4,0,7.95964347627701e-06,0.00016104088480048244,0.02492338355158964,2.411136952121366e-07,2.8925137411297583e-11,0.974907374777468,7.95964347627701e-06
1985-12-01,4,0,9.660589954847441e-06,0.00030477999349945206,0.0153578281755392,8.305416672327982e-07,3.717035157253254e-12,0.9843269006955532,9.660589954847441e-06
1986-01-01,4,0,7.51759477204959e-06,0.00018404729457728225,0.021808893275827586,2.408838316599607e-07,1.1588340658308927e-11,0.9779993009393677,7.51759477204959e-06
1986-02-01,4,0,0.01334438803668776,0.4443414228827482,2.89694191886707e-05,0.010146385449992187,1.9785911086213971e-10,0.5321388340134829,0.01334438803668776
1986-03-01,4,0,0.0005846317421697201,0.04947560085804548,0.0006795360000697105,0.007304964027429608,1.8116166825510668e-17,0.9419552673723474,0.0005846317421697201
1986-04-01,4,0,0.0011898037986816125,0.0010180477438065836,0.09658734815232156,2.4153255691575572e-05,1.827847149948386e-08,0.9011806287709877,0.0011898037986816125
1986-05-01,4,0,0.0012713286256075809,0.005065353423271364,0.16609743512061426,7.636266260421466e-06,3.882668941342376e-08,0.8275582077375486,0.0012713286256075809
1986-06-01,4,0,0.00405671437105192,0.0024625788001481205,0.1502246311418426,0.0005461895120827498,2.824648884379196e-09,0.84270988335014,0.00405671437105192
1986-07-01,4,0,0.00026385618307019033,0.0008370368867358407,0.00600197856376655,3.4689140234755726e-05,3.5834276369364946e-12,0.9928624392225897,0.00026385618307019033
1986-08-01,4,0,0.00021975863188057552,0.0002462151913816123,0.11676951291541011,0.00015328352532610468,2.4464766707035176e-16,0.8826112297360194,0.00021975863188057552
1986-09-01,4,0,0.00013074374427463612,0.0016927826639688438,0.00039128769702141756,1.76199270615754e-05,2.2209366235123828e-14,0.997767565967712,0.00013074374427463612
1986-10-01,1,0,3.6927286395669543e-05,4.892632103665262e-05,0.34179585387542977,2.869526676729001e-07,3.4245611082212937e-07,0.6581176631082732,3.6927286395669543e-05
1986-11-01,1,0,0.0005008386598169679,2.4282967230748062e-05,0.8412724167461098,1.2540481407340594e-06,1.3198781829850466e-07,0.15820107559084354,0.0005008386598169679
1986-12-01,1,0,0.0015690131689837503,0.00019488623733959065,0.5807756852417443,1.8817941329284472e-05,2.629383583088419e-10,0.41744159714767926,0.0015690131689837503
1987-01-01,1,0,0.13231041494903645,0.00021625259358470778,0.4334512601922336,0.0038059438697697536,9.06412871484473e-05,0.43012548710826837,0.13231041494903645
1987-02-01,1,0,0.004411312817060956,3.3140130292687484e-06,0.9580589278313794,4.4964987513435535e-06,0.00020421968857234278,0.03731772915114148,0.004411312817060956
1987-03-01,1,0,0.001788492917509945,5.709940354341444e-06,0.9889792918528695,5.63671721253978e-06,6.402753567893523e-07,0.009220228296613942,0.001788492917509945
1987-04-01,1,0,0.0058468920879555485,0.00010586666109608539,0.9270798033880729,7.596889235219711e-05,2.799654369992745e-10,0.06689146869054292,0.0058468920879555485
1987-05-01,1,0,0.0002714620440475284,7.942090907155099e-07,0.9930535384445892,3.77880826726513e-07,5.773924074075697e-07,0.0066732500290452934,0.0002714620440475284
1987-06-01,1,0,0.0003687252813081066,1.15289323075917e-07,0.9971880431638609,3.752796532483804e-06,5.160655949678138e-08,0.0024393118623536,0.0003687252813081066
1987-07-01,1,0,0.0017745574314947557,2.8621237419566774e-07,0.9931035741583882,8.862661670679154e-06,4.147583622035757e-08,0.005112678060163481,0.0017745574314947557
1987-08-01,1,0,0.0008887938476175845,6.07033233219373e-07,0.9955809982845604,2.564498640327651e-06,5.0989072573071057e-08,0.0035269853468614136,0.0008887938476175845
1987-09-01,1,0,0.0037137314292279584,3.921208818524015e-05,0.8564373565744248,2.767623411364414e-05,1.17683420694791e-13,0.1397820236738319,0.0037137314292279584
1987-10-01,2,0,1.5868883686246548e-13,7.8201812999498e-09,7.767243477734591e-36,0.9999999921794824,8.726790531384225e-75,2.2882904273443935e-13,1.5868883686246548e-13
1987-11-01,5,1,0.8604784993379196,3.7683723750340986e-10,5.236017532404374e-11,0.010574680787136375,4.961605027559145e-18,0.12894681944584113,0.8604784993379196
1987-12-01,5,1,0.9981039078377832,8.076154110992793e-07,7.123926702447713e-07,0.0018904986787575606,2.4677419381342453e-09,4.071007734505904e-06,0.9981039078377832
1988-01-01,5,1,0.9381905024665326,2.6050939755941446e-09,0.03908582635365,0.001752082825037726,0.020902562134122688,6.902361545101177e-05,0.9381905024665326
1988-02-01,1,0,0.2609853619606807,6.57524504544856e-09,0.7334716692019285,0.00013345931502550183,0.004803202574472881,0.0006063003725669239,0.2609853619606807
1988-03-01,1,0,0.07326658153576028,2.8057983960903806e-07,0.9223768217699747,4.656269123688622e-05,2.122383339738481e-05,0.00428852958983421,0.07326658153576028
1988-04-01,1,0,0.0010774299650233238,2.646198915486745e-07,0.9940550149394183,6.713047829906545e-07,2.157205221186056e-07,0.00486640345026268,0.0010774299650233238
1988-05-01,4,0,0.0004713533768892911,4.624101403299088e-06,0.9479124261757481,1.734920016164228e-06,7.805824180171196e-13,0.051609861425147396,0.0004713533768892911
1988-06-01,4,0,0.0036090938814284305,4.95977301007607e-06,0.9722331369070786,3.011678437500394e-05,5.62871580250193e-07,0.02412212978248633,0.0036090938814284305
1988-07-01,4,0,0.0006665766628665454,1.9487874179615043e-05,0.9116947451946154,2.570205518935581e-06,8.339039352157533e-11,0.08761661997954277,0.0006665766628665454
1988-08-01,4,0,0.0006941166413010084,0.0005717170817771071,0.1794963416993223,1.0949021066482066e-05,3.518354078211855e-13,0.8192268755562214,0.0006941166413010084
1988-09-01,4,0,0.000284280737724525,0.0002826305369888793,0.08424829853368748,7.197489310033944e-06,5.21834563600648e-10,0.9151775921805555,0.000284280737724525
1988-10-01,4,0,3.288089819178658e-05,0.00021428738967732748,0.05997121311493635,5.313866363451179e-07,4.656808392662571e-10,0.9397810867447682,3.288089819178658e-05
1988-11-01,4,0,4.349437365440367e-06,0.0008903347174268749,0.0007521336922834386,7.272487229090118e-08,8.553553829127689e-19,0.9983531094281061,4.349437365440367e-06
1988-12-01,4,0,2.4506761896342295e-07,0.00038147207623059014,0.00214675381862125,1.0445052686763724e-08,3.141628601836198e-15,0.9974715185924038,2.4506761896342295e-07
1989-01-01,4,0,4.628357666728066e-06,0.00010538246739478928,0.07954231300081635,6.942466197388202e-08,1.729107354984715e-11,0.9203476067322406,4.628357666728066e-06
1989-02-01,4,0,5.707516903350163e-06,0.0004811751948885028,0.002707189645381367,8.748610565877466e-08,3.5927690875138027e-16,0.9968058401568315,5.707516903350163e-06
1989-03-01,4,0,2.052211973804957e-07,0.0002899585078905903,0.002502337612339037,4.345323029694904e-09,3.7758257242211606e-14,0.9972074943132496,2.052211973804957e-07
1989-04-01,4,0,1.5738527322993174e-07,0.00039819604724752,0.001704334522600528,2.772224695389204e-07,9.433005200904674e-21,0.9978970348224425,1.5738527322993174e-07
1989-05-01,4,0,1.8513509803375528e-07,0.0014474220897426606,9.736684485633565e-05,1.628412022128325e-07,6.8450037746414196e-18,0.9984548630891695,1.8513509803375528e-07
1989-06-01,4,0,9.995236584153718e-10,0.0016174948069833692,2.7614784226043374e-05,9.399318330880241e-07,9.24514816212909e-28,0.9983539494774207,9.995236584153718e-10
1989-07-01,4,0,1.1885092608345473e-08,0.0006423523558120762,0.0012152408258596416,1.0950707993622965e-06,3.162793883627511e-21,0.9981412998625264,1.1885092608345473e-08
1989-08-01,4,0,7.59092965945759e-08,0.016928619183157398,1.8956200332418405e-05,1.7183832850332048e-08,2.0987699683299575e-24,0.9830523315233042,7.59092965945759e-08
1989-09-01,4,0,3.53181860744445e-09,0.0005893495065739061,0.0019880456391703407,2.215260426642175e-07,1.2917248825809968e-15,0.9974223797965043,3.53181860744445e-09
1989-10-01,4,0,1.1488421162884952e-07,0.002526971252262625,3.1379215788649494e-05,7.854803413639404e-07,1.2915777876997935e-23,0.9974407491673682,1.1488421162884952e-07
1989-11-01,4,0,4.6307811163774324e-09,0.00027925378962448893,0.0012608630748093743,8.762108530277287e-08,2.3456916446969934e-16,0.9984597908836905,4.6307811163774324e-09
1989-12-01,4,0,2.8634969113351125e-07,0.00016638838223800178,0.008039485173925798,1.0360540742887885e-08,9.653968081814489e-16,0.9917938297335194,2.8634969113351125e-07
1990-01-01,4,0,1.963002260247546e-06,0.003719047946432052,2.735332317229214e-06,6.900153916981024e-07,3.7227929042368374e-20,0.9962755637036633,1.963002260247546e-06
1990-02-01,4,0,4.938212800949332e-08,0.0001306142542344121,0.022314351138049478,6.775820628633079e-08,4.702278354578303e-12,0.9775549174625819,4.938212800949332e-08
1990-03-01,4,0,7.049143769850106e-06,0.00040568583650215214,0.012246729793649583,8.259321355316925e-08,7.809909181187692e-15,0.9873404526327885,7.049143769850106e-06
1990-04-01,4,0,2.6029038879632737e-06,0.00565573607868666,1.465116998892028e-05,5.238233928297011e-07,1.0265055709259977e-17,0.9943264860241406,2.6029038879632737e-06
1990-05-01,4,0,3.6648633708590613e-07,0.0004132443582770002,0.004406743262081422,1.0182223472369412e-05,2.2664919192957286e-14,0.9951694636697229,3.6648633708590613e-07
1990-06-01,4,0,5.763288467895301e-07,0.0003057683398269325,0.001720451431464308,7.577687632747544e-08,2.231061721122835e-15,0.9979731281230868,5.763288467895301e-07
1990-07-01,4,0,7.977788679737218e-08,0.0006721595301484632,0.00011489728371308418,1.0555688692293345e-07,1.5626143899364783e-19,0.9992127578513613,7.977788679737218e-08
1990-08-01,4,0,6.436056448440093e-08,0.08169987604878692,1.1002457584582496e-09,3.8055139178994705e-05,4.639951500705971e-25,0.9182620033512081,6.436056448440093e-08
1990-09-01,4,0,3.006834011373235e-07,0.0025870139287049905,0.00019184870685553347,1.821039957820836e-05,2.2968304181899796e-17,0.9972026262814891,3.006834011373235e-07
1990-10-01,4,0,9.99697994168879e-07,0.006942680471730475,4.7442046816884365e-05,5.018526238397162e-06,2.637597389944671e-18,0.9930038592572042,9.99697994168879e-07
1990-11-01,4,0,2.115476099987495e-05,0.00037649191774775145,0.06960468499238451,4.965940390972813e-05,2.8852702033417365e-11,0.929948008896136,2.115476099987495e-05
1990-12-01,4,0,4.621062011812131e-05,0.0017890014067683845,0.008126949752817508,3.8855803102492196e-05,7.311520463867796e-18,0.9899989824170976,4.621062011812131e-05
1991-01-01,1,0,0.0012736728133160384,0.0008305443284454042,0.0632025191218048,0.00010467402507959984,5.524850104860076e-11,0.9345885896560221,0.0012736728133160384
1991-02-01,1,0,0.0005627575689977798,6.779081878544297e-05,0.4779315404681027,4.157706054574532e-06,3.5117484591441014e-06,0.5214302416896096,0.0005627575689977798
1991-03-01,1,0,0.00030252294508833127,1.6271292913269436e-05,0.901645161762874,5.057734165556436e-06,8.321246414108187e-08,0.09803090305245314,0.00030252294508833127
1991-04-01,1,0,0.0007001626189212014,1.6619869068827277e-05,0.9511484553237546,2.683267766937595e-05,3.3487002668923956e-10,0.04810792917567894,0.0007001626189212014
1991-05-01,1,0,0.000655081324176121,3.115493219616602e-06,0.9905310803651128,5.076813230789792e-06,1.2726290092175968e-07,0.008805518741449681,0.000655081324176121
1991-06-01,1,0,0.0015056038097250753,2.9414527428465276e-07,0.9969960196733728,5.062182626121762e-06,1.6210566747230117e-07,0.0014928580833239904,0.0015056038097250753
1991-07-01,1,0,0.0003511336740859197,2.7056477905215668e-08,0.997835560858814,2.5783098177801655e-06,1.947898082408829e-07,0.001810505311081041,0.0003511336740859197
1991-08-01,1,0,0.00034890082356162143,5.4802502515217026e-08,0.996346263422226,1.2698075585607185e-05,8.555621972685756e-10,0.0032920820206322867,0.00034890082356162143
1991-09-01,1,0,0.0011187105185208799,9.214458281588727e-07,0.986255476461711,8.08600595605516e-05,1.0209678610168627e-09,0.012544030493474505,0.0011187105185208799
1991-10-01,1,0,0.000936998785133671,9.381271371073507e-07,0.9912955141509301,6.012618412624655e-05,3.401501182793557e-10,0.007706422412634101,0.000936998785133671
1991-11-01,1,0,0.001981606044928201,1.5811032978210369e-06,0.9905456858065433,0.00023441484967739757,2.368767202720066e-11,0.007236712171793242,0.001981606044928201
1991-12-01,5,1,0.7677046541341037,4.5071604210625145e-06,0.0007261502453258538,0.23071257723138555,4.99693965335734e-12,0.0008521112237168916,0.7677046541341037
1992-01-01,1,0,0.9255231718711935,9.439740845402811e-07,0.058454045334206485,0.001311172774052432,0.0012158520167382767,0.013494814029621535,0.9255231718711935
1992-02-01,1,0,0.3785427157152271,7.747284533570734e-07,0.17639882441559582,3.9940832220128104e-05,0.44242324979397235,0.002594494514544717,0.3785427157152271
1992-03-01,1,0,0.06598684253791182,2.456312905774035e-07,0.9185445720298786,8.30874215887406e-06,0.013751271733852776,0.0017087593248732173,0.06598684253791182
1992-04-01,1,0,0.008204988105648152,9.384628783990306e-08,0.9905468019498148,4.85485703661602e-05,2.140239276737714e-05,0.0011781651351269692,0.008204988105648152
1992-05-01,1,0,0.0012393015824631534,5.9038851704075186e-09,0.9979719208629861,4.153307665722693e-06,0.00021280923455346267,0.0005718091083697249,0.0012393015824631534
1992-06-01,1,0,0.0006482868745415033,7.548942059141491e-09,0.9982587874979159,8.694636933641373e-06,3.805722882454664e-07,0.0010838428693805678,0.0006482868745415033
1992-07-01,1,0,0.010122228319005527,7.96382370207807e-08,0.9860352380349923,0.00022714857530123212,3.3332705659561615e-07,0.0036149721053444707,0.010122228319005527
1992-08-01,1,0,0.026471378693890837,1.8265777611517719e-07,0.9727747147129926,0.00011458168570804363,0.0001228529850624338,0.0005162892644947892,0.026471378693890837
1992-09-01,1,0,0.017671746949877335,3.7313423406995245e-08,0.9799056037219902,0.00021365151550768616,4.3014042968273084e-06,0.00220465909499406,0.017671746949877335
1992-10-01,1,0,0.003423744327023451,6.915858312107709e-08,0.9953441571567067,9.43070134686035e-07,1.958858607071026e-06,0.0012291274290463778,0.003423744327023451
1992-11-01,1,0,0.004457350168447351,6.235444656192561e-09,0.9950502868110522,2.0749291075866373e-06,1.537874953207964e-05,0.0004749031065167646,0.004457350168447351
1992-12-01,1,0,0.0036717041682024693,8.094890824184813e-09,0.9949947357885738,2.1360743192232716e-05,0.00021629571019178673,0.0010958954949457256,0.0036717041682024693
1993-01-01,5,1,0.5663853371386134,1.6421114813916527e-06,0.41607537177933196,0.01104945691625668,0.00038871779769254934,0.006099474256597692,0.5663853371386134
1993-02-01,3,0,0.4480278850575201,2.2676827809261107e-07,0.07091312444438755,0.00016697053094665997,0.48039160403339376,0.0005001891655236177,0.4480278850575201
1993-03-01,3,0,0.03267639075248151,2.090722513965124e-09,0.016067864533605137,5.322185113986164e-06,0.9512307575324634,1.966290563097468e-05,0.03267639075248151
1993-04-01,5,1,0.9318042808423027,1.6053722008321583e-08,0.021943352340087395,0.00035790129577930604,0.04578610121403038,0.0001083482541897327,0.9318042808423027
1993-05-01,5,1,0.7758407694066671,7.240544952527307e-09,0.17357581362627017,3.774442535104152e-05,0.05043587138679242,0.00010979391444732302,0.7758407694066671
1993-06-01,3,0,0.3258161711544201,5.669723692361755e-09,0.1304551244308058,0.00015046588746566684,0.5433538812435952,0.00022435161404701622,0.3258161711544201
1993-07-01,3,0,0.08045480609103607,4.602762311598167e-09,0.17824504897772608,1.3813904976721743e-05,0.7411417159453785,0.00014461047818870528,0.08045480609103607
1993-08-01,3,0,0.013487953057429015,3.012832039181387e-10,0.039012825174729954,4.383015761830174e-06,0.9474693028728531,2.5535577907832996e-05,0.013487953057429015
1993-09-01,3,0,0.0035473595361446664,9.847307605121514e-11,0.024073990889044425,1.6320784077711926e-07,0.972368003641099,1.0482627446379818e-05,0.0035473595361446664
1993-10-01,3,0,0.0016105304552255983,1.0677786075868801e-11,0.0035583897538476847,1.3526037965431987e-08,0.9948294726370711,1.593617127259782e-06,0.0016105304552255983
1993-11-01,1,0,0.7372014944470257,8.227987289162009e-09,0.17024023504600247,1.8801725975641166e-05,0.09246152245592398,7.793809715506676e-05,0.7372014944470257
1993-12-01,1,0,0.08622246711748825,4.122428572714152e-10,0.13679429234283993,1.2304716107757712e-05,0.7769109079390326,6.0027472312534426e-05,0.08622246711748825
1994-01-01,1,0,0.01509259817922814,2.4902017205348556e-10,0.05904864353458063,3.5192876786875272e-06,0.9258132174481359,4.202130133283266e-05,0.01509259817922814
1994-02-01,1,0,0.20936964776599087,7.717503939223029e-08,0.7888146615281202,5.727057700354822e-06,0.00040342259506433094,0.0014064638780365531,0.20936964776599087
1994-03-01,1,0,0.06523413212344446,6.811266602083724e-07,0.9299944021304415,4.926014065757789e-05,6.223535523031157e-06,0.004715300943319017,0.06523413212344446
1994-04-01,1,0,0.0045029103954651595,2.445808147678001e-07,0.9927727603726691,7.804954927085551e-07,2.9690405324918937e-08,0.0027232744652539555,0.0045029103954651595
1994-05-01,1,0,0.0004384798338784543,2.8623246562506722e-08,0.998479034027245,2.6577589438317253e-07,7.929801909100757e-07,0.0010813987595182193,0.0004384798338784543
1994-06-01,1,0,0.0006144601390087241,8.490853389770202e-09,0.9988150363947536,1.2744634648070886e-06,2.272603144870781e-06,0.0005669479088786279,0.0006144601390087241
1994-07-01,1,0,0.0014146511055889805,1.260668595669339e-09,0.9982856995139634,4.224739826601171e-06,3.596883100079688e-05,0.00025945454895840174,0.0014146511055889805
1994-08-01,1,0,0.0013085159948982342,2.1714400171024477e-09,0.9981137950832462,1.8483797024975626e-06,1.0701584492604354e-06,0.0005747682122794128,0.0013085159948982342
1994-09-01,1,0,0.0011099982062309102,4.975484032582323e-08,0.9972679025588,1.6848217237656647e-06,3.6238081420178905e-08,0.0016203284202902534,0.0011099982062309102
1994-10-01,1,0,0.0005174413057175064,2.3509151766338286e-08,0.9984810700581954,1.1456557951954517e-06,4.6871412294491606e-08,0.001000272599804655,0.0005174413057175064
1994-11-01,1,0,0.018573770770939465,4.1166953034424644e-05,0.7479272765120069,0.0001422011608563747,3.3513350631150225e-16,0.23331558460312488,0.018573770770939465
1994-12-01,1,0,0.006001949884532647,4.813663845868395e-05,0.849884310028456,1.1009432055159334e-05,1.5328014105277514e-07,0.14405444073632842,0.006001949884532647
1995-01-01,1,0,0.004405259815506342,6.179706674664455e-05,0.9356565485539786,0.00014245493673544532,5.178804580505421e-07,0.059733421746535814,0.004405259815506342
1995-02-01,1,0,0.0007935007037612979,9.793070640675846e-07,0.9895662627523513,1.3313345909754502e-05,3.7382807204270655e-07,0.009625570062744074,0.0007935007037612979
1995-03-01,1,0,0.00014390890503671256,6.826894937401649e-08,0.9979823480748229,7.036004247724389e-07,2.333310437552042e-07,0.0018727378196966762,0.00014390890503671256
1995-04-01,1,0,0.00016489303690444743,1.3018374495742288e-08,0.9986971103227945,1.2258234553500406e-06,2.762443859326242e-08,0.001136730174072933,0.00016489303690444743
1995-05-01,1,0,0.0031799417234329892,2.0505264759334063e-06,0.9687645040809675,0.0005502583441581068,1.7667329061127874e-10,0.027503245148285827,0.0031799417234329892
1995-06-01,1,0,0.00022560515483991826,3.3243167830292716e-07,0.9949686898499237,2.5738297215412743e-06,2.799476714202641e-07,0.0048025187861196516,0.00022560515483991826
1995-07-01,1,0,0.00030544177127011206,8.915676561659295e-08,0.9981823819841759,2.107094280775046e-06,5.366712374184075e-08,0.0015099263263706319,0.00030544177127011206
1995-08-01,1,0,0.0005796513396033316,1.2119433213197118e-07,0.9956608648731015,7.498073975999993e-06,8.523736022195534e-08,0.003751779281543979,0.0005796513396033316
1995-09-01,1,0,0.00046667836780028366,4.550717177559287e-08,0.998061753371766,1.4843691767911785e-06,3.17660993777834e-06,0.0014668617741348368,0.00046667836780028366
1995-10-01,1,0,0.0007880644420409004,1.648250799497498e-07,0.9949171257972879,1.0299520872860005e-05,1.1935508537516117e-08,0.0042843334791720904,0.0007880644420409004
1995-11-01,1,0,0.00043963588603502537,1.1704106932551672e-08,0.9989479317766808,3.493725158287577e-06,3.9522873880935835e-07,0.0006085316792893943,0.00043963588603502537
1995-12-01,1,0,0.0005485630955392765,6.713154735026144e-08,0.9942825048203151,2.901346147524322e-05,1.94252399022358e-09,0.00513984954861663,0.0005485630955392765
1996-01-01,1,0,0.0009580976325050914,2.434149480394478e-07,0.996034554516063,2.0187885709205084e-05,1.4126365854304742e-08,0.0029869024244685515,0.0009580976325050914
1996-02-01,1,0,0.0006683018212314274,2.0971454171794105e-07,0.997693536981968,2.2035444165000196e-06,1.9507124986165426e-07,0.001635552866587392,0.0006683018212314274
1996-03-01,1,0,0.0003891180549088758,2.0346694270349668e-08,0.9987314894098331,4.2610711830954954e-07,7.782615642408439e-07,0.0008781678197875115,0.0003891180549088758
1996-04-01,1,0,0.00026313177579277355,2.542201389016894e-08,0.9979900615200741,1.3127633794245196e-06,2.4276146488618277e-08,0.0017454442425974502,0.00026313177579277355
1996-05-01,1,0,0.000263483458652996,2.0487398088211194e-08,0.9986627414926535,6.29860140815802e-07,3.4151852103865613e-07,0.0010727831827247235,0.000263483458652996
1996-06-01,1,0,0.002785198338213052,1.1648747034611063e-08,0.9969426652500261,8.129031740897455e-06,1.2591301547974701e-06,0.00026273660102961937,0.002785198338213052
1996-07-01,1,0,0.007741957550053376,1.2200353358478664e-07,0.9860127375165098,5.3716063786869286e-05,4.354258457792312e-08,0.006191423323492704,0.007741957550053376
1996-08-01,1,0,0.0002485616881620085,2.7653148810785572e-08,0.9989119785075635,6.716448891762314e-07,6.384757355478043e-06,0.000832375748907705,0.0002485616881620085
1996-09-01,1,0,0.000849989874204114,1.6021228977273072e-08,0.997372393702028,1.0456469871421332e-05,1.128623071634751e-07,0.0017670310703326885,0.000849989874204114
1996-10-01,1,0,0.001213823010160401,7.071887666159484e-08,0.9970305581462358,8.522862518117862e-06,2.3899776740438417e-06,0.0017446352844526915,0.001213823010160401
1996-11-01,1,0,0.006621101785916599,7.42264735081303e-08,0.990165553676254,2.7046284340620488e-05,3.5340410850027905e-05,0.0031508836160658604,0.006621101785916599
1996-12-01,1,0,0.0005590194106807196,2.416200631269749e-07,0.9952706802921544,2.233486060194403e-06,2.367420858331086e-07,0.004167588448867445,0.0005590194106807196
1997-01-01,1,0,0.0009113098158004156,1.444307041182357e-07,0.996971633112499,4.919172195611187e-06,1.9310307034104018e-06,0.0021100624380587384,0.0009113098158004156
1997-02-01,1,0,0.001999299350892035,5.900552019280791e-08,0.9970725866828406,3.845764244036332e-06,7.884508223490986e-06,0.0009163246881826694,0.001999299350892035
1997-03-01,1,0,0.0019028365136532154,2.2134909566543666e-07,0.9923936261743346,7.669856327746135e-06,1.8338249511117136e-08,0.005695627768549692,0.0019028365136532154
1997-04-01,1,0,0.009325516389755489,6.906588218170333e-07,0.9862680393699196,4.9838663878405035e-05,2.5918771698313783e-06,0.0043533230405634225,0.009325516389755489
1997-05-01,1,0,0.0020793104686187788,2.5359642499603136e-08,0.9973609870770214,3.270483789391577e-05,3.055464638395171e-07,0.0005266667105745861,0.0020793104686187788
1997-06-01,1,0,0.010602606363483754,3.7614316771127555e-08,0.98585422065335,4.975769968306309e-05,0.0003023240004102458,0.0031910536689658217,0.010602606363483754
1997-07-01,1,0,0.008491848941855494,1.021951010139591e-07,0.9883074524830074,6.128597928206705e-05,0.00013740875780639651,0.0030019016430955277,0.008491848941855494
1997-08-01,1,0,0.0023025558015906783,6.774766521018035e-07,0.9875326755454474,1.666503424622899e-05,3.133917538360998e-07,0.010147112750337707,0.0023025558015906783
1997-09-01,1,0,0.11346622249854585,4.4370186455284233e-05,0.8358835793047136,0.005692318599019843,1.0708985337823625e-05,0.04490280042570145,0.11346622249854585
1997-10-01,1,0,0.02628071260213681,7.328167780364664e-06,0.9641060076457196,4.1524558990340165e-05,0.00024106045116580646,0.009323366573987581,0.02628071260213681
1997-11-01,1,0,0.006428678240258718,3.4731203431644566e-07,0.9911813536323257,4.478711475735679e-06,0.00038808285985001946,0.0019970592439783608,0.006428678240258718
1997-12-01,1,0,0.002729905930889602,1.2285000836817104e-07,0.9948902791486217,1.2398534206606624e-05,1.4608515217911325e-05,0.002352685020922966,0.002729905930889602
1998-01-01,1,0,0.0004104618137493055,5.7026915891662625e-08,0.9969554036247981,9.06319330517991e-06,1.2463732805784308e-08,0.0026250018774920747,0.0004104618137493055
1998-02-01,1,0,0.0013032758017420365,8.245064578304672e-09,0.9982316077825596,2.4318104905208807e-06,2.14765637448879e-06,0.0004605287035574545,0.0013032758017420365
1998-03-01,1,0,0.0012757952302164578,9.807829210266959e-09,0.9975667454987984,7.54788997236344e-06,1.3955098874235276e-05,0.0011359464744167124,0.0012757952302164578
1998-04-01,1,0,0.0005020319777960902,3.247804924552452e-08,0.9974059847123299,4.745967966393917e-06,3.440853008054332e-07,0.0020868607783332787,0.0005020319777960902
1998-05-01,1,0,0.0004333946163379395,3.632054140828875e-08,0.998199917836778,1.614479384342609e-06,3.0914284231031196e-07,0.0013647276042157094,0.0004333946163379395
1998-06-01,1,0,0.00035103878428853643,3.3339370350969773e-09,0.9991788477150253,1.3111696057426067e-06,6.042398971523848e-07,0.00046819475704821135,0.00035103878428853643
1998-07-01,1,0,0.0004932228860371822,1.1562751212633024e-08,0.9979651097173039,2.901604902980927e-06,6.032630683118004e-08,0.0015386939024893554,0.0004932228860371822
1998-08-01,2,0,0.041801863514299986,1.975569951395475e-06,9.88941295759506e-06,0.9581210111745543,8.294145841626877e-18,6.526032829063367e-05,0.041801863514299986
1998-09-01,5,1,0.8454803114182079,2.016341476603964e-09,0.002889066534598042,0.14377370433607065,1.926098188797673e-10,0.00785691550238975,0.8454803114182079
1998-10-01,5,1,0.9554402451635061,2.2593373031860594e-08,5.1824959577791626e-05,0.04450733360378152,8.715508381790615e-09,5.649642258561431e-07,0.9554402451635061
1998-11-01,1,0,0.9402649089983517,3.1211955264926304e-12,0.05933072216458817,8.767259945801353e-05,0.0002399263251124444,7.676990923487596e-05,0.9402649089983517
1998-12-01,1,0,0.4653860935931445,2.4704463410651427e-10,0.5129416312857278,0.00013177379931508102,0.02151195631191908,2.8544762766990408e-05,0.4653860935931445
1999-01-01,1,0,0.1252426594559165,6.773104785650709e-12,0.8737692855741772,7.355648539821802e-05,0.0008970728320015761,1.7425645758054333e-05,0.1252426594559165
1999-02-01,1,0,0.025735347529085274,1.0001742053717567e-08,0.9640697546411734,2.8685865782031758e-05,5.749571863296339e-07,0.01016562700482551,0.025735347529085274
1999-03-01,1,0,0.43369334969621626,2.9347412577010616e-09,0.5493015907456629,0.01698726874798336,2.8302812880837455e-08,1.775957253485949e-05,0.43369334969621626
1999-04-01,1,0,0.023410498284911634,2.134707572804599e-11,0.975431905630494,8.62809770183597e-06,0.0010025798734107716,0.00014638809223062134,0.023410498284911634
1999-05-01,1,0,0.0019096647661187203,2.0732887645084208e-09,0.9975205239740625,1.1718976815875727e-06,6.403275458713002e-05,0.0005046045341771859,0.0019096647661187203
1999-06-01,1,0,0.0006076576900004643,4.689258507237679e-09,0.9988327826741703,1.6718839350981886e-06,1.93008636921772e-06,0.0005559529764003336,0.0006076576900004643
1999-07-01,1,0,0.000434514799579618,1.0910723375027603e-08,0.9975999331649907,3.0044791330404532e-06,1.3810106617352844e-07,0.0019623985444078354,0.000434514799579618
1999-08-01,1,0,0.0008400401141068944,1.0840051828422936e-07,0.9954237315876974,4.25675511220965e-06,5.0295173218595945e-09,0.003731858112972877,0.0008400401141068944
1999-09-01,1,0,0.006917724474933957,3.443163605633463e-07,0.9841574452958217,0.0003457376480401911,6.231790366626374e-09,0.008578742033244487,0.006917724474933957
1999-10-01,1,0,0.00171239624920881,4.8897073423194754e-09,0.998169063465677,2.94516244035348e-06,1.3443914327704098e-06,0.00011424584175520058,0.00171239624920881
1999-11-01,5,1,0.9608387002673946,1.691213621329864e-13,0.0016581599618987531,0.03750313694967522,4.920171604918376e-12,2.816014463767426e-09,0.9608387002673946
1999-12-01,5,1,0.9919418238015336,6.754117333278063e-26,8.511825435277225e-10,0.008058175347384632,6.949894271386367e-14,3.0655324514009643e-18,0.9919418238015336
2000-01-01,5,1,0.9892387061278416,8.189486314769004e-21,0.00014106789517644904,0.010441542391748567,2.4751444037911883e-10,0.00017868333766226258,0.9892387061278416
2000-02-01,2,0,0.00011519738305055505,6.6740327767811615e-40,6.931518470202824e-39,0.9998848026171437,7.440955957594168e-43,6.135453782097459e-49,0.00011519738305055505
2000-03-01,5,1,0.9810323821497139,1.3663285052643525e-23,1.4698963303519053e-18,0.018967617816201984,3.1814283720809128e-18,3.4177386620131904e-11,0.9810323821497139
2000-04-01,5,1,0.9997269431580917,1.7057674633654682e-20,3.236082882394077e-06,0.00026895898241378305,8.617726721212581e-07,4.096447140432098e-12,0.9997269431580917
2000-05-01,5,1,0.9727536113135491,8.300565585749625e-17,0.026758099111625112,0.00037448304483317363,0.00011365322095807674,1.5330905288798722e-07,0.9727536113135491
2000-06-01,5,1,0.9264963937195574,1.9800734264421488e-21,1.8585070449410938e-09,0.07350360442132076,4.850739488062086e-13,1.9621381080371785e-17,0.9264963937195574
2000-07-01,5,1,0.9976818005506277,6.865514273864492e-23,0.001804925748812189,0.0004450091785842844,6.717651545440218e-05,1.0880063164059639e-06,0.9976818005506277
2000-08-01,5,1,0.9785121914116617,2.419297652568634e-13,0.020534329258678007,0.0009297240978110778,2.368679483028447e-05,6.843694419657144e-08,0.9785121914116617
2000-09-01,5,1,0.9925369902979878,8.864008189486131e-13,0.00563785209298325,0.001823789498792675,8.315259754413596e-07,5.365831931578862e-07,0.9925369902979878
2000-10-01,5,1,0.9982868040967131,3.6486847329279773e-13,2.398901421664853e-07,0.0017129555853196354,3.545508600170555e-10,7.291531870089202e-11,0.9982868040967131
2000-11-01,5,1,0.9992253970070242,1.2769055732449885e-35,3.791849633898142e-18,0.0007746029928179234,5.82583664711588e-17,1.3055678221021606e-33,0.9992253970070242
2000-12-01,5,1,0.9498273468497755,7.559228971164449e-23,0.03789005320249606,0.012252216187617395,7.127663924646051e-08,3.03124833328062e-05,0.9498273468497755
2001-01-01,2,0,0.00022729310108491674,5.992263573902034e-20,1.3170088005828176e-18,0.9997727068988513,4.880635447987987e-40,1.0851784058999637e-19,0.00022729310108491674
2001-02-01,5,1,0.9978593322436432,2.5089820444835936e-36,6.585002185562e-18,0.0021406677563603105,9.84343337492649e-15,4.9046638893562115e-24,0.9978593322436432
2001-03-01,5,1,0.9847197569727538,9.636441854235415e-26,1.7172677337348923e-05,0.01526307001005786,9.143044084698091e-11,2.4864389774731927e-10,0.9847197569727538
2001-04-01,5,1,0.9898767861973412,3.673056955910859e-17,0.0025680133260148844,0.007554208701421538,9.178955832635454e-07,7.387956044062558e-08,0.9898767861973412
2001-05-01,5,1,0.9366959718604009,1.6606950779751567e-11,0.060010410218143274,0.0016280886543285058,0.0014704369752236912,0.00019509227521268728,0.9366959718604009
2001-06-01,5,1,0.27497957920541777,3.84289762224413e-09,0.36453265697867576,2.649261146209374e-05,0.3603694464844273,9.182087717485052e-05,0.27497957920541777
2001-07-01,5,1,0.9991307002606045,9.70575346802285e-13,4.388571082346156e-05,0.0006131112153920052,0.00021230231651188798,4.956642453747079e-10,0.9991307002606045
2001-08-01,5,1,0.9942151713003742,1.1212699512306455e-16,0.0011434041568578021,0.00028158588665396834,0.0043598356314757366,3.0248125511366736e-09,0.9942151713003742
2001-09-01,2,0,0.1645085561037011,2.646671107770561e-14,8.957287071363003e-07,0.835490547502582,5.470622881331756e-26,6.650350360890534e-10,0.1645085561037011
2001-10-01,5,1,0.9573065605228532,2.2256815673311e-17,0.001110661101434423,0.041566325299368746,1.241837503548068e-07,1.632889240589393e-05,0.9573065605228532
2001-11-01,5,1,0.9982252673472547,2.0295990368950997e-15,0.00014683952553540717,0.0007946338041633578,0.0008332590919100766,2.3112655089915176e-10,0.9982252673472547
2001-12-01,3,0,0.10560296040974954,6.856927801914951e-16,0.010298043002585378,9.46942086528065e-06,0.884088636337982,8.908286753061582e-07,0.10560296040974954
2002-01-01,3,0,0.05518232278761425,8.536037744230168e-14,9.412136564137693e-06,1.7690526094347056e-06,0.9448064943308564,1.692049680274812e-09,0.05518232278761425
2002-02-01,5,1,0.9966126137907596,3.441445304864059e-20,3.7305065584775146e-11,5.929065638306848e-05,0.0033280955156322276,3.730179473258939e-18,0.9966126137907596
2002-03-01,5,1,0.9811804670327848,2.1302958385702584e-22,0.0025509282721455956,0.00012363567097936463,0.016144879529136562,8.949500251848222e-08,0.9811804670327848
2002-04-01,5,1,0.9992309589076162,9.864941047171864e-19,5.153198936198352e-10,0.0007680800346032147,9.605425198205057e-07,4.539228738171254e-16,0.9992309589076162
2002-05-01,5,1,0.4482131391730047,1.966305694346047e-22,0.00011085487961697903,4.348797500071147e-05,0.5516325043971172,1.3575171475835979e-08,0.4482131391730047
2002-06-01,5,1,0.9860385597767968,1.2879801275771862e-16,4.872747246050587e-06,0.0002883160485184504,0.013668251425301516,2.2716339846179977e-12,0.9860385597767968
2002-07-01,5,1,0.9763744754352536,2.444408636416132e-16,9.252036841930863e-05,0.023532653954694685,3.062494662631639e-07,4.399224356724589e-08,0.9763744754352536
2002-08-01,5,1,0.20838332548885938,1.488644532500662e-13,0.00015247686279354288,3.5482721439155225e-05,0.7914206580009222,8.05692592477676e-06,0.20838332548885938
2002-09-01,5,1,0.984816563723515,2.262010574047417e-12,1.3200735011617175e-05,0.0008761618195576178,0.014294073595863674,1.2380574769093294e-10,0.984816563723515
2002-10-01,5,1,0.9971551888906852,2.1419388338570925e-21,1.0337623801253324e-05,0.002831164960956715,3.3085245964501947e-06,9.022301890192847e-14,0.9971551888906852
2002-11-01,5,1,0.9929517590008567,5.702940427424788e-37,4.2337865426769775e-13,0.007048240998245389,3.169712140064516e-13,1.0608219578701844e-26,0.9929517590008567
2002-12-01,5,1,0.9996472331492025,2.7094867825962443e-31,1.7024924843974724e-11,0.0003494638265339809,3.303007027230347e-06,5.562748340301217e-17,0.9996472331492025
2003-01-01,3,0,0.23279694175638055,2.0745996462175269e-22,0.020188605394863092,3.744636397746696e-05,0.7469760797229216,9.26761726521997e-07,0.23279694175638055
2003-02-01,3,0,0.004799397054209805,1.7961141342905596e-13,0.00010767291185769515,5.349482316356277e-07,0.9950922944203866,1.0066503870243967e-07,0.004799397054209805
2003-03-01,3,0,0.002138644405443775,3.802210347710287e-14,8.500695671848333e-05,2.1506974173879132e-08,0.9977763263415661,7.891370979847977e-10,0.002138644405443775
2003-04-01,5,1,0.13644892437088016,5.705458580957739e-20,9.267469587248561e-05,7.126319416300109e-07,0.8634576883013029,1.744896485624567e-13,0.13644892437088016
2003-05-01,5,1,0.9965144219584244,4.663701238920227e-25,1.2039270765892012e-07,0.0014908532608813127,0.001994604387944197,8.39263050697497e-17,0.9965144219584244
2003-06-01,5,1,0.29086718225920055,4.308857589264557e-22,0.005264047706533762,7.428382129025182e-05,0.7037929915117396,1.4947011531071345e-06,0.29086718225920055
2003-07-01,5,1,0.9971659495977576,7.448509023215694e-12,2.2384382293877217e-05,0.0013145191326416885,0.0014971435449054637,3.3350540746258584e-09,0.9971659495977576
2003-08-01,3,0,0.1547372605591342,5.65459909352885e-16,0.0008285768577776326,1.541472211540983e-05,0.844418640850896,1.0700996714042907e-07,0.1547372605591342
2003-09-01,3,0,0.013011484975679645,7.993361703269349e-14,5.854711280795032e-05,2.8245838464411683e-06,0.9869271315769108,1.1750791850285895e-08,0.013011484975679645
2003-10-01,3,0,0.0027317247727778405,2.5794190990640506e-16,1.1711210431921713e-05,3.82424819229488e-08,0.9972565257437525,3.0717538790495255e-11,0.0027317247727778405
2003-11-01,3,0,0.001725374519857694,6.6242197422184285e-18,1.1927984781880297e-06,6.776630676016234e-09,0.998273425888242,1.6882831826458872e-11,0.001725374519857694
2003-12-01,3,0,0.013140420844639664,1.268308374708737e-17,1.9718045381146295e-06,9.905303595983035e-08,0.9868575082924514,5.550535139013559e-12,0.013140420844639664
2004-01-01,3,0,0.00684609326557921,4.6939943333635086e-20,9.006684599502058e-05,1.954480671636818e-07,0.9930636444391693,1.3979575566484113e-12,0.00684609326557921
2004-02-01,3,0,0.003331069960006323,8.062485670933097e-20,2.1236372270659e-07,3.736284511068357e-08,0.9966686802915542,2.1675325074899885e-11,0.003331069960006323
2004-03-01,3,0,0.0014074456662525093,1.0760147563718707e-18,2.403184302853467e-06,5.560351028813485e-09,0.9985901455888757,2.8543754334522574e-13,0.0014074456662525093
2004-04-01,3,0,0.4572542783235954,9.940392632394514e-17,0.001003008840172191,1.0246937620565745e-06,0.5417416874666015,6.757693487843579e-10,0.4572542783235954
2004-05-01,3,0,0.02944307858976934,1.8383353939945683e-16,0.0010037369165922683,1.1504828596973766e-06,0.9695520181517325,1.5859112342501103e-08,0.02944307858976934
2004-06-01,3,0,0.010431616275978568,2.1069119183211657e-14,5.6896949283352275e-05,1.0171890639931892e-07,0.9895113596049966,2.545061168557666e-08,0.010431616275978568
2004-07-01,3,0,0.09787199018200218,4.505180892529302e-16,8.003223442042795e-07,6.497328163927046e-07,0.9021265597620465,6.24385724679587e-13,0.09787199018200218
2004-08-01,3,0,0.0030176332659372983,1.5796071448727301e-19,1.0240045500777977e-05,2.732006899071521e-07,0.9969718534626859,2.5237524024929172e-11,0.0030176332659372983
2004-09-01,3,0,0.006768370034414775,3.8212912668057795e-17,0.00019793986519295187,1.8770990972733715e-08,0.9930336708026268,5.267142726711726e-10,0.006768370034414775
2004-10-01,3,0,0.0007941665172194912,5.1099024956925665e-17,7.63228669203544e-05,5.080534686837942e-09,0.999129504569411,9.657593093192717e-10,0.0007941665172194912
2004-11-01,3,0,0.14091027002343687,5.49803658593958e-14,0.006783335538773858,7.144203584040707e-08,0.8523061970321159,1.2596371844251308e-07,0.14091027002343687
2004-12-01,3,0,0.004132643343296668,2.5523542680698458e-14,0.0003692071042884054,2.3980252142576747e-07,0.995497829972949,7.97767916004281e-08,0.004132643343296668
2005-01-01,3,0,0.169954685988628,2.0411382337651342e-12,0.0007375646073414394,4.221665294806723e-07,0.8293072812025565,4.6032884954085996e-08,0.169954685988628
2005-02-01,3,0,0.024087905741580835,1.427238911603981e-13,0.0011882484610796801,6.157739020390929e-07,0.9747231696574529,6.03659891359001e-08,0.024087905741580835
2005-03-01,3,0,0.009904593594406728,5.386301414599405e-13,0.023397851714534557,2.264421125744939e-07,0.9666963946883407,9.335598746309223e-07,0.009904593594406728
2005-04-01,3,0,0.005996060231221477,5.228683061375862e-12,0.00582765477804107,1.9297666523846336e-07,0.9881720929783442,3.9990307015895684e-06,0.005996060231221477
2005-05-01,3,0,0.006956234875611444,1.8025920873022983e-12,0.005808826597745338,9.487994392174564e-08,0.9872345355255687,3.081194133119727e-07,0.006956234875611444
2005-06-01,3,0,0.002712816944283944,5.675147718662404e-13,0.0021281099087631975,1.7804589336209513e-08,0.9951585233081852,5.320334844046549e-07,0.002712816944283944
2005-07-01,1,0,0.13215393022797634,5.2111643332252015e-11,0.2104528631319052,3.4036410551758406e-07,0.6573798527288176,1.3013495163161788e-05,0.13215393022797634
2005-08-01,1,0,0.04536343336406642,7.03919580136398e-10,0.8143798196533274,2.2301064822487122e-05,0.13954063345719245,0.0006938117565651018,0.04536343336406642
2005-09-01,1,0,0.0017874278298276262,4.791559546045972e-09,0.9930386903929929,6.455134484494501e-07,0.004749836936883633,0.00042339453538763045,0.0017874278298276262
2005-10-01,1,0,0.002323834972052688,2.0158853971521573e-08,0.9962399638224397,6.735507178787371e-06,1.6170399416979379e-06,0.0014278284993507915,0.002323834972052688
2005-11-01,1,0,0.0007628872014582982,1.851898420706504e-09,0.9988936699703094,1.314465166641456e-06,0.00010027035658571984,0.0002418561547399846,0.0007628872014582982
2005-12-01,1,0,0.00044740970757486514,1.2671149454628956e-09,0.9989543820762298,7.553116406770172e-07,2.5216703428896912e-05,0.000572234934105708,0.00044740970757486514
2006-01-01,1,0,0.000549903034753817,3.632148938096501e-09,0.9988927931966187,8.858661546036788e-07,6.356841408053058e-07,0.0005557785861931181,0.000549903034753817
2006-02-01,1,0,0.00026503031260019733,2.8495879422133726e-09,0.9990341001562927,4.304114883215463e-07,8.448407373358109e-07,0.000699591429509697,0.00026503031260019733
2006-03-01,1,0,0.00042321863801040357,1.0033801681905011e-08,0.9988897107998064,1.8840680480495241e-06,1.9809362802716726e-07,0.0006849783667311481,0.00042321863801040357
2006-04-01,1,0,0.0007088670153222912,1.346603002539235e-08,0.9987042424775591,2.20588136506708e-06,8.58438844577363e-07,0.0005838127208616566,0.0007088670153222912
2006-05-01,1,0,0.0004969178542699039,3.765267943180472e-08,0.9952423256360388,1.912571242662327e-06,2.1303129291843432e-08,0.004258784982530197,0.0004969178542699039
2006-06-01,1,0,0.0002601662334316678,4.685900522084346e-08,0.9983411966579651,4.7082052980275837e-07,1.8659129989579661e-07,0.001397932837967685,0.0002601662334316678
2006-07-01,1,0,0.0004853379491741142,1.6735402364926615e-08,0.998702376247353,2.084033594609749e-06,4.095391577462938e-07,0.0008097754951410698,0.0004853379491741142
2006-08-01,1,0,0.00041238180138309375,3.19616214106922e-09,0.9989751999334259,3.931588897699245e-06,1.5511760221708069e-07,0.0006083283624599687,0.00041238180138309375
2006-09-01,1,0,0.00025304602875762214,3.3994642807663835e-09,0.998958556588489,1.3171361309300484e-06,2.649922833943979e-07,0.0007868118547103975,0.00025304602875762214
2006-10-01,1,0,0.00020849283429516305,2.799143008248954e-09,0.9991932912294834,5.102590627213137e-07,2.834219179525256e-07,0.0005974194561880209,0.00020849283429516305
2006-11-01,1,0,0.00018355275653211502,3.2852816089225997e-09,0.9989591165060367,7.490381151968919e-07,2.7879722554859404e-07,0.0008562996168195076,0.00018355275653211502
2006-12-01,1,0,0.0002620004136673602,8.851604588126203e-09,0.9988047539479833,9.64904571914556e-07,1.4756815340770611e-07,0.0009321243138910824,0.0002620004136673602
2007-01-01,1,0,0.00013154695646138692,6.809576792672239e-09,0.9988345488436894,3.7431081615257056e-07,7.654847537153071e-08,0.0010334465310173388,0.00013154695646138692
2007-02-01,1,0,0.0004818093906366217,2.4610501917641363e-08,0.9976244948846421,5.012935920432266e-06,5.313827724249473e-08,0.0018886050402075326,0.0004818093906366217
2007-03-01,1,0,0.0002330298741805335,3.146920278144209e-08,0.9982831019627497,2.362417711848764e-06,2.331375180693119e-08,0.0014814509623082078,0.0002330298741805335
2007-04-01,1,0,0.0003136953409718088,1.3908749468076386e-08,0.9986492232878103,1.2588145463053267e-06,2.8952457979115524e-07,0.0010355191234235025,0.0003136953409718088
2007-05-01,1,0,0.0018903901430192239,5.8964103840862485e-08,0.9967531591149187,9.359708779589095e-06,4.212795243858823e-07,0.001346610789595918,0.0018903901430192239
2007-06-01,1,0,0.0005232644325357609,4.6530895360853464e-08,0.9975236338988388,4.308867401607871e-06,1.6205021696605345e-07,0.0019485842199384114,0.0005232644325357609
2007-07-01,1,0,0.0017879450280007753,5.028423304096098e-07,0.9907907664313127,3.5416284431399977e-05,3.5002359804913086e-08,0.007385334411435829,0.0017879450280007753
2007-08-01,1,0,0.02512631790062531,5.425996115055415e-05,0.7632007437809344,0.1527829988353693,3.520900949845888e-17,0.05883567952192549,0.02512631790062531
2007-09-01,1,0,0.006847660452768326,4.959999715388604e-07,0.9888268660923539,3.6968544453238444e-05,2.835584556450293e-05,0.004259653064886717,0.006847660452768326
2007-10-01,1,0,0.0006132510989997178,1.1385371515935833e-08,0.9986633248710038,9.401067561983645e-07,0.00018772972769936697,0.0005347428103898646,0.0006132510989997178
2007-11-01,1,0,0.0176000065502996,3.109135611632807e-05,0.18937988308431783,0.5279385948833532,3.0892819758097273e-22,0.26505042412591256,0.0176000065502996
2007-12-01,1,0,0.12799529447659294,1.638132859459256e-05,0.8004646184596835,0.0002445322212222478,0.00025138511713088764,0.07102778839689408,0.12799529447659294
2008-01-01,2,0,0.00012317716079764663,0.001004527428839711,2.3878827842837774e-07,0.9961786206687159,4.4364800060736557e-42,0.0026934359535954605,0.00012317716079764663
2008-02-01,5,1,0.9745015867060473,2.449003979069263e-06,2.2724534953271142e-05,0.018759932895774194,2.2393995811367318e-08,0.00671328446544957,0.9745015867060473
2008-03-01,5,1,0.9960028055137569,2.878454170874365e-08,0.0009621362558569365,0.00291872406420447,6.625605077257267e-05,5.0049331074001034e-05,0.9960028055137569
2008-04-01,5,1,0.99757045861673,1.1165156548751834e-09,0.0007733984226321416,6.66175125354479e-05,0.0015850100090077058,4.514322576168427e-06,0.99757045861673
2008-05-01,5,1,0.8325711126833901,3.98417233036521e-10,0.15070880529708738,2.9916014963743467e-05,0.016685007165753163,5.158440466077906e-06,0.8325711126833901
2008-06-01,5,1,0.9970159377198068,7.981793364388535e-12,0.0015273627147868066,0.00028204717687219533,0.0011742797180997028,3.7266236239249055e-07,0.9970159377198068
2008-07-01,5,1,0.9851418695905757,2.072352089733993e-13,0.012234367187587492,0.0020978989172321617,0.0005257155533069366,1.4875121105745406e-07,0.9851418695905757
2008-08-01,5,1,0.27146052945704713,4.787506589329732e-13,0.0064066971555815705,3.6376947906222935e-05,0.722092843012548,3.553426519634237e-06,0.27146052945704713
2008-09-01,2,0,0.06629629511230674,1.8262663094196785e-09,1.7349042483607978e-08,0.93370335200854,4.391875361483655e-17,3.337037671061773e-07,0.06629629511230674
2008-10-01,2,0,0.00024054768050595042,2.5716954011887436e-13,2.1591846282105206e-14,0.9997593756879737,2.0873841964979668e-26,7.663104135274914e-08,0.00024054768050595042
2008-11-01,5,1,0.44738408769119775,2.0353144884617672e-13,2.980383819877574e-17,0.5526158992702277,7.897058942187387e-15,1.3038468862070897e-08,0.44738408769119775
2008-12-01,5,1,0.979255006042043,1.8932510578631785e-15,4.664282162711907e-10,0.02072308917234965,2.1877329106411147e-05,2.6990082178133122e-08,0.979255006042043
2009-01-01,5,1,0.9992723974728236,1.517790041414729e-16,6.45626220235097e-11,0.0007275199156405455,8.254512635978095e-08,1.9663830433672467e-12,0.9992723974728236
2009-02-01,5,1,0.993591093662518,2.0500754166948182e-17,0.0009562684208994978,0.001054009282766736,0.004397758740930982,8.698931059653537e-07,0.993591093662518
2009-03-01,5,1,0.7341511178740228,2.596790234311254e-16,3.1388197317770193e-06,0.00016018293508259708,0.2656855603132723,5.78166076197551e-11,0.7341511178740228
2009-04-01,5,1,0.9903224158517786,2.3533995939362327e-18,7.284698404047473e-09,0.009661514984760627,1.6061878602891624e-05,1.9867926366940685e-13,0.9903224158517786
2009-05-01,5,1,0.9649066118944424,4.831696698615777e-19,4.385846778574689e-07,0.0005617784155217456,0.034531052392156675,1.187131841092179e-07,0.9649066118944424
2009-06-01,5,1,0.9590920433891735,3.823313415384785e-13,1.5017575238216349e-07,0.0002684587537737608,0.040639342190012,5.490995932144227e-09,0.9590920433891735
2009-07-01,3,0,0.492010761985738,3.301994118557637e-17,6.777180271484433e-06,7.30177711278086e-05,0.5079094428538174,2.0914651645579348e-10,0.492010761985738
2009-08-01,3,0,0.04479472345416401,4.2970538240360225e-19,8.180637256009231e-05,6.965982072384172e-06,0.9551165040932044,9.798504346620936e-11,0.04479472345416401
2009-09-01,3,0,0.0014642371856295393,1.2950667179276988e-18,2.9050502299998044e-07,5.6046315335459295e-08,0.9985354162294824,3.333457628733805e-11,0.0014642371856295393
2009-10-01,3,0,0.04893849167450422,4.4669083758752164e-17,5.108778306678434e-06,2.865763004883508e-07,0.9510561129697412,1.2312908012536917e-12,0.04893849167450422
2009-11-01,3,0,0.005776753955202767,2.9665249091211585e-20,4.7610028438054507e-07,4.356853390578644e-07,0.9942223342569625,2.1283770471592e-12,0.005776753955202767
2009-12-01,3,0,0.00589914662444219,2.3854070542560143e-18,5.6586013368290116e-06,7.444224453350975e-08,0.9940951203251545,7.0273861657800484e-12,0.00589914662444219
2010-01-01,3,0,0.01265550370987727,7.084487649099045e-18,8.096563112109867e-05,4.514298047328998e-07,0.9872630791089442,1.201656635676156e-10,0.01265550370987727
2010-02-01,3,0,0.000386397428705122,5.551963992941593e-19,5.723810763528586e-07,4.4289523094528124e-09,0.9996130257506287,1.0668610700084508e-11,0.000386397428705122
2010-03-01,3,0,0.0011799957012526541,1.2658617423748621e-19,2.842808850937788e-07,8.291576479951185e-10,0.9988197191887697,6.940466711842068e-14,0.0011799957012526541
2010-04-01,3,0,0.0003359229909204197,7.154818674945564e-22,2.893246525011152e-07,4.922009294063859e-10,0.9996637871921018,6.078027482073733e-14,0.0003359229909204197
2010-05-01,3,0,0.10515057588856966,9.137498482257885e-19,4.87417089381178e-05,6.394922765832709e-07,0.8948000428910354,1.9100784335439443e-11,0.10515057588856966
2010-06-01,3,0,0.018899444300325825,2.2169293276256658e-17,8.957159603637738e-06,4.1541549809724045e-06,0.9810874440703053,3.1462145339219877e-10,0.018899444300325825
2010-07-01,3,0,0.005410849715898369,1.926390568998361e-18,6.981971522551894e-07,1.7294183718080406e-07,0.9945882791408766,4.1144528539859856e-12,0.005410849715898369
2010-08-01,3,0,0.048134503758728776,4.4192124482098884e-17,1.2185368042514019e-06,2.1120297973832395e-06,0.9518621656512428,2.3442330569172578e-11,0.048134503758728776
2010-09-01,3,0,0.026375985967627278,3.1273384566753e-19,2.788968178657016e-07,2.910214312542941e-06,0.9736208249196463,1.3881351216873767e-12,0.026375985967627278
2010-10-01,3,0,0.0036573569404410463,1.98632849987219e-19,1.0883939698975473e-06,2.0818643663106139e-07,0.9963413464552483,2.3985150220116223e-11,0.0036573569404410463
2010-11-01,3,0,0.0007170481817870327,6.96662196461335e-19,1.1784348152257043e-05,3.0901044634586447e-09,0.9992711643772159,2.9119408139886237e-12,0.0007170481817870327
2010-12-01,3,0,0.2122735166207995,1.732123153092429e-19,1.4543684329734284e-05,1.2035953507021315e-06,0.7877107360984903,1.0726886170994033e-12,0.2122735166207995
2011-01-01,3,0,0.005490602609526063,5.2270659282438097e-20,5.213542088272819e-06,5.425593902933008e-07,0.9945036412685037,2.0598419002585628e-11,0.005490602609526063
2011-02-01,3,0,0.0006239052282033594,7.341028383910827e-20,9.902939216940157e-07,4.10932015806142e-09,0.9993751003675021,1.269122724221596e-12,0.0006239052282033594
2011-03-01,3,0,0.0006662847018659169,3.7388602819996306e-20,1.1618562029710386e-06,5.25237141739441e-10,0.9993325529161067,4.567062039264665e-13,0.0006662847018659169
2011-04-01,3,0,0.0010304461599592882,1.1480046854870968e-20,6.215152174165644e-07,1.6690424732009037e-09,0.9989689306554731,4.4779413713313694e-13,0.0010304461599592882
2011-05-01,3,0,0.000987260635309624,1.5347420850452198e-20,4.1944252455341824e-07,1.620814905322181e-09,0.9990123183010897,2.1770096870962544e-13,0.000987260635309624
2011-06-01,3,0,0.00304058093830208,4.1164716956172293e-20,7.858310731728324e-06,7.311576085125187e-09,0.9969515534388889,5.629927686099338e-13,0.00304058093830208
2011-07-01,3,0,0.01601301213738608,3.6904674730747037e-19,6.553195467890985e-07,8.538607258343953e-08,0.9839862471400233,1.693770046986613e-11,0.01601301213738608
2011-08-01,5,1,0.7267249625083222,2.481052723160776e-16,8.856015369686079e-08,0.0001135963439107927,0.2731613525844343,3.31799177251198e-12,0.7267249625083222
2011-09-01,5,1,0.8694737892073906,1.1934504296093934e-17,4.801854141642188e-06,0.0003424937161025164,0.13017891109999682,4.122156508316537e-09,0.8694737892073906
2011-10-01,5,1,0.9962762579144244,4.920849237170802e-20,2.580246033180831e-07,0.0006824874701530088,0.0030409965906346413,2.2642953092652846e-14,0.9962762579144244
2011-11-01,3,0,0.07127196913592268,4.027578554067393e-21,2.0539914760066592e-05,5.405817106264888e-06,0.9287020642614625,2.0870643122056532e-08,0.07127196913592268
2011-12-01,3,0,0.0012907218297704129,5.051571252600787e-16,2.628870005844083e-07,5.40581427957321e-08,0.9987089611982672,2.694963874640295e-11,0.0012907218297704129
2012-01-01,3,0,0.0007970012349803721,4.177282535416406e-20,4.390775051803489e-07,1.5550392808274746e-09,0.9992025581324272,3.87224322638591e-14,0.0007970012349803721
2012-02-01,3,0,0.0007004160529827539,5.647129004563101e-22,2.9734900520032884e-07,8.79272725237073e-10,0.9992992857187746,7.117616552361297e-14,0.0007004160529827539
2012-03-01,3,0,0.004428111689469936,1.1831869420931138e-20,1.2036306326560058e-06,9.298349933288022e-09,0.9955706753815162,2.0835760574124802e-13,0.004428111689469936
2012-04-01,3,0,0.0012176143018532155,9.8389595388133e-21,1.0912853114169812e-07,7.373512122904687e-09,0.9987822691958982,3.411464765866608e-13,0.0012176143018532155
2012-05-01,3,0,0.07719060577550446,1.1735363228791895e-18,1.1093250137091768e-06,4.972094705409983e-07,0.9228077876892335,5.832990550970416e-13,0.07719060577550446
2012-06-01,3,0,0.0009137203564108784,2.330666787923247e-21,1.001116729764596e-06,4.021510920297585e-08,0.9990852383110237,7.47988295421603e-13,0.0009137203564108784
2012-07-01,3,0,0.0004200097796865713,1.027344217818554e-20,4.5325324008701804e-07,5.632279334090222e-10,0.9995795364033097,3.880195317550803e-13,0.0004200097796865713
2012-08-01,3,0,0.0007957944142017879,1.6884814197294971e-21,9.42976646004391e-06,6.918358840296424e-10,0.9991947751273453,9.483370784134722e-14,0.0007957944142017879
2012-09-01,3,0,0.0005462759064667824,5.335995534803238e-22,3.90013485181258e-06,6.882496881410928e-10,0.9994498232686846,1.9481303891686312e-12,0.0005462759064667824
2012-10-01,3,0,0.0010285907892477427,1.0731267280829133e-19,1.3586137903279182e-05,1.1219977955182252e-09,0.998957821944053,7.0193459352706615e-12,0.0010285907892477427
2012-11-01,3,0,0.0006693671649759028,1.0358369733815179e-19,4.252264481999586e-06,1.1086987837767353e-09,0.9993263794543353,7.671109706897086e-12,0.0006693671649759028
2012-12-01,3,0,0.002766081905060338,1.874177840652372e-19,5.803996973924088e-05,5.454241511945928e-09,0.997175872667048,4.130719451205437e-12,0.002766081905060338
2013-01-01,3,0,0.02552868326903136,1.0244350529878505e-18,6.20072184022689e-07,2.705597336634159e-07,0.97447042605787,4.1182004801089404e-11,0.02552868326903136
2013-02-01,3,0,0.00045824298859796205,4.239076671230026e-19,5.052672786155641e-07,1.0457108891146835e-08,0.9995412412861365,8.984444742192291e-13,0.00045824298859796205
2013-03-01,3,0,0.00048519251267924136,9.329677877383035e-21,1.1109012711844147e-07,4.36540940532509e-10,0.999514695960353,8.546734743928657e-14,0.00048519251267924136
2013-04-01,3,0,0.00038949992490353247,1.0239861158157845e-21,1.84665232377431e-07,3.185174147811667e-10,0.9996103150910987,2.288289695828536e-14,0.00038949992490353247
2013-05-01,3,0,0.14389970543763508,2.3361645797123752e-20,0.00018019848406382812,6.514494943537979e-07,0.8559194446282278,4.556543236442522e-13,0.14389970543763508
2013-06-01,3,0,0.0445027080372887,6.980965990732205e-19,9.622572993055333e-05,7.91558685164479e-06,0.9553931492666177,1.379521639201042e-09,0.0445027080372887
2013-07-01,3,0,0.0032012775722825826,1.536683153721144e-17,7.182727523126929e-07,2.0731792445927476e-07,0.9967977968089061,2.799154088123476e-11,0.0032012775722825826
2013-08-01,3,0,0.002263977807620286,4.562358397265088e-18,4.169914002737037e-05,1.6203216530686714e-08,0.9976943068360158,1.3046134986762271e-11,0.002263977807620286
2013-09-01,3,0,0.00040108044632479017,5.127052755186133e-20,2.4247745293947114e-07,1.2804016471527893e-09,0.9995986757917165,4.096676025796652e-12,0.00040108044632479017
2013-10-01,3,0,0.0026941942674533503,2.515776597901273e-19,1.62070713530649e-08,2.234241508473148e-09,0.9973057872910385,4.4403234440160855e-14,0.0026941942674533503
2013-11-01,3,0,0.0019502108617258233,3.582646102562649e-21,1.8813212844503473e-06,1.1850185066080102e-08,0.9980478959668725,2.1472398121459525e-14,0.0019502108617258233
2013-12-01,3,0,0.0015371103981946168,6.830526874133808e-22,6.263883725015423e-06,6.297429262330265e-09,0.9984566194200815,7.949103491553228e-13,0.0015371103981946168
2014-01-01,3,0,0.295278168756088,6.374310461935876e-17,5.698078267040766e-06,1.897574438168853e-05,0.7046971572556969,1.6544190946505067e-10,0.295278168756088
2014-02-01,3,0,0.003299142513585344,7.453086442183723e-19,1.310588976960219e-06,2.3825579491204247e-07,0.9966993086165763,2.52255051113827e-11,0.003299142513585344
2014-03-01,3,0,0.0006111509038153182,5.285333938144632e-19,3.9931142446246185e-07,1.8987929890888784e-09,0.9993884478852432,9.249207241896872e-13,0.0006111509038153182
2014-04-01,3,0,0.0038989231032391016,9.119538140596971e-20,4.3893792907926327e-07,4.0690362033185434e-09,0.9961006338896949,1.8323746507927268e-13,0.0038989231032391016
2014-05-01,3,0,0.0003824424235451457,1.5769010511030996e-21,2.6975526655317285e-07,1.8149276007261034e-09,0.9996172860062736,8.835868430975817e-14,0.0003824424235451457
2014-06-01,3,0,0.0005391511639063328,2.0594490876011557e-22,2.578590681576292e-06,3.3281442263753363e-10,0.9994582699127457,3.0335381180479377e-14,0.0005391511639063328
2014-07-01,3,0,0.0006108077762636462,9.463649735286678e-22,4.665685050217773e-06,5.359442635654156e-10,0.999384526000561,2.0748263118035473e-12,0.0006108077762636462
2014-08-01,3,0,0.0007686710139232179,2.1261936353168575e-20,6.009968430915938e-08,1.0107347960228744e-09,0.999231267874879,5.676319600835209e-13,0.0007686710139232179
2014-09-01,3,0,0.0008141065448086398,2.1387972085051625e-20,3.031719832407949e-06,9.090921117822772e-10,0.9991828608263699,3.402841761527734e-14,0.0008141065448086398
2014-10-01,3,0,0.00034938740889863993,2.76680808152716e-22,2.1105050948650083e-07,4.532737451145686e-10,0.999650401086901,4.836422268875522e-13,0.00034938740889863993
2014-11-01,3,0,0.0007160023516493149,9.440034957075431e-21,4.465080876493972e-08,3.925404233368018e-10,0.9992839526049084,3.453784965219777e-14,0.0007160023516493149
2014-12-01,3,0,0.0014467876926666668,1.6626552603766681e-21,5.620967701698985e-06,1.4472526794635317e-09,0.9985475898923554,6.325118927896246e-14,0.0014467876926666668
2015-01-01,3,0,0.007503489222964918,2.4971158399780322e-20,1.2021032685986069e-07,4.520426919711035e-08,0.9924963453590231,3.292488979316778e-12,0.007503489222964918
2015-02-01,3,0,0.005442684192779515,1.8854996326050847e-20,3.3446441097787544e-06,8.550248438159056e-08,0.9945538856603717,2.8074069207344917e-14,0.005442684192779515
2015-03-01,3,0,0.0004594199728432085,5.861040753628552e-22,4.062037933521492e-06,2.8883545484046722e-09,0.9995365150981232,2.749921453952123e-12,0.0004594199728432085
2015-04-01,3,0,0.0027519169535717186,1.1470471775630447e-19,2.920258843921363e-05,4.148243041234585e-09,0.9972188763045896,5.093278734327742e-12,0.0027519169535717186
2015-05-01,3,0,0.0008720376777547429,9.035391433211622e-20,1.8513645218565135e-06,3.60503266088672e-09,0.999126107341803,1.0936409647414888e-11,0.0008720376777547429
2015-06-01,3,0,0.0025272191516007947,2.090411011745293e-18,1.919496587253911e-05,5.1813200908143765e-09,0.9974535806972985,3.824012748762078e-12,0.0025272191516007947
2015-07-01,3,0,0.0016222786725312458,2.389228688776403e-19,3.885447586778233e-08,5.934289811899725e-09,0.9983776765339156,4.784319870527098e-12,0.0016222786725312458
2015-08-01,3,0,0.02130702483776582,1.1877942037076461e-17,0.0002835845508062774,1.3254798774999342e-07,0.978409258055209,8.425652517991937e-12,0.02130702483776582
2015-09-01,3,0,0.006872310997489143,3.481175846817231e-19,1.864876666169302e-07,2.660973531594138e-07,0.9931272363874799,3.001839713164189e-11,0.006872310997489143
2015-10-01,3,0,0.0063552737197368646,7.997139548663169e-19,1.554789630732363e-07,6.344134819870449e-08,0.9936445073594617,4.548476110332927e-13,0.0063552737197368646
2015-11-01,3,0,0.0057210257267910555,5.246876401093933e-20,2.2454989644020343e-05,3.311897482480273e-08,0.9942564861619477,2.5966833123963032e-12,0.0057210257267910555
2015-12-01,3,0,0.0007675713540905707,1.2576669393587973e-19,4.674490502880882e-06,4.359505996430557e-09,0.9992277497749368,2.0849731123112138e-11,0.0007675713540905707
2016-01-01,3,0,0.04786277711592999,5.012874239475967e-17,6.863854237776451e-06,2.8085798019947194e-07,0.9521300781550637,1.694223401748155e-11,0.04786277711592999
2016-02-01,3,0,0.02452794720290191,8.092940695837911e-18,1.1200421983296288e-06,6.63337494884609e-07,0.9754702693944428,2.2797814520808846e-11,0.02452794720290191
2016-03-01,3,0,0.017787217976693356,1.0426108986872957e-18,1.7565984456773187e-06,1.212176390839422e-06,0.9822098132462683,2.2920030505926677e-12,0.017787217976693356
2016-04-01,3,0,0.004147726753366989,1.1634311441201596e-20,5.559017777932976e-05,1.2709396134795209e-07,0.9957965559692022,5.695963344828427e-12,0.004147726753366989
2016-05-01,3,0,0.0007944916251059252,1.5776405458009618e-19,1.0201148846554478e-06,2.8155394366887505e-09,0.9992044854161478,2.852331419594713e-11,0.0007944916251059252
2016-06-01,3,0,0.002612555644696997,3.1410377144448335e-18,6.775131044748704e-07,7.581775703876062e-09,0.9973867592592106,1.0510592516172067e-12,0.002612555644696997
2016-07-01,3,0,0.0007703748503608543,2.626987221365327e-20,9.05104405324163e-08,2.1485696963582175e-09,0.9992295324903989,1.7916982775620592e-13,0.0007703748503608543
2016-08-01,3,0,0.0016394086665821633,2.7449553611420654e-21,6.81904985980633e-05,1.7437225068572268e-09,0.9982923990907584,1.2536294626954458e-13,0.0016394086665821633
2016-09-01,3,0,0.0014795820832982202,2.328237958287094e-21,3.9294365098659455e-05,5.611019362021547e-09,0.998481117864229,7.633897030658143e-11,0.0014795820832982202
2016-10-01,3,0,0.0021710905437342864,1.7438173353052938e-17,3.865512282334261e-05,5.522843001598041e-09,0.9977902486942363,1.1631841371651632e-10,0.0021710905437342864
2016-11-01,3,0,0.03239052567894362,8.422899712451017e-17,2.33999029507272e-05,2.9259424329516545e-07,0.9675857817926211,3.1016835891619167e-11,0.03239052567894362
2016-12-01,3,0,0.0007312102783142482,7.40034845749193e-19,4.0274701580774417e-07,1.6526867469897722e-08,0.9992683704416772,6.272534081946416e-12,0.0007312102783142482
2017-01-01,3,0,0.0003697957958078288,6.126125147002064e-20,8.88630850242353e-06,3.774161901820553e-10,0.9996213175178345,3.1190041146961043e-13,0.0003697957958078288
2017-02-01,3,0,0.0004095486881242911,4.791978087679894e-21,4.481077744158419e-07,2.1101027966773166e-10,0.9995900029901998,2.8249132911775422e-12,0.0004095486881242911
2017-03-01,3,0,0.001053292261985727,2.650342388705937e-19,1.4430471724479525e-05,3.8992222754400397e-10,0.9989322768752295,9.202013721595515e-13,0.001053292261985727
2017-04-01,3,0,0.0005616444785404061,2.949211281953831e-20,1.0580409224999981e-06,5.234330471680313e-10,0.999437296949607,7.591150954385038e-12,0.0005616444785404061
2017-05-01,3,0,0.0005007283821284377,3.0721993139636616e-19,3.186258733349256e-06,2.525488709364228e-10,0.999496085105448,9.664448610672558e-13,0.0005007283821284377
2017-06-01,3,0,0.001455939149490128,2.615619471040833e-20,0.00011564054455120405,1.211051935927681e-09,0.9984284190884867,6.456850095417235e-12,0.001455939149490128
2017-07-01,3,0,0.0004922520257886794,1.1321871126427352e-19,3.08824612261024e-05,1.043444997747813e-09,0.9994768643361319,1.332960161446617e-10,0.0004922520257886794
2017-08-01,3,0,0.0007956490941812518,1.0170608459621937e-17,2.4369918118235077e-05,7.866438617225033e-10,0.9991799800941173,1.0685035284630091e-10,0.0007956490941812518
2017-09-01,3,0,0.0014189277157278409,4.242954003397094e-18,0.0002064848139678425,1.4723477716989582e-09,0.9983745859368782,6.101367712484348e-11,0.0014189277157278409
2017-10-01,3,0,0.0006554835365608949,3.541319924897251e-18,2.3624613109885313e-05,7.021915242163078e-10,0.9993208906557416,4.922901677212491e-10,0.0006554835365608949
2017-11-01,3,0,0.007358929245579494,2.7579415192009793e-16,2.2755735898764573e-06,3.774742730338321e-09,0.9926387913338172,7.234220656205072e-11,0.007358929245579494
2017-12-01,3,0,0.0008466825911038911,6.472350762493713e-18,3.724138537833125e-05,3.7210562242352744e-09,0.9991160722929681,9.617002614552876e-12,0.0008466825911038911
2018-01-01,3,0,0.0024430790414198857,6.776057322606155e-19,8.809101529805885e-05,2.753808684469335e-09,0.9974688271242839,6.510949175404106e-11,0.0024430790414198857
2018-02-01,3,0,0.058159683229146324,2.163814961444815e-15,0.015840519004167147,3.599019113422319e-07,0.925999342542089,9.532279841000774e-08,0.058159683229146324
2018-03-01,3,0,0.0032084663594383186,6.45863403283772e-14,0.00043423046738929667,1.8271956628893427e-07,0.9963567941667847,3.2628683881555584e-07,0.0032084663594383186
2018-04-01,3,0,0.009433485519249803,2.5580352537117907e-13,0.005098989644161204,3.839673267087119e-08,0.9854674521168061,3.432292084666052e-08,0.009433485519249803
2018-05-01,3,0,0.0013425373774435144,1.7909851675589137e-15,0.0003509341853312785,2.18671402962269e-08,0.9983064823751389,2.4194809571797063e-08,0.0013425373774435144
2018-06-01,3,0,0.0006022547281428506,3.457567338798053e-15,7.363921934818609e-05,7.961558806826098e-10,0.9993241031127604,2.1434724038908092e-09,0.0006022547281428506
2018-07-01,3,0,0.0021261331049138815,9.58832850768971e-16,0.00027335606960768587,1.354584998108187e-09,0.9976005082175947,1.2534374840720215e-09,0.0021261331049138815
2018-08-01,3,0,0.0012837120056001503,8.621871464993546e-17,0.0003532635240106479,3.5262303884182334e-09,0.9983630191316891,1.8122670608968854e-09,0.0012837120056001503
2018-09-01,3,0,0.0024888429486419786,1.4974617110672343e-15,0.001963776192180633,3.7066739942785485e-09,0.9955473576393968,1.9513239592743073e-08,0.0024888429486419786
2018-10-01,3,0,0.28123279484048275,3.5947818469235994e-12,0.05199618626030428,3.2311932241242424e-06,0.6667615049144666,6.282788128885453e-06,0.28123279484048275
2018-11-01,3,0,0.006858224114852235,1.598649717273352e-12,0.008282505568921133,6.384357774870388e-07,0.984857021997107,1.6098817020051455e-06,0.006858224114852235
2018-12-01,5,1,0.9156341068436549,6.199626089291725e-09,0.026147993177378804,0.000422895952742773,0.05763390995718395,0.00016108786929832324,0.9156341068436549
2019-01-01,3,0,0.32254007084953007,4.194349022921825e-11,0.0051697856983829804,6.871109480115582e-05,0.6722206829284109,7.493868342589059e-07,0.32254007084953007
2019-02-01,3,0,0.008128026511575579,1.9115086535621284e-13,0.0025301492441404203,6.51658372230052e-07,0.9893410450505279,1.2753521814987214e-07,0.008128026511575579
2019-03-01,3,0,0.002488376677769101,9.973302619968427e-14,0.000783767484136506,5.042035480545561e-08,0.996727673024822,1.323929074968993e-07,0.002488376677769101
2019-04-01,3,0,0.005123516102494477,2.885666357819951e-13,0.001532986750060805,3.057459377048024e-08,0.9933434155943658,5.097841327902864e-08,0.005123516102494477
2019-05-01,3,0,0.44517584644781183,2.84832444056182e-11,0.014128127428718572,4.570733807819685e-05,0.5406455921145387,4.726642284580068e-06,0.44517584644781183
2019-06-01,3,0,0.45508115195625887,1.6363309351955398e-11,0.0046361024733486056,0.00023114525371039886,0.5400496774979597,1.922802426315016e-06,0.45508115195625887
2019-07-01,3,0,0.0111148973948153,1.4404603813896468e-12,0.0024487664271653988,9.102037342119327e-07,0.986435072714851,3.532579159705323e-07,0.0111148973948153
2019-08-01,3,0,0.02276804758709682,4.573224240206969e-12,0.0005986617082183733,2.0951860811316667e-06,0.9766308178536894,3.776602415229203e-07,0.02276804758709682
2019-09-01,3,0,0.008698896975302945,1.1184675331390307e-12,0.0018880908006343956,3.450574289407401e-07,0.9894126149262452,5.223938714258972e-08,0.008698896975302945
2019-10-01,3,0,0.05781058564153584,6.786042011741841e-13,0.011843859452777824,3.6749348125184924e-06,0.9303408955572786,9.844129974385226e-07,0.05781058564153584
2019-11-01,3,0,0.006619708001445467,1.4088742814964422e-14,0.0011603879902068936,2.863824078160807e-07,0.9922196020279305,1.559805336900347e-08,0.006619708001445467
2019-12-01,3,0,0.0035315825690136102,7.644218772172044e-15,0.0009913920758532768,5.890664480720158e-08,0.9954769441309995,2.23173867020825e-08,0.0035315825690136102
2020-01-01,3,0,0.008933337577047866,7.978554602844582e-14,1.3001773605131917e-05,2.2456945200531344e-07,0.9910534221709411,1.3908752038751925e-08,0.008933337577047866
2020-02-01,5,1,0.98664329327684,3.1363115353316644e-11,0.006438731542731875,0.006878980808635862,3.8452138071971144e-05,5.422021439668067e-07,0.98664329327684
2020-03-01,2,0,4.540670302846344e-05,1.484867532387446e-13,3.0671863165645287e-14,0.9999545880953186,2.5060724860852132e-33,5.201494931426881e-09,4.540670302846344e-05
2020-04-01,5,1,0.986754387951501,6.224160329262674e-16,1.4236263100828758e-15,0.013245504551272472,1.726151318595111e-08,9.023577090968496e-08,0.986754387951501
2020-05-01,3,0,0.3175754904763528,5.782126127300515e-14,5.953657176282968e-07,6.070385881839841e-05,0.6823629194281464,2.9087099731096043e-07,0.3175754904763528
2020-06-01,3,0,0.010871419910146599,1.8861090511025297e-14,2.726920869905734e-07,1.123981849595519e-06,0.9891271831574031,2.584771006628584e-10,0.010871419910146599
2020-07-01,3,0,0.014268779468206292,9.438896471752655e-17,6.727359194363583e-09,7.4248315599375e-07,0.9857304713135476,7.9127323981399e-12,0.014268779468206292
2020-08-01,5,1,0.9302186091574214,3.2285497561011696e-16,4.34853444518003e-08,0.00019920451159552994,0.06958214283786848,7.751633080034947e-12,0.9302186091574214
2020-09-01,3,0,0.142441768948889,6.572312410418859e-18,0.0008222792844776315,2.8392857021758995e-05,0.8567074881755133,7.07342557695466e-08,0.142441768948889
2020-10-01,3,0,0.036025792348605715,4.3827183636527046e-14,0.0008245791025525155,7.864138987709035e-06,0.9631417409285616,2.3481363882241358e-08,0.036025792348605715
2020-11-01,5,1,0.5168625343878648,3.225496966305463e-19,7.752086449565363e-08,3.619522797231677e-05,0.48310119286307135,3.9989589138473034e-14,0.5168625343878648
2020-12-01,5,1,0.15149174919954148,1.2340863244546092e-20,1.584730845559538e-06,3.218041565872078e-05,0.8484744850830925,5.70808356482746e-10,0.15149174919954148
2021-01-01,5,1,0.9988168796406015,2.1406017498987392e-15,5.008844361558677e-10,0.00097373638689368,0.00020938344776501717,2.3992474514180942e-11,0.9988168796406015
2021-02-01,5,1,0.7920255412396457,4.905134803898248e-17,0.0005019829493034625,0.0004085391892886842,0.20706388027200678,5.6349575550897806e-08,0.7920255412396457
2021-03-01,5,1,0.9943374639457438,2.4716317074630115e-12,2.929533029737048e-09,0.005612253774481831,5.027921672644702e-05,1.309143209467277e-10,0.9943374639457438
2021-04-01,3,0,0.27669950724496106,6.867605182565868e-17,9.257471393532619e-07,3.257079719933919e-05,0.7232668958512227,1.003598684370694e-07,0.27669950724496106
2021-05-01,3,0,0.010047778841099376,7.527237860851267e-15,2.9291278197962083e-06,7.762166155627291e-07,0.9899485154804214,3.3361138564948155e-10,0.010047778841099376
2021-06-01,3,0,0.0020603255412654253,5.017258674297097e-18,7.549582487644174e-07,3.1069752242732955e-08,0.9979388884278005,2.629090595214687e-12,0.0020603255412654253
2021-07-01,3,0,0.143320318834891,5.673821901190799e-19,2.089089948519024e-09,5.135856618767536e-07,0.8566791654900706,5.4734790738245e-14,0.143320318834891
2021-08-01,3,0,0.0012939079571351688,3.9914181848695852e-22,2.3333047883305086e-06,8.328222217964206e-08,0.9987036754549633,1.2106154001264582e-12,0.0012939079571351688
2021-09-01,3,0,0.0867117137040514,3.633698609791699e-18,0.0019990004458837253,1.0773176949918856e-06,0.9112882080780624,4.538997806167112e-10,0.0867117137040514
2021-10-01,3,0,0.015034380694406598,5.388241942587678e-17,2.5295149597509323e-08,9.271942085946108e-07,0.9849646661083952,7.082609558589632e-10,0.015034380694406598
2021-11-01,5,1,0.9524013602482994,4.1106096125479306e-16,2.5152132286049874e-09,2.3092364960914956e-05,0.04757554487115534,2.5679209354276774e-13,0.9524013602482994
2021-12-01,5,1,0.8837134094371617,2.1247558828934277e-19,3.670310863539182e-08,8.68668243524918e-05,0.11619968698037351,5.471975033832352e-11,0.8837134094371617
2022-01-01,5,1,0.9837580901756274,1.3484397019862771e-15,0.005091944907828051,8.82564067202798e-05,0.011061203725369015,5.047844047236906e-07,0.9837580901756274
2022-02-01,5,1,0.8274114653321378,1.0606442087773587e-12,0.004513423278371189,9.683906327183844e-05,0.16797776126867972,5.110567459304064e-07,0.8274114653321378
2022-03-01,5,1,0.9997835827701314,1.85938204589331e-11,8.040352255800905e-05,8.254394002571154e-05,5.31739287599743e-05,2.958201794248375e-07,0.9997835827701314
2022-04-01,5,1,0.9995913926852221,1.0947719543706122e-12,3.1074843038325944e-05,0.000358025746655716,1.950597365504436e-05,7.500437377753287e-10,0.9995913926852221
2022-05-01,5,1,0.49511933329410573,5.3504535129439936e-15,0.0005664396257370566,9.562372560686087e-05,0.5042185076529904,9.570133941541004e-08,0.49511933329410573
2022-06-01,5,1,0.9983305496310667,4.228359135595915e-11,0.001560854509758941,0.0001076402671210277,5.489620947627541e-09,9.500601324739142e-07,0.9983305496310667
2022-07-01,5,1,0.9995555483241906,9.84995938447741e-13,1.1718429948894777e-07,0.00039823586195046915,4.609771720862511e-05,9.116994676073418e-10,0.9995555483241906
2022-08-01,5,1,0.9948061823493228,5.610259728086588e-14,0.0046276433777667205,0.0005634762027514943,4.659242897982525e-09,2.6934109518508403e-06,0.9948061823493228
2022-09-01,5,1,0.9873078448449996,1.3258701832015555e-08,0.010877559199700184,0.0012985642456490995,1.5797235091701302e-10,0.0005160182930683059,0.9873078448449996
2022-10-01,5,1,0.9992754258342246,6.859308363643969e-07,4.8458684398516974e-05,0.0006622098679944106,1.0076480321259833e-08,1.3209606292865268e-05,0.9992754258342246
2022-11-01,5,1,0.9995603706826133,1.9063980249073845e-10,9.719625713167465e-07,0.0002077244740884107,0.00023090763258473517,2.505750658805651e-08,0.9995603706826133
2022-12-01,1,0,0.8178753623135286,3.4160543586603725e-11,0.1804569358861295,0.001435741105762242,0.0001544954685000258,7.746519203901589e-05,0.8178753623135286
2023-01-01,1,0,0.9333494886508421,2.0926696118233395e-11,0.06358487430441277,0.0005393677787144163,0.0025250368665111814,1.2323789959759069e-06,0.9333494886508421
2023-02-01,1,0,0.1865090936405913,4.201285053167424e-10,0.8123980022112373,1.9006875883179754e-05,8.406919115929626e-05,0.0009898276611886331,0.1865090936405913
2023-03-01,1,0,0.17902722104950003,1.5541691049801273e-06,0.8114574890842868,0.0048042577069094625,6.519627848440652e-08,0.004709412794234007,0.17902722104950003
2023-04-01,1,0,0.015262948603646477,1.4193720761632104e-07,0.9827014118388333,4.44179191501903e-06,0.0008345343977459585,0.0011965214309418355,0.015262948603646477
2023-05-01,1,0,0.009333699805506425,2.1259342481712678e-08,0.989697515859487,2.4413838636085576e-05,7.201028232163839e-09,0.0009443420360873299,0.009333699805506425
2023-06-01,1,0,0.1506378591746671,1.1294900932443164e-06,0.8420476970337217,0.00033054757402011165,4.9198541095569744e-05,0.006933568186230117,0.1506378591746671
2023-07-01,1,0,0.0031541255014328183,6.946155676071417e-08,0.9955171100424504,4.632627195438132e-06,1.0589934870108837e-05,0.0013134724321570814,0.0031541255014328183
2023-08-01,1,0,0.0023591656013106877,1.0645722986336916e-07,0.9965437677608802,1.558539256524571e-05,2.9725049186164376e-07,0.001081077537868203,0.0023591656013106877
2023-09-01,1,0,0.03257647868190712,8.711080443270443e-06,0.9494952941760758,0.0012804734057011058,1.3634477727287494e-08,0.01663902902157648,0.03257647868190712
2023-10-01,1,0,0.01149261390652626,3.7999328119829533e-06,0.984933414568421,6.300261159818733e-05,1.0067161990981976e-06,0.0035061622643066705,0.01149261390652626
2023-11-01,1,0,0.11434711583322621,1.2356982083958473e-08,0.8818091511027778,0.003715559881709912,1.4965792796173706e-05,0.00011319503216134946,0.11434711583322621
2023-12-01,1,0,0.03165475467778703,4.701363698801948e-10,0.9677872875844015,0.00032559938724448115,3.634945968172919e-06,0.00022872293472045167,0.03165475467778703
2024-01-01,1,0,0.0003729797511793247,3.2338140650959577e-09,0.9981320542263921,9.964604628485555e-07,2.8661356319968114e-06,0.0014911001924855238,0.0003729797511793247
2024-02-01,1,0,0.0009498952726448308,2.5977476997294637e-09,0.9988794466175338,2.8835257064489824e-06,4.2578624221793645e-08,0.00016772940813145534,0.0009498952726448308
2024-03-01,1,0,0.00026120596631653534,1.2342964264381452e-09,0.9989468773152604,8.044545722740089e-07,1.8283890501339867e-06,0.0007892826400519304,0.00026120596631653534
2024-04-01,1,0,0.00225252570764049,4.5234355421495786e-07,0.9888964304861494,1.816283736399525e-05,2.0499642931371967e-09,0.008832426575657616,0.00225252570764049
2024-05-01,1,0,0.003299686118164576,4.3680216656398796e-07,0.993258155947663,1.319547638440388e-05,8.436503675710904e-06,0.003420089152186896,0.003299686118164576
2024-06-01,1,0,0.00024573297862459924,1.344516143229707e-08,0.9989612075705695,1.0829393026600431e-06,2.8145671003064843e-06,0.0007891484995986804,0.00024573297862459924
2024-07-01,1,0,0.00026509844773120505,1.921928814978015e-08,0.9973554403939663,7.0957325162278064e-06,1.476292265467689e-09,0.0023723447306468093,0.00026509844773120505
2024-08-01,1,0,0.0002451098907572296,8.147699974285526e-08,0.9964593604848033,8.381735404778052e-06,2.7502625576191606e-10,0.0032870661366115636,0.0002451098907572296
2024-09-01,1,0,0.0005044621645249536,1.1302865012850398e-07,0.9968185817954739,3.337965356792426e-05,6.49110844043747e-11,0.0026434632924643544,0.0005044621645249536
2024-10-01,1,0,0.0012026767128146293,2.1532128964970123e-07,0.9952367102119086,8.991189211376048e-06,1.1917758224937903e-08,0.003551394647444778,0.0012026767128146293
2024-11-01,1,0,0.001481582836445869,1.2487305440360378e-09,0.9984355093133971,6.7908373926200065e-06,2.9080639499879794e-06,7.320769973236235e-05,0.001481582836445869
2024-12-01,1,0,0.0039227309075097316,3.309935311430306e-08,0.99221070960458,0.0001271797850730615,2.7342171055717228e-08,0.0037393192612397343,0.0039227309075097316
2025-01-01,1,0,0.000511798168175267,4.6778374278343894e-09,0.9991986681351763,2.09119910581329e-06,4.353599736709547e-06,0.0002830842197702962,0.000511798168175267
2025-02-01,1,0,0.00120017010076597,2.661541858718182e-09,0.9983435585952822,1.9345419090679627e-06,1.125806690419486e-05,0.0004430760337621099,0.00120017010076597
2025-03-01,1,0,0.004835572611885831,1.0774442432142773e-08,0.9945873705002053,1.42766707570969e-05,3.2304494449733736e-06,0.0005595389933728648,0.004835572611885831
2025-04-01,1,0,0.0025533884560614605,2.9479014403057507e-09,0.9968508815701097,1.9247373091551137e-05,9.398607837968242e-07,0.000575539791943191,0.0025533884560614605
2025-05-01,1,0,0.004058882301372324,4.677589059220701e-09,0.9953511768316394,8.272285989278513e-06,2.0687835579458354e-05,0.0005609760681207827,0.004058882301372324
2025-06-01,1,0,0.004949890917357739,5.026625051281808e-11,0.9950110851582533,1.4116289784602566e-05,1.2516586708580899e-05,1.239099738632479e-05,0.004949890917357739
2025-07-01,1,0,0.00042976061470111965,2.079779177645869e-11,0.9992505638385564,6.774658111314098e-07,2.6048716367973644e-05,0.0002929493436357162,0.00042976061470111965
2025-08-01,1,0,0.00023451106052792994,1.1293042318075834e-09,0.9991806363650702,5.598175085252168e-07,2.0684386355940657e-06,0.0005822231889287758,0.00023451106052792994
2025-09-01,1,0,0.0009030148564705267,2.1477436996680682e-10,0.9990242305226239,2.283125842432661e-06,1.1760314381976797e-06,6.92952484667942e-05,0.0009030148564705267
