regime,start,end
WOI,2003-06-16,2003-06-17
Steady_State,2003-06-17,2003-06-18
WOI,2003-06-18,2003-06-24
Steady_State,2003-06-24,2003-06-25
WOI,2003-06-25,2003-06-30
Steady_State,2003-06-30,2003-07-01
WOI,2003-07-01,2003-07-04
Inflation,2003-07-04,2003-07-07
WOI,2003-07-07,2003-07-08
Steady_State,2003-07-08,2003-07-09
WOI,2003-07-09,2003-07-11
Steady_State,2003-07-11,2003-07-15
WOI,2003-07-15,2003-07-16
Steady_State,2003-07-16,2003-07-17
WOI,2003-07-17,2003-07-22
Steady_State,2003-07-22,2003-07-25
WOI,2003-07-25,2003-07-28
Steady_State,2003-07-28,2003-07-29
WOI,2003-07-29,2003-08-04
Steady_State,2003-08-04,2003-08-05
WOI,2003-08-05,2003-08-11
Steady_State,2003-08-11,2003-08-13
WOI,2003-08-13,2003-08-15
Steady_State,2003-08-15,2003-08-18
WOI,2003-08-18,2003-08-20
Steady_State,2003-08-20,2003-09-01
Crisis,2003-09-01,2003-09-02
WOI,2003-09-02,2003-09-03
Steady_State,2003-09-03,2003-09-05
WOI,2003-09-05,2003-09-08
Steady_State,2003-09-08,2003-09-09
WOI,2003-09-09,2003-09-11
Steady_State,2003-09-11,2003-09-16
WOI,2003-09-16,2003-09-17
Steady_State,2003-09-17,2003-09-18
WOI,2003-09-18,2003-09-19
Steady_State,2003-09-19,2003-09-22
WOI,2003-09-22,2003-09-23
Steady_State,2003-09-23,2003-09-24
WOI,2003-09-24,2003-10-02
Steady_State,2003-10-02,2003-10-03
WOI,2003-10-03,2003-10-06
Steady_State,2003-10-06,2003-10-17
WOI,2003-10-17,2003-10-20
Steady_State,2003-10-20,2003-10-22
WOI,2003-10-22,2003-10-24
Steady_State,2003-10-24,2003-10-28
WOI,2003-10-28,2003-10-29
Steady_State,2003-10-29,2003-11-03
WOI,2003-11-03,2003-11-04
Steady_State,2003-11-04,2003-11-11
WOI,2003-11-11,2003-11-12
Steady_State,2003-11-12,2003-11-17
WOI,2003-11-17,2003-11-18
Steady_State,2003-11-18,2003-11-19
WOI,2003-11-19,2003-11-25
Steady_State,2003-11-25,2003-11-27
Inflation,2003-11-27,2003-11-28
Steady_State,2003-11-28,2003-12-01
WOI,2003-12-01,2003-12-02
Steady_State,2003-12-02,2003-12-08
WOI,2003-12-08,2003-12-10
Steady_State,2003-12-10,2003-12-11
WOI,2003-12-11,2003-12-12
Steady_State,2003-12-12,2003-12-18
WOI,2003-12-18,2003-12-19
Steady_State,2003-12-19,2003-12-25
Inflation,2003-12-25,2003-12-26
Steady_State,2003-12-26,2004-01-01
Inflation,2004-01-01,2004-01-02
Steady_State,2004-01-02,2004-01-05
WOI,2004-01-05,2004-01-07
Steady_State,2004-01-07,2004-01-09
WOI,2004-01-09,2004-01-12
Steady_State,2004-01-12,2004-01-16
WOI,2004-01-16,2004-01-19
Inflation,2004-01-19,2004-01-20
Steady_State,2004-01-20,2004-01-21
WOI,2004-01-21,2004-01-22
Steady_State,2004-01-22,2004-01-26
WOI,2004-01-26,2004-01-27
Steady_State,2004-01-27,2004-01-28
WOI,2004-01-28,2004-01-30
Steady_State,2004-01-30,2004-02-04
WOI,2004-02-04,2004-02-05
Steady_State,2004-02-05,2004-02-06
WOI,2004-02-06,2004-02-09
Steady_State,2004-02-09,2004-02-16
Inflation,2004-02-16,2004-02-17
Steady_State,2004-02-17,2004-02-19
WOI,2004-02-19,2004-02-20
Steady_State,2004-02-20,2004-03-05
WOI,2004-03-05,2004-03-09
Steady_State,2004-03-09,2004-03-10
WOI,2004-03-10,2004-03-18
Steady_State,2004-03-18,2004-03-19
WOI,2004-03-19,2004-03-23
Steady_State,2004-03-23,2004-03-25
WOI,2004-03-25,2004-03-26
Steady_State,2004-03-26,2004-03-29
WOI,2004-03-29,2004-03-30
Steady_State,2004-03-30,2004-04-02
WOI,2004-04-02,2004-04-05
Steady_State,2004-04-05,2004-04-07
WOI,2004-04-07,2004-04-08
Steady_State,2004-04-08,2004-04-09
Inflation,2004-04-09,2004-04-12
Steady_State,2004-04-12,2004-04-13
WOI,2004-04-13,2004-04-16
Steady_State,2004-04-16,2004-04-20
WOI,2004-04-20,2004-04-23
Steady_State,2004-04-23,2004-04-27
WOI,2004-04-27,2004-04-30
Steady_State,2004-04-30,2004-05-03
WOI,2004-05-03,2004-05-04
Steady_State,2004-05-04,2004-05-06
WOI,2004-05-06,2004-05-14
Steady_State,2004-05-14,2004-05-17
WOI,2004-05-17,2004-05-20
Steady_State,2004-05-20,2004-05-25
WOI,2004-05-25,2004-05-26
Steady_State,2004-05-26,2004-05-31
Inflation,2004-05-31,2004-06-01
WOI,2004-06-01,2004-06-02
Steady_State,2004-06-02,2004-06-07
WOI,2004-06-07,2004-06-08
Steady_State,2004-06-08,2004-06-09
WOI,2004-06-09,2004-06-10
Steady_State,2004-06-10,2004-06-11
Inflation,2004-06-11,2004-06-14
WOI,2004-06-14,2004-06-16
Steady_State,2004-06-16,2004-06-25
WOI,2004-06-25,2004-06-29
Steady_State,2004-06-29,2004-07-01
WOI,2004-07-01,2004-07-02
Steady_State,2004-07-02,2004-07-05
Inflation,2004-07-05,2004-07-06
WOI,2004-07-06,2004-07-07
Steady_State,2004-07-07,2004-07-08
WOI,2004-07-08,2004-07-09
Steady_State,2004-07-09,2004-07-15
WOI,2004-07-15,2004-07-19
Steady_State,2004-07-19,2004-07-21
WOI,2004-07-21,2004-07-22
Steady_State,2004-07-22,2004-07-23
WOI,2004-07-23,2004-07-26
Steady_State,2004-07-26,2004-07-27
WOI,2004-07-27,2004-07-28
Steady_State,2004-07-28,2004-08-05
WOI,2004-08-05,2004-08-09
Steady_State,2004-08-09,2004-08-10
WOI,2004-08-10,2004-08-11
Steady_State,2004-08-11,2004-08-12
WOI,2004-08-12,2004-08-13
Steady_State,2004-08-13,2004-08-16
WOI,2004-08-16,2004-08-17
Steady_State,2004-08-17,2004-08-18
WOI,2004-08-18,2004-08-19
Steady_State,2004-08-19,2004-09-06
Inflation,2004-09-06,2004-09-07
Steady_State,2004-09-07,2004-09-22
WOI,2004-09-22,2004-09-23
Steady_State,2004-09-23,2004-10-13
WOI,2004-10-13,2004-10-15
Steady_State,2004-10-15,2004-10-26
WOI,2004-10-26,2004-10-28
Steady_State,2004-10-28,2004-11-04
WOI,2004-11-04,2004-11-05
Steady_State,2004-11-05,2004-11-12
WOI,2004-11-12,2004-11-15
Steady_State,2004-11-15,2004-11-25
Inflation,2004-11-25,2004-11-26
Steady_State,2004-11-26,2004-12-02
WOI,2004-12-02,2004-12-03
Steady_State,2004-12-03,2004-12-24
Inflation,2004-12-24,2004-12-27
Steady_State,2004-12-27,2005-01-04
WOI,2005-01-04,2005-01-06
Steady_State,2005-01-06,2005-01-13
WOI,2005-01-13,2005-01-14
Steady_State,2005-01-14,2005-01-17
Inflation,2005-01-17,2005-01-18
Steady_State,2005-01-18,2005-01-20
WOI,2005-01-20,2005-01-21
Steady_State,2005-01-21,2005-02-21
Inflation,2005-02-21,2005-02-22
WOI,2005-02-22,2005-02-23
Steady_State,2005-02-23,2005-02-25
WOI,2005-02-25,2005-02-28
Steady_State,2005-02-28,2005-03-09
WOI,2005-03-09,2005-03-10
Steady_State,2005-03-10,2005-03-15
WOI,2005-03-15,2005-03-18
Steady_State,2005-03-18,2005-03-21
WOI,2005-03-21,2005-03-24
Steady_State,2005-03-24,2005-03-25
Inflation,2005-03-25,2005-03-28
Steady_State,2005-03-28,2005-03-30
WOI,2005-03-30,2005-04-01
Steady_State,2005-04-01,2005-04-14
WOI,2005-04-14,2005-04-19
Steady_State,2005-04-19,2005-04-20
WOI,2005-04-20,2005-04-22
Steady_State,2005-04-22,2005-04-28
WOI,2005-04-28,2005-05-02
Steady_State,2005-05-02,2005-05-06
WOI,2005-05-06,2005-05-09
Steady_State,2005-05-09,2005-05-12
WOI,2005-05-12,2005-05-13
Steady_State,2005-05-13,2005-05-16
WOI,2005-05-16,2005-05-18
Steady_State,2005-05-18,2005-05-19
WOI,2005-05-19,2005-05-20
Steady_State,2005-05-20,2005-05-23
WOI,2005-05-23,2005-05-24
Steady_State,2005-05-24,2005-05-30
Inflation,2005-05-30,2005-05-31
WOI,2005-05-31,2005-06-03
Steady_State,2005-06-03,2005-06-23
WOI,2005-06-23,2005-06-24
Steady_State,2005-06-24,2005-06-28
WOI,2005-06-28,2005-06-29
Steady_State,2005-06-29,2005-06-30
WOI,2005-06-30,2005-07-01
Steady_State,2005-07-01,2005-07-04
Inflation,2005-07-04,2005-07-05
WOI,2005-07-05,2005-07-07
Steady_State,2005-07-07,2005-07-08
WOI,2005-07-08,2005-07-11
Steady_State,2005-07-11,2005-08-29
WOI,2005-08-29,2005-08-30
Steady_State,2005-08-30,2005-08-31
WOI,2005-08-31,2005-09-02
Steady_State,2005-09-02,2005-09-05
Inflation,2005-09-05,2005-09-06
Steady_State,2005-09-06,2005-09-19
WOI,2005-09-19,2005-09-20
Steady_State,2005-09-20,2005-09-21
WOI,2005-09-21,2005-09-22
Steady_State,2005-09-22,2005-10-04
WOI,2005-10-04,2005-10-07
Steady_State,2005-10-07,2005-10-10
WOI,2005-10-10,2005-10-11
Steady_State,2005-10-11,2005-10-12
WOI,2005-10-12,2005-10-24
Steady_State,2005-10-24,2005-10-25
WOI,2005-10-25,2005-10-26
Steady_State,2005-10-26,2005-10-28
WOI,2005-10-28,2005-11-01
Steady_State,2005-11-01,2005-11-17
WOI,2005-11-17,2005-11-18
Steady_State,2005-11-18,2005-11-24
Inflation,2005-11-24,2005-11-25
Steady_State,2005-11-25,2005-12-14
WOI,2005-12-14,2005-12-15
Steady_State,2005-12-15,2005-12-26
Inflation,2005-12-26,2005-12-27
Steady_State,2005-12-27,2006-01-02
Inflation,2006-01-02,2006-01-03
WOI,2006-01-03,2006-01-04
Steady_State,2006-01-04,2006-01-16
Inflation,2006-01-16,2006-01-17
Steady_State,2006-01-17,2006-01-20
WOI,2006-01-20,2006-01-23
Steady_State,2006-01-23,2006-02-07
WOI,2006-02-07,2006-02-09
Steady_State,2006-02-09,2006-02-10
WOI,2006-02-10,2006-02-13
Steady_State,2006-02-13,2006-02-20
Inflation,2006-02-20,2006-02-21
Steady_State,2006-02-21,2006-03-02
WOI,2006-03-02,2006-03-03
Steady_State,2006-03-03,2006-03-06
WOI,2006-03-06,2006-03-09
Steady_State,2006-03-09,2006-03-13
WOI,2006-03-13,2006-03-14
Steady_State,2006-03-14,2006-03-20
WOI,2006-03-20,2006-03-21
Steady_State,2006-03-21,2006-03-23
WOI,2006-03-23,2006-03-24
Steady_State,2006-03-24,2006-03-28
WOI,2006-03-28,2006-03-29
Steady_State,2006-03-29,2006-03-30
WOI,2006-03-30,2006-03-31
Steady_State,2006-03-31,2006-04-03
WOI,2006-04-03,2006-04-04
Steady_State,2006-04-04,2006-04-11
WOI,2006-04-11,2006-04-12
Steady_State,2006-04-12,2006-04-14
Inflation,2006-04-14,2006-04-17
Steady_State,2006-04-17,2006-04-18
WOI,2006-04-18,2006-04-19
Steady_State,2006-04-19,2006-05-12
WOI,2006-05-12,2006-05-16
Steady_State,2006-05-16,2006-05-17
WOI,2006-05-17,2006-05-19
Steady_State,2006-05-19,2006-05-22
WOI,2006-05-22,2006-05-24
Steady_State,2006-05-24,2006-05-29
Inflation,2006-05-29,2006-05-30
WOI,2006-05-30,2006-05-31
Steady_State,2006-05-31,2006-06-02
WOI,2006-06-02,2006-06-07
Steady_State,2006-06-07,2006-06-08
WOI,2006-06-08,2006-06-09
Steady_State,2006-06-09,2006-06-12
WOI,2006-06-12,2006-06-16
Steady_State,2006-06-16,2006-06-22
WOI,2006-06-22,2006-06-23
Steady_State,2006-06-23,2006-06-29
WOI,2006-06-29,2006-07-03
Steady_State,2006-07-03,2006-07-04
Inflation,2006-07-04,2006-07-05
Steady_State,2006-07-05,2006-07-13
WOI,2006-07-13,2006-07-14
Steady_State,2006-07-14,2006-07-19
WOI,2006-07-19,2006-07-21
Steady_State,2006-07-21,2006-07-24
WOI,2006-07-24,2006-07-25
Steady_State,2006-07-25,2006-08-15
WOI,2006-08-15,2006-08-16
Steady_State,2006-08-16,2006-09-04
Inflation,2006-09-04,2006-09-05
Steady_State,2006-09-05,2006-09-11
WOI,2006-09-11,2006-09-12
Steady_State,2006-09-12,2006-09-21
WOI,2006-09-21,2006-09-22
Steady_State,2006-09-22,2006-10-03
WOI,2006-10-03,2006-10-06
Steady_State,2006-10-06,2006-10-09
WOI,2006-10-09,2006-10-11
Steady_State,2006-10-11,2006-10-13
WOI,2006-10-13,2006-10-17
Steady_State,2006-10-17,2006-10-25
WOI,2006-10-25,2006-10-26
Steady_State,2006-10-26,2006-10-30
WOI,2006-10-30,2006-10-31
Steady_State,2006-10-31,2006-11-23
Inflation,2006-11-23,2006-11-24
Steady_State,2006-11-24,2006-11-27
WOI,2006-11-27,2006-11-28
Steady_State,2006-11-28,2006-11-29
WOI,2006-11-29,2006-11-30
Steady_State,2006-11-30,2006-12-25
Inflation,2006-12-25,2006-12-26
Steady_State,2006-12-26,2007-01-01
Inflation,2007-01-01,2007-01-03
WOI,2007-01-03,2007-01-04
Steady_State,2007-01-04,2007-01-05
WOI,2007-01-05,2007-01-08
Steady_State,2007-01-08,2007-01-15
Inflation,2007-01-15,2007-01-16
Steady_State,2007-01-16,2007-01-30
WOI,2007-01-30,2007-01-31
Steady_State,2007-01-31,2007-02-19
Inflation,2007-02-19,2007-02-20
Steady_State,2007-02-20,2007-02-27
Crisis,2007-02-27,2007-02-28
WOI,2007-02-28,2007-03-01
Steady_State,2007-03-01,2007-03-02
WOI,2007-03-02,2007-03-07
Steady_State,2007-03-07,2007-03-08
WOI,2007-03-08,2007-03-09
Steady_State,2007-03-09,2007-03-13
WOI,2007-03-13,2007-03-15
Steady_State,2007-03-15,2007-03-21
WOI,2007-03-21,2007-03-22
Steady_State,2007-03-22,2007-04-06
Crisis,2007-04-06,2007-04-09
Steady_State,2007-04-09,2007-05-11
WOI,2007-05-11,2007-05-14
Steady_State,2007-05-14,2007-05-28
Inflation,2007-05-28,2007-05-29
Steady_State,2007-05-29,2007-06-07
WOI,2007-06-07,2007-06-11
Steady_State,2007-06-11,2007-06-12
WOI,2007-06-12,2007-06-14
Steady_State,2007-06-14,2007-06-15
WOI,2007-06-15,2007-06-18
Steady_State,2007-06-18,2007-06-20
WOI,2007-06-20,2007-06-21
Steady_State,2007-06-21,2007-06-22
WOI,2007-06-22,2007-06-25
Steady_State,2007-06-25,2007-06-27
WOI,2007-06-27,2007-06-28
Steady_State,2007-06-28,2007-07-02
WOI,2007-07-02,2007-07-03
Steady_State,2007-07-03,2007-07-04
Inflation,2007-07-04,2007-07-05
Steady_State,2007-07-05,2007-07-10
WOI,2007-07-10,2007-07-13
Steady_State,2007-07-13,2007-07-18
WOI,2007-07-18,2007-07-19
Steady_State,2007-07-19,2007-07-20
WOI,2007-07-20,2007-07-25
Steady_State,2007-07-25,2007-07-26
WOI,2007-07-26,2007-07-27
Crisis,2007-07-27,2007-07-30
WOI,2007-07-30,2007-08-02
Steady_State,2007-08-02,2007-08-03
WOI,2007-08-03,2007-08-10
Crisis,2007-08-10,2007-08-13
Steady_State,2007-08-13,2007-08-14
WOI,2007-08-14,2007-08-16
Crisis,2007-08-16,2007-08-17
WOI,2007-08-17,2007-08-21
Steady_State,2007-08-21,2007-08-28
WOI,2007-08-28,2007-08-30
Steady_State,2007-08-30,2007-08-31
WOI,2007-08-31,2007-09-03
Inflation,2007-09-03,2007-09-04
Steady_State,2007-09-04,2007-09-05
WOI,2007-09-05,2007-09-06
Steady_State,2007-09-06,2007-09-07
WOI,2007-09-07,2007-09-11
Steady_State,2007-09-11,2007-09-17
WOI,2007-09-17,2007-09-18
Crisis,2007-09-18,2007-09-19
WOI,2007-09-19,2007-09-25
Steady_State,2007-09-25,2007-10-08
WOI,2007-10-08,2007-10-09
Steady_State,2007-10-09,2007-10-15
WOI,2007-10-15,2007-10-16
Steady_State,2007-10-16,2007-10-18
WOI,2007-10-18,2007-10-23
Steady_State,2007-10-23,2007-10-25
WOI,2007-10-25,2007-10-29
Steady_State,2007-10-29,2007-10-31
WOI,2007-10-31,2007-11-05
Steady_State,2007-11-05,2007-11-06
WOI,2007-11-06,2007-11-22
Inflation,2007-11-22,2007-11-23
WOI,2007-11-23,2007-12-03
Steady_State,2007-12-03,2007-12-06
WOI,2007-12-06,2007-12-07
Steady_State,2007-12-07,2007-12-11
WOI,2007-12-11,2007-12-18
Steady_State,2007-12-18,2007-12-21
WOI,2007-12-21,2007-12-24
Steady_State,2007-12-24,2007-12-25
Inflation,2007-12-25,2007-12-26
Steady_State,2007-12-26,2008-01-01
Inflation,2008-01-01,2008-01-02
WOI,2008-01-02,2008-01-03
Steady_State,2008-01-03,2008-01-04
WOI,2008-01-04,2008-01-17
Crisis,2008-01-17,2008-01-18
WOI,2008-01-18,2008-01-21
Crisis,2008-01-21,2008-01-23
WOI,2008-01-23,2008-01-30
Steady_State,2008-01-30,2008-01-31
WOI,2008-01-31,2008-02-05
Crisis,2008-02-05,2008-02-06
WOI,2008-02-06,2008-02-12
Crisis,2008-02-12,2008-02-13
WOI,2008-02-13,2008-02-18
Steady_State,2008-02-18,2008-02-19
WOI,2008-02-19,2008-02-27
Steady_State,2008-02-27,2008-02-28
WOI,2008-02-28,2008-02-29
Crisis,2008-02-29,2008-03-03
WOI,2008-03-03,2008-03-04
Steady_State,2008-03-04,2008-03-05
WOI,2008-03-05,2008-03-17
Crisis,2008-03-17,2008-03-19
WOI,2008-03-19,2008-03-21
Inflation,2008-03-21,2008-03-24
Crisis,2008-03-24,2008-03-25
WOI,2008-03-25,2008-03-27
Steady_State,2008-03-27,2008-04-01
Crisis,2008-04-01,2008-04-02
WOI,2008-04-02,2008-04-08
Steady_State,2008-04-08,2008-04-09
WOI,2008-04-09,2008-04-15
Steady_State,2008-04-15,2008-04-16
WOI,2008-04-16,2008-04-17
Steady_State,2008-04-17,2008-04-18
WOI,2008-04-18,2008-04-28
Steady_State,2008-04-28,2008-04-29
WOI,2008-04-29,2008-04-30
Steady_State,2008-04-30,2008-05-01
WOI,2008-05-01,2008-05-05
Steady_State,2008-05-05,2008-05-07
WOI,2008-05-07,2008-05-08
Steady_State,2008-05-08,2008-05-09
WOI,2008-05-09,2008-05-12
Steady_State,2008-05-12,2008-05-14
WOI,2008-05-14,2008-05-16
Steady_State,2008-05-16,2008-05-20
WOI,2008-05-20,2008-05-26
Inflation,2008-05-26,2008-05-27
WOI,2008-05-27,2008-05-28
Steady_State,2008-05-28,2008-05-29
WOI,2008-05-29,2008-05-30
Steady_State,2008-05-30,2008-06-02
WOI,2008-06-02,2008-06-04
Steady_State,2008-06-04,2008-06-05
WOI,2008-06-05,2008-06-06
Crisis,2008-06-06,2008-06-09
WOI,2008-06-09,2008-06-16
Steady_State,2008-06-16,2008-06-17
WOI,2008-06-17,2008-06-30
Steady_State,2008-06-30,2008-07-01
WOI,2008-07-01,2008-07-08
Crisis,2008-07-08,2008-07-10
WOI,2008-07-10,2008-07-16
Crisis,2008-07-16,2008-07-18
WOI,2008-07-18,2008-07-24
Crisis,2008-07-24,2008-07-25
WOI,2008-07-25,2008-07-29
Crisis,2008-07-29,2008-07-30
WOI,2008-07-30,2008-08-20
Steady_State,2008-08-20,2008-08-21
WOI,2008-08-21,2008-08-26
Steady_State,2008-08-26,2008-08-28
WOI,2008-08-28,2008-09-01
Inflation,2008-09-01,2008-09-02
WOI,2008-09-02,2008-09-09
Crisis,2008-09-09,2008-09-10
WOI,2008-09-10,2008-09-15
Crisis,2008-09-15,2008-09-23
WOI,2008-09-23,2008-09-25
Crisis,2008-09-25,2008-11-27
Inflation,2008-11-27,2008-11-28
Crisis,2008-11-28,2008-12-09
WOI,2008-12-09,2008-12-10
Crisis,2008-12-10,2008-12-22
WOI,2008-12-22,2008-12-25
Inflation,2008-12-25,2008-12-26
WOI,2008-12-26,2008-12-30
Crisis,2008-12-30,2009-01-01
Inflation,2009-01-01,2009-01-02
Crisis,2009-01-02,2009-01-09
WOI,2009-01-09,2009-01-12
Crisis,2009-01-12,2009-01-14
WOI,2009-01-14,2009-01-15
Crisis,2009-01-15,2009-01-22
WOI,2009-01-22,2009-01-23
Crisis,2009-01-23,2009-01-26
WOI,2009-01-26,2009-01-27
Crisis,2009-01-27,2009-01-29
WOI,2009-01-29,2009-02-03
Crisis,2009-02-03,2009-02-04
WOI,2009-02-04,2009-02-10
Crisis,2009-02-10,2009-02-11
WOI,2009-02-11,2009-02-16
Inflation,2009-02-16,2009-02-17
Crisis,2009-02-17,2009-02-19
WOI,2009-02-19,2009-02-20
Crisis,2009-02-20,2009-02-25
WOI,2009-02-25,2009-02-26
Crisis,2009-02-26,2009-02-27
WOI,2009-02-27,2009-03-02
Crisis,2009-03-02,2009-03-06
WOI,2009-03-06,2009-03-09
Crisis,2009-03-09,2009-03-11
WOI,2009-03-11,2009-03-12
Crisis,2009-03-12,2009-03-13
WOI,2009-03-13,2009-03-18
Crisis,2009-03-18,2009-03-20
WOI,2009-03-20,2009-03-23
Crisis,2009-03-23,2009-03-31
WOI,2009-03-31,2009-04-02
Crisis,2009-04-02,2009-04-06
WOI,2009-04-06,2009-04-09
Crisis,2009-04-09,2009-04-10
Inflation,2009-04-10,2009-04-13
Crisis,2009-04-13,2009-04-17
WOI,2009-04-17,2009-04-20
Crisis,2009-04-20,2009-04-22
WOI,2009-04-22,2009-04-30
Crisis,2009-04-30,2009-05-01
WOI,2009-05-01,2009-05-04
Crisis,2009-05-04,2009-05-05
WOI,2009-05-05,2009-05-06
Crisis,2009-05-06,2009-05-12
WOI,2009-05-12,2009-05-13
Crisis,2009-05-13,2009-05-14
WOI,2009-05-14,2009-05-21
Crisis,2009-05-21,2009-05-22
WOI,2009-05-22,2009-05-25
Inflation,2009-05-25,2009-05-26
WOI,2009-05-26,2009-05-29
Crisis,2009-05-29,2009-06-02
WOI,2009-06-02,2009-06-03
Crisis,2009-06-03,2009-06-04
WOI,2009-06-04,2009-06-29
Steady_State,2009-06-29,2009-06-30
WOI,2009-06-30,2009-07-03
Inflation,2009-07-03,2009-07-06
WOI,2009-07-06,2009-07-10
Steady_State,2009-07-10,2009-07-13
WOI,2009-07-13,2009-07-16
Steady_State,2009-07-16,2009-07-17
WOI,2009-07-17,2009-07-22
Steady_State,2009-07-22,2009-07-23
WOI,2009-07-23,2009-07-24
Steady_State,2009-07-24,2009-07-28
WOI,2009-07-28,2009-08-04
Steady_State,2009-08-04,2009-08-05
Crisis,2009-08-05,2009-08-06
WOI,2009-08-06,2009-08-10
Steady_State,2009-08-10,2009-08-11
WOI,2009-08-11,2009-08-25
Steady_State,2009-08-25,2009-09-01
WOI,2009-09-01,2009-09-02
Steady_State,2009-09-02,2009-09-03
WOI,2009-09-03,2009-09-07
Inflation,2009-09-07,2009-09-08
WOI,2009-09-08,2009-09-09
Steady_State,2009-09-09,2009-09-10
WOI,2009-09-10,2009-09-17
Steady_State,2009-09-17,2009-09-24
WOI,2009-09-24,2009-09-25
Steady_State,2009-09-25,2009-09-28
WOI,2009-09-28,2009-09-29
Steady_State,2009-09-29,2009-09-30
WOI,2009-09-30,2009-10-07
Steady_State,2009-10-07,2009-10-08
WOI,2009-10-08,2009-10-12
Steady_State,2009-10-12,2009-10-14
WOI,2009-10-14,2009-10-15
Steady_State,2009-10-15,2009-10-16
WOI,2009-10-16,2009-10-20
Steady_State,2009-10-20,2009-10-21
WOI,2009-10-21,2009-11-06
Steady_State,2009-11-06,2009-11-09
WOI,2009-11-09,2009-11-10
Steady_State,2009-11-10,2009-11-12
WOI,2009-11-12,2009-11-13
Steady_State,2009-11-13,2009-11-16
Crisis,2009-11-16,2009-11-17
Steady_State,2009-11-17,2009-11-19
WOI,2009-11-19,2009-11-20
Steady_State,2009-11-20,2009-11-23
WOI,2009-11-23,2009-11-24
Steady_State,2009-11-24,2009-11-25
WOI,2009-11-25,2009-11-26
Crisis,2009-11-26,2009-11-27
WOI,2009-11-27,2009-12-01
Crisis,2009-12-01,2009-12-02
Steady_State,2009-12-02,2009-12-04
WOI,2009-12-04,2009-12-07
Steady_State,2009-12-07,2009-12-08
WOI,2009-12-08,2009-12-10
Steady_State,2009-12-10,2009-12-14
WOI,2009-12-14,2009-12-15
Steady_State,2009-12-15,2009-12-16
WOI,2009-12-16,2009-12-21
Steady_State,2009-12-21,2009-12-23
WOI,2009-12-23,2009-12-24
Steady_State,2009-12-24,2009-12-25
Inflation,2009-12-25,2009-12-28
WOI,2009-12-28,2009-12-29
Steady_State,2009-12-29,2010-01-01
Inflation,2010-01-01,2010-01-04
WOI,2010-01-04,2010-01-08
Steady_State,2010-01-08,2010-01-12
WOI,2010-01-12,2010-01-14
Steady_State,2010-01-14,2010-01-15
WOI,2010-01-15,2010-01-18
Inflation,2010-01-18,2010-01-19
Steady_State,2010-01-19,2010-01-20
WOI,2010-01-20,2010-02-04
Crisis,2010-02-04,2010-02-05
WOI,2010-02-05,2010-02-12
Steady_State,2010-02-12,2010-02-15
Inflation,2010-02-15,2010-02-16
WOI,2010-02-16,2010-02-22
Steady_State,2010-02-22,2010-02-23
WOI,2010-02-23,2010-03-04
Steady_State,2010-03-04,2010-03-05
WOI,2010-03-05,2010-03-08
Steady_State,2010-03-08,2010-03-16
WOI,2010-03-16,2010-03-18
Steady_State,2010-03-18,2010-03-19
WOI,2010-03-19,2010-03-22
Steady_State,2010-03-22,2010-03-24
WOI,2010-03-24,2010-03-25
Steady_State,2010-03-25,2010-03-29
WOI,2010-03-29,2010-03-30
Steady_State,2010-03-30,2010-04-01
WOI,2010-04-01,2010-04-02
Crisis,2010-04-02,2010-04-05
WOI,2010-04-05,2010-04-06
Steady_State,2010-04-06,2010-04-14
WOI,2010-04-14,2010-04-15
Steady_State,2010-04-15,2010-04-16
WOI,2010-04-16,2010-04-20
Steady_State,2010-04-20,2010-04-26
WOI,2010-04-26,2010-04-29
Steady_State,2010-04-29,2010-04-30
WOI,2010-04-30,2010-05-06
Crisis,2010-05-06,2010-05-11
WOI,2010-05-11,2010-05-20
Crisis,2010-05-20,2010-05-24
WOI,2010-05-24,2010-05-31
Inflation,2010-05-31,2010-06-01
WOI,2010-06-01,2010-06-11
Steady_State,2010-06-11,2010-06-14
WOI,2010-06-14,2010-06-16
Steady_State,2010-06-16,2010-06-21
WOI,2010-06-21,2010-06-28
Steady_State,2010-06-28,2010-06-29
WOI,2010-06-29,2010-07-02
Steady_State,2010-07-02,2010-07-05
Inflation,2010-07-05,2010-07-06
WOI,2010-07-06,2010-07-12
Steady_State,2010-07-12,2010-07-13
WOI,2010-07-13,2010-07-14
Steady_State,2010-07-14,2010-07-15
WOI,2010-07-15,2010-07-19
Steady_State,2010-07-19,2010-07-21
WOI,2010-07-21,2010-07-23
Steady_State,2010-07-23,2010-07-29
WOI,2010-07-29,2010-08-03
Steady_State,2010-08-03,2010-08-10
WOI,2010-08-10,2010-08-13
Steady_State,2010-08-13,2010-08-19
WOI,2010-08-19,2010-08-23
Steady_State,2010-08-23,2010-08-24
WOI,2010-08-24,2010-08-25
Steady_State,2010-08-25,2010-08-26
WOI,2010-08-26,2010-09-02
Steady_State,2010-09-02,2010-09-06
Inflation,2010-09-06,2010-09-07
Steady_State,2010-09-07,2010-09-13
WOI,2010-09-13,2010-09-14
Steady_State,2010-09-14,2010-09-20
WOI,2010-09-20,2010-09-22
Steady_State,2010-09-22,2010-09-24
WOI,2010-09-24,2010-09-27
Steady_State,2010-09-27,2010-10-05
WOI,2010-10-05,2010-10-06
Steady_State,2010-10-06,2010-10-08
WOI,2010-10-08,2010-10-11
Steady_State,2010-10-11,2010-10-13
WOI,2010-10-13,2010-10-21
Steady_State,2010-10-21,2010-10-27
WOI,2010-10-27,2010-10-28
Steady_State,2010-10-28,2010-11-04
WOI,2010-11-04,2010-11-05
Steady_State,2010-11-05,2010-11-09
WOI,2010-11-09,2010-11-11
Steady_State,2010-11-11,2010-11-12
WOI,2010-11-12,2010-11-17
Steady_State,2010-11-17,2010-11-18
WOI,2010-11-18,2010-11-19
Steady_State,2010-11-19,2010-11-23
WOI,2010-11-23,2010-11-25
Inflation,2010-11-25,2010-11-26
WOI,2010-11-26,2010-12-02
Steady_State,2010-12-02,2010-12-07
WOI,2010-12-07,2010-12-09
Steady_State,2010-12-09,2010-12-13
WOI,2010-12-13,2010-12-14
Steady_State,2010-12-14,2010-12-16
WOI,2010-12-16,2010-12-17
Steady_State,2010-12-17,2010-12-24
Inflation,2010-12-24,2010-12-27
Steady_State,2010-12-27,2011-01-04
WOI,2011-01-04,2011-01-05
Steady_State,2011-01-05,2011-01-06
WOI,2011-01-06,2011-01-07
Steady_State,2011-01-07,2011-01-17
Inflation,2011-01-17,2011-01-18
Steady_State,2011-01-18,2011-01-19
WOI,2011-01-19,2011-01-21
Steady_State,2011-01-21,2011-01-28
WOI,2011-01-28,2011-01-31
Steady_State,2011-01-31,2011-02-07
WOI,2011-02-07,2011-02-08
Steady_State,2011-02-08,2011-02-18
WOI,2011-02-18,2011-02-21
Inflation,2011-02-21,2011-02-22
WOI,2011-02-22,2011-02-24
Steady_State,2011-02-24,2011-02-25
WOI,2011-02-25,2011-03-02
Steady_State,2011-03-02,2011-03-03
WOI,2011-03-03,2011-03-04
Steady_State,2011-03-04,2011-03-08
WOI,2011-03-08,2011-03-09
Steady_State,2011-03-09,2011-03-10
WOI,2011-03-10,2011-03-22
Steady_State,2011-03-22,2011-04-12
WOI,2011-04-12,2011-04-13
Steady_State,2011-04-13,2011-04-20
WOI,2011-04-20,2011-04-21
Steady_State,2011-04-21,2011-04-22
Inflation,2011-04-22,2011-04-25
Steady_State,2011-04-25,2011-05-05
WOI,2011-05-05,2011-05-06
Steady_State,2011-05-06,2011-05-11
WOI,2011-05-11,2011-05-12
Steady_State,2011-05-12,2011-05-23
WOI,2011-05-23,2011-05-24
Steady_State,2011-05-24,2011-05-30
Inflation,2011-05-30,2011-05-31
Steady_State,2011-05-31,2011-06-01
WOI,2011-06-01,2011-06-07
Steady_State,2011-06-07,2011-06-09
WOI,2011-06-09,2011-06-13
Steady_State,2011-06-13,2011-06-14
WOI,2011-06-14,2011-06-20
Steady_State,2011-06-20,2011-06-23
WOI,2011-06-23,2011-06-27
Steady_State,2011-06-27,2011-07-01
WOI,2011-07-01,2011-07-04
Inflation,2011-07-04,2011-07-05
Steady_State,2011-07-05,2011-07-11
WOI,2011-07-11,2011-07-13
Steady_State,2011-07-13,2011-07-19
WOI,2011-07-19,2011-07-20
Steady_State,2011-07-20,2011-07-21
WOI,2011-07-21,2011-07-25
Steady_State,2011-07-25,2011-07-27
WOI,2011-07-27,2011-07-28
Steady_State,2011-07-28,2011-07-29
WOI,2011-07-29,2011-08-01
Steady_State,2011-08-01,2011-08-02
WOI,2011-08-02,2011-08-04
Crisis,2011-08-04,2011-08-12
WOI,2011-08-12,2011-08-16
Steady_State,2011-08-16,2011-08-17
WOI,2011-08-17,2011-08-18
Crisis,2011-08-18,2011-08-19
WOI,2011-08-19,2011-08-23
Crisis,2011-08-23,2011-08-24
WOI,2011-08-24,2011-09-05
Crisis,2011-09-05,2011-09-06
WOI,2011-09-06,2011-09-20
Steady_State,2011-09-20,2011-09-21
WOI,2011-09-21,2011-09-22
Crisis,2011-09-22,2011-09-23
WOI,2011-09-23,2011-09-30
Crisis,2011-09-30,2011-10-07
WOI,2011-10-07,2011-10-10
Crisis,2011-10-10,2011-10-12
WOI,2011-10-12,2011-10-17
Crisis,2011-10-17,2011-10-18
WOI,2011-10-18,2011-10-24
Crisis,2011-10-24,2011-10-25
WOI,2011-10-25,2011-10-27
Crisis,2011-10-27,2011-10-28
WOI,2011-10-28,2011-10-31
Crisis,2011-10-31,2011-11-02
WOI,2011-11-02,2011-11-07
Steady_State,2011-11-07,2011-11-09
Crisis,2011-11-09,2011-11-10
WOI,2011-11-10,2011-11-24
Inflation,2011-11-24,2011-11-25
WOI,2011-11-25,2011-12-01
Crisis,2011-12-01,2011-12-02
WOI,2011-12-02,2011-12-16
Steady_State,2011-12-16,2011-12-19
WOI,2011-12-19,2011-12-22
Steady_State,2011-12-22,2011-12-26
Inflation,2011-12-26,2011-12-27
Steady_State,2011-12-27,2011-12-28
WOI,2011-12-28,2011-12-29
Steady_State,2011-12-29,2012-01-02
Inflation,2012-01-02,2012-01-03
Crisis,2012-01-03,2012-01-04
WOI,2012-01-04,2012-01-06
Steady_State,2012-01-06,2012-01-10
WOI,2012-01-10,2012-01-11
Steady_State,2012-01-11,2012-01-13
WOI,2012-01-13,2012-01-16
Inflation,2012-01-16,2012-01-17
WOI,2012-01-17,2012-01-20
Steady_State,2012-01-20,2012-01-23
WOI,2012-01-23,2012-01-24
Steady_State,2012-01-24,2012-01-25
WOI,2012-01-25,2012-01-27
Steady_State,2012-01-27,2012-01-30
WOI,2012-01-30,2012-01-31
Steady_State,2012-01-31,2012-02-03
WOI,2012-02-03,2012-02-06
Steady_State,2012-02-06,2012-02-10
WOI,2012-02-10,2012-02-13
Steady_State,2012-02-13,2012-02-16
WOI,2012-02-16,2012-02-17
Steady_State,2012-02-17,2012-02-20
Inflation,2012-02-20,2012-02-21
Steady_State,2012-02-21,2012-03-02
WOI,2012-03-02,2012-03-05
Steady_State,2012-03-05,2012-03-06
WOI,2012-03-06,2012-03-07
Steady_State,2012-03-07,2012-03-13
WOI,2012-03-13,2012-03-16
Steady_State,2012-03-16,2012-03-22
WOI,2012-03-22,2012-03-23
Steady_State,2012-03-23,2012-04-04
WOI,2012-04-04,2012-04-05
Steady_State,2012-04-05,2012-04-10
WOI,2012-04-10,2012-04-16
Steady_State,2012-04-16,2012-04-17
WOI,2012-04-17,2012-04-18
Steady_State,2012-04-18,2012-05-02
WOI,2012-05-02,2012-05-03
Steady_State,2012-05-03,2012-05-04
WOI,2012-05-04,2012-05-07
Steady_State,2012-05-07,2012-05-09
WOI,2012-05-09,2012-05-10
Steady_State,2012-05-10,2012-05-11
WOI,2012-05-11,2012-05-22
Steady_State,2012-05-22,2012-05-23
WOI,2012-05-23,2012-05-24
Steady_State,2012-05-24,2012-05-28
Inflation,2012-05-28,2012-05-29
Steady_State,2012-05-29,2012-05-30
WOI,2012-05-30,2012-05-31
Steady_State,2012-05-31,2012-06-01
WOI,2012-06-01,2012-06-04
Steady_State,2012-06-04,2012-06-06
WOI,2012-06-06,2012-06-07
Steady_State,2012-06-07,2012-06-11
WOI,2012-06-11,2012-06-12
Steady_State,2012-06-12,2012-06-21
WOI,2012-06-21,2012-06-26
Steady_State,2012-06-26,2012-06-29
WOI,2012-06-29,2012-07-04
Inflation,2012-07-04,2012-07-05
Steady_State,2012-07-05,2012-07-06
WOI,2012-07-06,2012-07-09
Steady_State,2012-07-09,2012-07-18
WOI,2012-07-18,2012-07-25
Steady_State,2012-07-25,2012-07-26
WOI,2012-07-26,2012-07-31
Steady_State,2012-07-31,2012-08-02
WOI,2012-08-02,2012-08-06
Steady_State,2012-08-06,2012-09-03
Inflation,2012-09-03,2012-09-04
Steady_State,2012-09-04,2012-09-06
WOI,2012-09-06,2012-09-10
Steady_State,2012-09-10,2012-09-13
WOI,2012-09-13,2012-09-18
Steady_State,2012-09-18,2012-09-25
WOI,2012-09-25,2012-09-28
Steady_State,2012-09-28,2012-10-03
WOI,2012-10-03,2012-10-05
Steady_State,2012-10-05,2012-10-11
WOI,2012-10-11,2012-10-18
Steady_State,2012-10-18,2012-10-19
WOI,2012-10-19,2012-10-22
Steady_State,2012-10-22,2012-10-23
WOI,2012-10-23,2012-10-24
Steady_State,2012-10-24,2012-10-30
Inflation,2012-10-30,2012-10-31
Steady_State,2012-10-31,2012-11-01
WOI,2012-11-01,2012-11-05
Steady_State,2012-11-05,2012-11-06
WOI,2012-11-06,2012-11-09
Steady_State,2012-11-09,2012-11-14
WOI,2012-11-14,2012-11-16
Steady_State,2012-11-16,2012-11-19
WOI,2012-11-19,2012-11-20
Steady_State,2012-11-20,2012-11-22
Inflation,2012-11-22,2012-11-23
Steady_State,2012-11-23,2012-12-05
WOI,2012-12-05,2012-12-06
Steady_State,2012-12-06,2012-12-13
WOI,2012-12-13,2012-12-14
Steady_State,2012-12-14,2012-12-17
WOI,2012-12-17,2012-12-19
Steady_State,2012-12-19,2012-12-21
WOI,2012-12-21,2012-12-24
Steady_State,2012-12-24,2012-12-25
Inflation,2012-12-25,2012-12-26
Steady_State,2012-12-26,2012-12-28
WOI,2012-12-28,2013-01-01
Inflation,2013-01-01,2013-01-02
WOI,2013-01-02,2013-01-03
Steady_State,2013-01-03,2013-01-21
Inflation,2013-01-21,2013-01-22
Steady_State,2013-01-22,2013-01-30
WOI,2013-01-30,2013-01-31
Steady_State,2013-01-31,2013-02-18
Inflation,2013-02-18,2013-02-19
Steady_State,2013-02-19,2013-02-20
WOI,2013-02-20,2013-02-21
Steady_State,2013-02-21,2013-02-25
WOI,2013-02-25,2013-02-28
Steady_State,2013-02-28,2013-03-29
Inflation,2013-03-29,2013-04-01
Steady_State,2013-04-01,2013-04-15
WOI,2013-04-15,2013-04-16
Steady_State,2013-04-16,2013-04-18
WOI,2013-04-18,2013-04-19
Steady_State,2013-04-19,2013-05-10
WOI,2013-05-10,2013-05-13
Steady_State,2013-05-13,2013-05-23
WOI,2013-05-23,2013-05-24
Steady_State,2013-05-24,2013-05-27
Inflation,2013-05-27,2013-05-28
WOI,2013-05-28,2013-05-30
Steady_State,2013-05-30,2013-05-31
WOI,2013-05-31,2013-06-04
Steady_State,2013-06-04,2013-06-05
WOI,2013-06-05,2013-06-18
Steady_State,2013-06-18,2013-06-19
WOI,2013-06-19,2013-06-20
Crisis,2013-06-20,2013-06-21
WOI,2013-06-21,2013-06-28
Steady_State,2013-06-28,2013-07-04
Inflation,2013-07-04,2013-07-05
WOI,2013-07-05,2013-07-09
Steady_State,2013-07-09,2013-07-11
WOI,2013-07-11,2013-07-12
Steady_State,2013-07-12,2013-07-24
WOI,2013-07-24,2013-07-25
Steady_State,2013-07-25,2013-08-02
WOI,2013-08-02,2013-08-05
Steady_State,2013-08-05,2013-08-15
WOI,2013-08-15,2013-08-16
Steady_State,2013-08-16,2013-08-19
WOI,2013-08-19,2013-08-21
Steady_State,2013-08-21,2013-08-23
WOI,2013-08-23,2013-08-26
Steady_State,2013-08-26,2013-08-27
WOI,2013-08-27,2013-08-28
Steady_State,2013-08-28,2013-09-02
Inflation,2013-09-02,2013-09-03
Steady_State,2013-09-03,2013-09-18
WOI,2013-09-18,2013-09-20
Steady_State,2013-09-20,2013-09-24
WOI,2013-09-24,2013-09-25
Steady_State,2013-09-25,2013-10-01
WOI,2013-10-01,2013-10-02
Steady_State,2013-10-02,2013-10-07
WOI,2013-10-07,2013-10-09
Steady_State,2013-10-09,2013-10-10
WOI,2013-10-10,2013-10-11
Steady_State,2013-10-11,2013-10-16
WOI,2013-10-16,2013-10-17
Steady_State,2013-10-17,2013-11-08
WOI,2013-11-08,2013-11-11
Steady_State,2013-11-11,2013-11-13
WOI,2013-11-13,2013-11-14
Steady_State,2013-11-14,2013-11-28
Inflation,2013-11-28,2013-11-29
Steady_State,2013-11-29,2013-12-19
WOI,2013-12-19,2013-12-20
Steady_State,2013-12-20,2013-12-25
Inflation,2013-12-25,2013-12-26
Steady_State,2013-12-26,2014-01-01
Inflation,2014-01-01,2014-01-02
Steady_State,2014-01-02,2014-01-20
Inflation,2014-01-20,2014-01-21
Steady_State,2014-01-21,2014-01-24
WOI,2014-01-24,2014-01-28
Steady_State,2014-01-28,2014-01-29
WOI,2014-01-29,2014-02-05
Steady_State,2014-02-05,2014-02-06
WOI,2014-02-06,2014-02-10
Steady_State,2014-02-10,2014-02-11
WOI,2014-02-11,2014-02-12
Steady_State,2014-02-12,2014-02-17
Inflation,2014-02-17,2014-02-18
Steady_State,2014-02-18,2014-03-03
WOI,2014-03-03,2014-03-04
Steady_State,2014-03-04,2014-03-21
WOI,2014-03-21,2014-03-24
Steady_State,2014-03-24,2014-04-07
WOI,2014-04-07,2014-04-08
Steady_State,2014-04-08,2014-04-09
WOI,2014-04-09,2014-04-17
Steady_State,2014-04-17,2014-04-18
Inflation,2014-04-18,2014-04-21
Steady_State,2014-04-21,2014-05-26
Inflation,2014-05-26,2014-05-27
Steady_State,2014-05-27,2014-06-12
WOI,2014-06-12,2014-06-13
Steady_State,2014-06-13,2014-07-04
Inflation,2014-07-04,2014-07-07
Steady_State,2014-07-07,2014-07-31
WOI,2014-07-31,2014-08-06
Steady_State,2014-08-06,2014-08-08
WOI,2014-08-08,2014-08-11
Steady_State,2014-08-11,2014-08-13
WOI,2014-08-13,2014-08-14
Steady_State,2014-08-14,2014-08-15
WOI,2014-08-15,2014-08-18
Steady_State,2014-08-18,2014-09-01
Inflation,2014-09-01,2014-09-02
Steady_State,2014-09-02,2014-09-25
WOI,2014-09-25,2014-09-29
Steady_State,2014-09-29,2014-10-01
WOI,2014-10-01,2014-10-06
Steady_State,2014-10-06,2014-10-07
WOI,2014-10-07,2014-10-20
Steady_State,2014-10-20,2014-10-21
WOI,2014-10-21,2014-10-22
Steady_State,2014-10-22,2014-10-28
WOI,2014-10-28,2014-10-29
Steady_State,2014-10-29,2014-10-31
WOI,2014-10-31,2014-11-03
Steady_State,2014-11-03,2014-11-05
WOI,2014-11-05,2014-11-06
Steady_State,2014-11-06,2014-11-27
Inflation,2014-11-27,2014-11-28
WOI,2014-11-28,2014-12-02
Steady_State,2014-12-02,2014-12-09
WOI,2014-12-09,2014-12-11
Steady_State,2014-12-11,2014-12-12
WOI,2014-12-12,2014-12-16
Crisis,2014-12-16,2014-12-17
WOI,2014-12-17,2014-12-19
Steady_State,2014-12-19,2014-12-25
Inflation,2014-12-25,2014-12-26
Steady_State,2014-12-26,2015-01-01
Inflation,2015-01-01,2015-01-02
Steady_State,2015-01-02,2015-01-05
WOI,2015-01-05,2015-01-09
Steady_State,2015-01-09,2015-01-14
WOI,2015-01-14,2015-01-16
Steady_State,2015-01-16,2015-01-19
Inflation,2015-01-19,2015-01-20
Steady_State,2015-01-20,2015-01-23
WOI,2015-01-23,2015-01-26
Steady_State,2015-01-26,2015-01-27
WOI,2015-01-27,2015-01-29
Steady_State,2015-01-29,2015-01-30
WOI,2015-01-30,2015-02-04
Steady_State,2015-02-04,2015-02-06
WOI,2015-02-06,2015-02-09
Steady_State,2015-02-09,2015-02-10
WOI,2015-02-10,2015-02-11
Steady_State,2015-02-11,2015-02-12
WOI,2015-02-12,2015-02-13
Steady_State,2015-02-13,2015-02-16
Inflation,2015-02-16,2015-02-17
Steady_State,2015-02-17,2015-03-06
WOI,2015-03-06,2015-03-09
Steady_State,2015-03-09,2015-03-10
WOI,2015-03-10,2015-03-11
Steady_State,2015-03-11,2015-03-12
WOI,2015-03-12,2015-03-13
Steady_State,2015-03-13,2015-03-16
WOI,2015-03-16,2015-03-17
Steady_State,2015-03-17,2015-03-18
Crisis,2015-03-18,2015-03-19
WOI,2015-03-19,2015-03-23
Steady_State,2015-03-23,2015-03-25
WOI,2015-03-25,2015-03-26
Steady_State,2015-03-26,2015-03-31
WOI,2015-03-31,2015-04-01
Steady_State,2015-04-01,2015-04-03
Crisis,2015-04-03,2015-04-06
Steady_State,2015-04-06,2015-04-08
WOI,2015-04-08,2015-04-09
Steady_State,2015-04-09,2015-04-29
WOI,2015-04-29,2015-04-30
Steady_State,2015-04-30,2015-05-05
WOI,2015-05-05,2015-05-06
Steady_State,2015-05-06,2015-05-08
WOI,2015-05-08,2015-05-11
Steady_State,2015-05-11,2015-05-12
WOI,2015-05-12,2015-05-13
Steady_State,2015-05-13,2015-05-25
Inflation,2015-05-25,2015-05-26
Steady_State,2015-05-26,2015-06-02
WOI,2015-06-02,2015-06-04
Steady_State,2015-06-04,2015-06-09
WOI,2015-06-09,2015-06-11
Steady_State,2015-06-11,2015-06-15
WOI,2015-06-15,2015-06-17
Steady_State,2015-06-17,2015-06-18
WOI,2015-06-18,2015-06-19
Steady_State,2015-06-19,2015-06-29
WOI,2015-06-29,2015-07-01
Steady_State,2015-07-01,2015-07-06
WOI,2015-07-06,2015-07-09
Steady_State,2015-07-09,2015-07-10
WOI,2015-07-10,2015-07-14
Steady_State,2015-07-14,2015-07-24
WOI,2015-07-24,2015-07-30
Steady_State,2015-07-30,2015-08-06
WOI,2015-08-06,2015-08-07
Steady_State,2015-08-07,2015-08-10
WOI,2015-08-10,2015-08-11
Steady_State,2015-08-11,2015-08-12
WOI,2015-08-12,2015-08-13
Steady_State,2015-08-13,2015-08-19
WOI,2015-08-19,2015-08-24
Crisis,2015-08-24,2015-08-25
WOI,2015-08-25,2015-08-26
Crisis,2015-08-26,2015-08-27
WOI,2015-08-27,2015-08-28
Steady_State,2015-08-28,2015-08-31
WOI,2015-08-31,2015-09-01
Crisis,2015-09-01,2015-09-02
WOI,2015-09-02,2015-09-07
Inflation,2015-09-07,2015-09-08
WOI,2015-09-08,2015-09-11
Steady_State,2015-09-11,2015-09-15
WOI,2015-09-15,2015-09-23
Steady_State,2015-09-23,2015-09-24
WOI,2015-09-24,2015-10-01
Steady_State,2015-10-01,2015-10-02
WOI,2015-10-02,2015-10-12
Steady_State,2015-10-12,2015-10-13
WOI,2015-10-13,2015-10-16
Steady_State,2015-10-16,2015-10-22
WOI,2015-10-22,2015-10-26
Steady_State,2015-10-26,2015-10-28
WOI,2015-10-28,2015-10-29
Steady_State,2015-10-29,2015-11-02
WOI,2015-11-02,2015-11-03
Steady_State,2015-11-03,2015-11-06
WOI,2015-11-06,2015-11-10
Steady_State,2015-11-10,2015-11-12
WOI,2015-11-12,2015-11-13
Steady_State,2015-11-13,2015-11-18
WOI,2015-11-18,2015-11-19
Steady_State,2015-11-19,2015-11-26
Inflation,2015-11-26,2015-11-27
Steady_State,2015-11-27,2015-12-03
WOI,2015-12-03,2015-12-10
Steady_State,2015-12-10,2015-12-11
WOI,2015-12-11,2015-12-21
Steady_State,2015-12-21,2015-12-25
Inflation,2015-12-25,2015-12-28
Steady_State,2015-12-28,2016-01-01
Inflation,2016-01-01,2016-01-04
WOI,2016-01-04,2016-01-05
Steady_State,2016-01-05,2016-01-07
WOI,2016-01-07,2016-01-18
Inflation,2016-01-18,2016-01-19
Steady_State,2016-01-19,2016-01-20
Crisis,2016-01-20,2016-01-21
WOI,2016-01-21,2016-01-28
Crisis,2016-01-28,2016-01-29
WOI,2016-01-29,2016-02-01
Steady_State,2016-02-01,2016-02-02
WOI,2016-02-02,2016-02-04
Steady_State,2016-02-04,2016-02-05
WOI,2016-02-05,2016-02-08
Crisis,2016-02-08,2016-02-09
WOI,2016-02-09,2016-02-10
Steady_State,2016-02-10,2016-02-11
WOI,2016-02-11,2016-02-15
Crisis,2016-02-15,2016-02-16
WOI,2016-02-16,2016-02-19
Steady_State,2016-02-19,2016-02-22
WOI,2016-02-22,2016-03-03
Steady_State,2016-03-03,2016-03-07
WOI,2016-03-07,2016-03-09
Steady_State,2016-03-09,2016-03-10
WOI,2016-03-10,2016-03-11
Crisis,2016-03-11,2016-03-14
WOI,2016-03-14,2016-03-18
Steady_State,2016-03-18,2016-03-25
Inflation,2016-03-25,2016-03-28
Steady_State,2016-03-28,2016-03-29
WOI,2016-03-29,2016-03-30
Steady_State,2016-03-30,2016-04-01
WOI,2016-04-01,2016-04-04
Steady_State,2016-04-04,2016-04-05
WOI,2016-04-05,2016-04-07
Steady_State,2016-04-07,2016-04-08
WOI,2016-04-08,2016-04-11
Steady_State,2016-04-11,2016-04-13
WOI,2016-04-13,2016-04-14
Steady_State,2016-04-14,2016-04-19
WOI,2016-04-19,2016-04-20
Steady_State,2016-04-20,2016-04-22
WOI,2016-04-22,2016-04-25
Steady_State,2016-04-25,2016-04-28
WOI,2016-04-28,2016-05-02
Steady_State,2016-05-02,2016-05-10
WOI,2016-05-10,2016-05-12
Steady_State,2016-05-12,2016-05-13
WOI,2016-05-13,2016-05-20
Steady_State,2016-05-20,2016-05-30
Inflation,2016-05-30,2016-05-31
Steady_State,2016-05-31,2016-06-03
WOI,2016-06-03,2016-06-06
Steady_State,2016-06-06,2016-06-10
WOI,2016-06-10,2016-06-14
Steady_State,2016-06-14,2016-06-17
WOI,2016-06-17,2016-06-21
Steady_State,2016-06-21,2016-06-23
WOI,2016-06-23,2016-06-24
Crisis,2016-06-24,2016-06-27
WOI,2016-06-27,2016-06-30
Steady_State,2016-06-30,2016-07-04
Inflation,2016-07-04,2016-07-05
WOI,2016-07-05,2016-07-06
Steady_State,2016-07-06,2016-07-08
WOI,2016-07-08,2016-07-13
Steady_State,2016-07-13,2016-08-02
WOI,2016-08-02,2016-08-03
Steady_State,2016-08-03,2016-09-05
Inflation,2016-09-05,2016-09-06
Steady_State,2016-09-06,2016-09-09
WOI,2016-09-09,2016-09-14
Steady_State,2016-09-14,2016-09-15
WOI,2016-09-15,2016-09-16
Steady_State,2016-09-16,2016-09-21
WOI,2016-09-21,2016-09-23
Steady_State,2016-09-23,2016-09-26
WOI,2016-09-26,2016-09-27
Steady_State,2016-09-27,2016-10-21
Inflation,2016-10-21,2016-10-24
Steady_State,2016-10-24,2016-10-27
WOI,2016-10-27,2016-10-28
Steady_State,2016-10-28,2016-11-01
WOI,2016-11-01,2016-11-03
Steady_State,2016-11-03,2016-11-07
WOI,2016-11-07,2016-11-08
Steady_State,2016-11-08,2016-11-09
WOI,2016-11-09,2016-11-14
Crisis,2016-11-14,2016-11-15
WOI,2016-11-15,2016-11-16
Steady_State,2016-11-16,2016-11-21
WOI,2016-11-21,2016-11-22
Steady_State,2016-11-22,2016-11-24
Inflation,2016-11-24,2016-11-25
Steady_State,2016-11-25,2016-11-29
WOI,2016-11-29,2016-11-30
Crisis,2016-11-30,2016-12-01
WOI,2016-12-01,2016-12-02
Steady_State,2016-12-02,2016-12-05
WOI,2016-12-05,2016-12-06
Steady_State,2016-12-06,2016-12-07
WOI,2016-12-07,2016-12-08
Steady_State,2016-12-08,2016-12-14
WOI,2016-12-14,2016-12-16
Steady_State,2016-12-16,2016-12-26
Inflation,2016-12-26,2016-12-27
WOI,2016-12-27,2016-12-28
Steady_State,2016-12-28,2017-01-02
Inflation,2017-01-02,2017-01-03
WOI,2017-01-03,2017-01-05
Steady_State,2017-01-05,2017-01-09
WOI,2017-01-09,2017-01-10
Steady_State,2017-01-10,2017-01-12
WOI,2017-01-12,2017-01-13
Steady_State,2017-01-13,2017-01-16
Inflation,2017-01-16,2017-01-17
Steady_State,2017-01-17,2017-01-30
WOI,2017-01-30,2017-01-31
Steady_State,2017-01-31,2017-02-20
Inflation,2017-02-20,2017-02-21
Steady_State,2017-02-21,2017-03-01
WOI,2017-03-01,2017-03-03
Steady_State,2017-03-03,2017-03-08
WOI,2017-03-08,2017-03-10
Steady_State,2017-03-10,2017-03-15
WOI,2017-03-15,2017-03-16
Steady_State,2017-03-16,2017-03-21
WOI,2017-03-21,2017-03-22
Steady_State,2017-03-22,2017-03-28
WOI,2017-03-28,2017-03-29
Steady_State,2017-03-29,2017-04-13
WOI,2017-04-13,2017-04-14
Inflation,2017-04-14,2017-04-17
WOI,2017-04-17,2017-04-18
Steady_State,2017-04-18,2017-04-20
WOI,2017-04-20,2017-04-21
Steady_State,2017-04-21,2017-04-24
WOI,2017-04-24,2017-04-25
Steady_State,2017-04-25,2017-04-26
Inflation,2017-04-26,2017-04-27
Steady_State,2017-04-27,2017-05-04
WOI,2017-05-04,2017-05-05
Steady_State,2017-05-05,2017-05-17
WOI,2017-05-17,2017-05-22
Steady_State,2017-05-22,2017-05-29
Inflation,2017-05-29,2017-05-30
Steady_State,2017-05-30,2017-06-09
WOI,2017-06-09,2017-06-12
Steady_State,2017-06-12,2017-06-21
WOI,2017-06-21,2017-06-22
Steady_State,2017-06-22,2017-06-27
WOI,2017-06-27,2017-06-28
Steady_State,2017-06-28,2017-06-29
WOI,2017-06-29,2017-06-30
Steady_State,2017-06-30,2017-07-04
Inflation,2017-07-04,2017-07-05
Steady_State,2017-07-05,2017-07-06
WOI,2017-07-06,2017-07-07
Steady_State,2017-07-07,2017-08-01
WOI,2017-08-01,2017-08-02
Steady_State,2017-08-02,2017-08-10
WOI,2017-08-10,2017-08-11
Steady_State,2017-08-11,2017-08-14
WOI,2017-08-14,2017-08-15
Steady_State,2017-08-15,2017-08-17
WOI,2017-08-17,2017-08-21
Steady_State,2017-08-21,2017-08-31
WOI,2017-08-31,2017-09-01
Steady_State,2017-09-01,2017-09-04
Inflation,2017-09-04,2017-09-05
WOI,2017-09-05,2017-09-06
Steady_State,2017-09-06,2017-10-27
WOI,2017-10-27,2017-10-30
Steady_State,2017-10-30,2017-11-06
WOI,2017-11-06,2017-11-07
Steady_State,2017-11-07,2017-11-14
WOI,2017-11-14,2017-11-15
Steady_State,2017-11-15,2017-11-16
WOI,2017-11-16,2017-11-17
Steady_State,2017-11-17,2017-11-23
Inflation,2017-11-23,2017-11-24
Steady_State,2017-11-24,2017-11-29
WOI,2017-11-29,2017-12-01
Steady_State,2017-12-01,2017-12-25
Inflation,2017-12-25,2017-12-26
Steady_State,2017-12-26,2018-01-01
Inflation,2018-01-01,2018-01-02
Steady_State,2018-01-02,2018-01-15
Inflation,2018-01-15,2018-01-16
Steady_State,2018-01-16,2018-02-02
WOI,2018-02-02,2018-02-05
Crisis,2018-02-05,2018-02-07
Steady_State,2018-02-07,2018-02-08
Crisis,2018-02-08,2018-02-09
WOI,2018-02-09,2018-02-19
Steady_State,2018-02-19,2018-03-01
WOI,2018-03-01,2018-03-05
Steady_State,2018-03-05,2018-03-22
WOI,2018-03-22,2018-03-28
Steady_State,2018-03-28,2018-03-29
WOI,2018-03-29,2018-03-30
Inflation,2018-03-30,2018-04-02
WOI,2018-04-02,2018-04-05
Steady_State,2018-04-05,2018-04-06
WOI,2018-04-06,2018-04-09
Steady_State,2018-04-09,2018-04-10
WOI,2018-04-10,2018-04-11
Steady_State,2018-04-11,2018-04-12
WOI,2018-04-12,2018-04-13
Steady_State,2018-04-13,2018-04-16
WOI,2018-04-16,2018-04-18
Steady_State,2018-04-18,2018-04-19
WOI,2018-04-19,2018-04-23
Steady_State,2018-04-23,2018-04-24
WOI,2018-04-24,2018-04-25
Steady_State,2018-04-25,2018-05-28
Inflation,2018-05-28,2018-05-29
WOI,2018-05-29,2018-05-30
Steady_State,2018-05-30,2018-06-06
WOI,2018-06-06,2018-06-07
Steady_State,2018-06-07,2018-06-25
WOI,2018-06-25,2018-06-26
Steady_State,2018-06-26,2018-06-27
WOI,2018-06-27,2018-06-28
Steady_State,2018-06-28,2018-07-04
Inflation,2018-07-04,2018-07-05
Steady_State,2018-07-05,2018-07-11
WOI,2018-07-11,2018-07-12
Steady_State,2018-07-12,2018-07-30
WOI,2018-07-30,2018-07-31
Steady_State,2018-07-31,2018-08-01
WOI,2018-08-01,2018-08-03
Steady_State,2018-08-03,2018-09-03
Inflation,2018-09-03,2018-09-04
Steady_State,2018-09-04,2018-10-01
WOI,2018-10-01,2018-10-02
Steady_State,2018-10-02,2018-10-04
WOI,2018-10-04,2018-10-05
Steady_State,2018-10-05,2018-10-10
WOI,2018-10-10,2018-10-15
Steady_State,2018-10-15,2018-10-16
WOI,2018-10-16,2018-10-17
Steady_State,2018-10-17,2018-10-18
WOI,2018-10-18,2018-10-23
Steady_State,2018-10-23,2018-10-24
WOI,2018-10-24,2018-11-02
Steady_State,2018-11-02,2018-11-05
WOI,2018-11-05,2018-11-06
Steady_State,2018-11-06,2018-11-07
WOI,2018-11-07,2018-11-08
Steady_State,2018-11-08,2018-11-09
WOI,2018-11-09,2018-11-21
Steady_State,2018-11-21,2018-11-22
Inflation,2018-11-22,2018-11-23
WOI,2018-11-23,2018-11-27
Steady_State,2018-11-27,2018-11-28
WOI,2018-11-28,2018-11-29
Steady_State,2018-11-29,2018-12-03
WOI,2018-12-03,2018-12-05
Inflation,2018-12-05,2018-12-06
WOI,2018-12-06,2018-12-11
Steady_State,2018-12-11,2018-12-13
WOI,2018-12-13,2018-12-20
Crisis,2018-12-20,2018-12-21
WOI,2018-12-21,2018-12-25
Inflation,2018-12-25,2018-12-26
Crisis,2018-12-26,2018-12-27
Steady_State,2018-12-27,2019-01-01
Inflation,2019-01-01,2019-01-02
Crisis,2019-01-02,2019-01-03
WOI,2019-01-03,2019-01-10
Steady_State,2019-01-10,2019-01-14
WOI,2019-01-14,2019-01-16
Steady_State,2019-01-16,2019-01-18
WOI,2019-01-18,2019-01-21
Inflation,2019-01-21,2019-01-22
WOI,2019-01-22,2019-01-23
Steady_State,2019-01-23,2019-01-25
WOI,2019-01-25,2019-01-29
Steady_State,2019-01-29,2019-01-30
WOI,2019-01-30,2019-02-01
Steady_State,2019-02-01,2019-02-05
WOI,2019-02-05,2019-02-06
Steady_State,2019-02-06,2019-02-07
WOI,2019-02-07,2019-02-08
Inflation,2019-02-08,2019-02-11
Steady_State,2019-02-11,2019-02-12
WOI,2019-02-12,2019-02-13
Steady_State,2019-02-13,2019-02-15
WOI,2019-02-15,2019-02-18
Inflation,2019-02-18,2019-02-19
Steady_State,2019-02-19,2019-02-25
WOI,2019-02-25,2019-02-26
Steady_State,2019-02-26,2019-03-22
WOI,2019-03-22,2019-03-25
Steady_State,2019-03-25,2019-04-19
Inflation,2019-04-19,2019-04-22
Steady_State,2019-04-22,2019-05-07
WOI,2019-05-07,2019-05-08
Steady_State,2019-05-08,2019-05-13
WOI,2019-05-13,2019-05-15
Steady_State,2019-05-15,2019-05-17
WOI,2019-05-17,2019-05-20
Steady_State,2019-05-20,2019-05-23
WOI,2019-05-23,2019-05-24
Steady_State,2019-05-24,2019-05-27
Inflation,2019-05-27,2019-05-28
Steady_State,2019-05-28,2019-05-29
WOI,2019-05-29,2019-05-30
Steady_State,2019-05-30,2019-05-31
WOI,2019-05-31,2019-06-06
Steady_State,2019-06-06,2019-06-07
WOI,2019-06-07,2019-06-10
Steady_State,2019-06-10,2019-06-18
WOI,2019-06-18,2019-06-19
Steady_State,2019-06-19,2019-06-20
WOI,2019-06-20,2019-06-21
Steady_State,2019-06-21,2019-07-04
Inflation,2019-07-04,2019-07-05
Steady_State,2019-07-05,2019-08-01
WOI,2019-08-01,2019-08-07
Steady_State,2019-08-07,2019-08-08
WOI,2019-08-08,2019-08-09
Steady_State,2019-08-09,2019-08-12
WOI,2019-08-12,2019-08-15
Steady_State,2019-08-15,2019-08-23
WOI,2019-08-23,2019-08-26
Steady_State,2019-08-26,2019-09-02
Inflation,2019-09-02,2019-09-03
Steady_State,2019-09-03,2019-09-04
WOI,2019-09-04,2019-09-06
Steady_State,2019-09-06,2019-09-09
WOI,2019-09-09,2019-09-10
Steady_State,2019-09-10,2019-09-11
WOI,2019-09-11,2019-09-12
Steady_State,2019-09-12,2019-09-16
WOI,2019-09-16,2019-09-17
Steady_State,2019-09-17,2019-10-01
WOI,2019-10-01,2019-10-07
Steady_State,2019-10-07,2019-10-08
WOI,2019-10-08,2019-10-09
Steady_State,2019-10-09,2019-10-11
WOI,2019-10-11,2019-10-14
Steady_State,2019-10-14,2019-10-15
WOI,2019-10-15,2019-10-16
Steady_State,2019-10-16,2019-11-28
Inflation,2019-11-28,2019-11-29
Steady_State,2019-11-29,2019-12-13
WOI,2019-12-13,2019-12-16
Steady_State,2019-12-16,2019-12-25
Inflation,2019-12-25,2019-12-26
Steady_State,2019-12-26,2020-01-01
Inflation,2020-01-01,2020-01-02
WOI,2020-01-02,2020-01-03
Steady_State,2020-01-03,2020-01-08
WOI,2020-01-08,2020-01-09
Steady_State,2020-01-09,2020-01-20
Inflation,2020-01-20,2020-01-21
Steady_State,2020-01-21,2020-01-24
WOI,2020-01-24,2020-01-28
Steady_State,2020-01-28,2020-01-30
WOI,2020-01-30,2020-02-06
Steady_State,2020-02-06,2020-02-17
Inflation,2020-02-17,2020-02-18
Steady_State,2020-02-18,2020-02-24
WOI,2020-02-24,2020-02-27
Crisis,2020-02-27,2020-03-04
WOI,2020-03-04,2020-03-06
Crisis,2020-03-06,2020-04-10
Inflation,2020-04-10,2020-04-13
Crisis,2020-04-13,2020-04-20
WOI,2020-04-20,2020-04-21
Crisis,2020-04-21,2020-04-23
WOI,2020-04-23,2020-04-27
Crisis,2020-04-27,2020-04-28
WOI,2020-04-28,2020-04-29
Crisis,2020-04-29,2020-05-01
WOI,2020-05-01,2020-05-07
Steady_State,2020-05-07,2020-05-08
WOI,2020-05-08,2020-05-11
Crisis,2020-05-11,2020-05-12
WOI,2020-05-12,2020-05-18
Crisis,2020-05-18,2020-05-19
WOI,2020-05-19,2020-05-25
Inflation,2020-05-25,2020-05-26
Crisis,2020-05-26,2020-05-29
WOI,2020-05-29,2020-06-05
Crisis,2020-06-05,2020-06-08
WOI,2020-06-08,2020-06-10
Crisis,2020-06-10,2020-06-12
WOI,2020-06-12,2020-06-16
Crisis,2020-06-16,2020-06-17
WOI,2020-06-17,2020-06-18
Steady_State,2020-06-18,2020-06-19
WOI,2020-06-19,2020-07-03
Inflation,2020-07-03,2020-07-06
WOI,2020-07-06,2020-07-08
Steady_State,2020-07-08,2020-07-09
WOI,2020-07-09,2020-07-29
Steady_State,2020-07-29,2020-07-31
WOI,2020-07-31,2020-08-04
Steady_State,2020-08-04,2020-08-07
WOI,2020-08-07,2020-08-19
Steady_State,2020-08-19,2020-08-20
WOI,2020-08-20,2020-08-28
Steady_State,2020-08-28,2020-08-31
WOI,2020-08-31,2020-09-01
Steady_State,2020-09-01,2020-09-02
WOI,2020-09-02,2020-09-03
Crisis,2020-09-03,2020-09-04
WOI,2020-09-04,2020-09-07
Inflation,2020-09-07,2020-09-08
Crisis,2020-09-08,2020-09-09
WOI,2020-09-09,2020-09-11
Steady_State,2020-09-11,2020-09-14
WOI,2020-09-14,2020-09-15
Steady_State,2020-09-15,2020-09-16
WOI,2020-09-16,2020-09-17
Steady_State,2020-09-17,2020-09-18
WOI,2020-09-18,2020-09-29
Steady_State,2020-09-29,2020-10-02
WOI,2020-10-02,2020-10-07
Steady_State,2020-10-07,2020-10-09
WOI,2020-10-09,2020-10-14
Steady_State,2020-10-14,2020-10-15
WOI,2020-10-15,2020-10-16
Steady_State,2020-10-16,2020-10-19
WOI,2020-10-19,2020-10-20
Steady_State,2020-10-20,2020-10-22
WOI,2020-10-22,2020-10-23
Steady_State,2020-10-23,2020-10-26
WOI,2020-10-26,2020-11-04
Crisis,2020-11-04,2020-11-05
WOI,2020-11-05,2020-11-09
Crisis,2020-11-09,2020-11-10
WOI,2020-11-10,2020-11-12
Steady_State,2020-11-12,2020-11-13
WOI,2020-11-13,2020-11-17
Steady_State,2020-11-17,2020-11-18
WOI,2020-11-18,2020-11-19
Steady_State,2020-11-19,2020-11-23
WOI,2020-11-23,2020-11-25
Steady_State,2020-11-25,2020-11-26
Inflation,2020-11-26,2020-11-27
WOI,2020-11-27,2020-12-02
Steady_State,2020-12-02,2020-12-09
WOI,2020-12-09,2020-12-11
Steady_State,2020-12-11,2020-12-15
WOI,2020-12-15,2020-12-16
Steady_State,2020-12-16,2020-12-18
WOI,2020-12-18,2020-12-21
Steady_State,2020-12-21,2020-12-23
WOI,2020-12-23,2020-12-24
Steady_State,2020-12-24,2020-12-25
Inflation,2020-12-25,2020-12-28
WOI,2020-12-28,2020-12-29
Steady_State,2020-12-29,2021-01-01
Inflation,2021-01-01,2021-01-04
Steady_State,2021-01-04,2021-01-05
WOI,2021-01-05,2021-01-06
Crisis,2021-01-06,2021-01-07
WOI,2021-01-07,2021-01-11
Steady_State,2021-01-11,2021-01-14
WOI,2021-01-14,2021-01-18
Inflation,2021-01-18,2021-01-19
Steady_State,2021-01-19,2021-01-21
WOI,2021-01-21,2021-01-28
Crisis,2021-01-28,2021-01-29
WOI,2021-01-29,2021-02-03
Steady_State,2021-02-03,2021-02-08
WOI,2021-02-08,2021-02-09
Steady_State,2021-02-09,2021-02-15
Inflation,2021-02-15,2021-02-16
WOI,2021-02-16,2021-02-17
Steady_State,2021-02-17,2021-02-18
WOI,2021-02-18,2021-02-25
Crisis,2021-02-25,2021-03-01
WOI,2021-03-01,2021-03-08
Crisis,2021-03-08,2021-03-09
WOI,2021-03-09,2021-03-12
Steady_State,2021-03-12,2021-03-18
Crisis,2021-03-18,2021-03-19
WOI,2021-03-19,2021-04-02
Inflation,2021-04-02,2021-04-05
WOI,2021-04-05,2021-04-06
Steady_State,2021-04-06,2021-04-13
WOI,2021-04-13,2021-04-16
Steady_State,2021-04-16,2021-04-20
WOI,2021-04-20,2021-04-21
Steady_State,2021-04-21,2021-04-23
WOI,2021-04-23,2021-04-27
Steady_State,2021-04-27,2021-05-03
WOI,2021-05-03,2021-05-05
Steady_State,2021-05-05,2021-05-06
WOI,2021-05-06,2021-05-07
Steady_State,2021-05-07,2021-05-10
WOI,2021-05-10,2021-05-17
Steady_State,2021-05-17,2021-05-18
WOI,2021-05-18,2021-05-21
Steady_State,2021-05-21,2021-05-31
Inflation,2021-05-31,2021-06-01
WOI,2021-06-01,2021-06-02
Steady_State,2021-06-02,2021-06-07
WOI,2021-06-07,2021-06-08
Steady_State,2021-06-08,2021-06-10
WOI,2021-06-10,2021-06-11
Steady_State,2021-06-11,2021-06-14
WOI,2021-06-14,2021-06-15
Steady_State,2021-06-15,2021-06-16
WOI,2021-06-16,2021-06-22
Steady_State,2021-06-22,2021-06-29
Inflation,2021-06-29,2021-06-30
WOI,2021-06-30,2021-07-01
Steady_State,2021-07-01,2021-07-05
Inflation,2021-07-05,2021-07-06
WOI,2021-07-06,2021-07-08
Steady_State,2021-07-08,2021-07-09
WOI,2021-07-09,2021-07-12
Steady_State,2021-07-12,2021-07-14
WOI,2021-07-14,2021-07-15
Steady_State,2021-07-15,2021-07-19
WOI,2021-07-19,2021-07-22
Steady_State,2021-07-22,2021-07-26
WOI,2021-07-26,2021-07-29
Steady_State,2021-07-29,2021-08-04
WOI,2021-08-04,2021-08-06
Steady_State,2021-08-06,2021-08-10
WOI,2021-08-10,2021-08-11
Steady_State,2021-08-11,2021-08-16
WOI,2021-08-16,2021-08-17
Steady_State,2021-08-17,2021-08-19
WOI,2021-08-19,2021-08-20
Steady_State,2021-08-20,2021-08-23
WOI,2021-08-23,2021-08-24
Steady_State,2021-08-24,2021-09-01
Inflation,2021-09-01,2021-09-02
Steady_State,2021-09-02,2021-09-06
Inflation,2021-09-06,2021-09-07
WOI,2021-09-07,2021-09-08
Steady_State,2021-09-08,2021-09-09
WOI,2021-09-09,2021-09-10
Steady_State,2021-09-10,2021-09-13
WOI,2021-09-13,2021-09-14
Steady_State,2021-09-14,2021-09-20
WOI,2021-09-20,2021-09-21
Steady_State,2021-09-21,2021-09-22
WOI,2021-09-22,2021-09-24
Steady_State,2021-09-24,2021-09-27
WOI,2021-09-27,2021-10-06
Steady_State,2021-10-06,2021-10-11
WOI,2021-10-11,2021-10-13
Steady_State,2021-10-13,2021-10-14
WOI,2021-10-14,2021-10-15
Steady_State,2021-10-15,2021-10-28
WOI,2021-10-28,2021-11-02
Steady_State,2021-11-02,2021-11-04
WOI,2021-11-04,2021-11-08
Steady_State,2021-11-08,2021-11-10
WOI,2021-11-10,2021-11-11
Steady_State,2021-11-11,2021-11-22
WOI,2021-11-22,2021-11-24
Steady_State,2021-11-24,2021-11-25
Inflation,2021-11-25,2021-11-26
Crisis,2021-11-26,2021-11-29
WOI,2021-11-29,2021-12-13
Steady_State,2021-12-13,2021-12-14
WOI,2021-12-14,2021-12-20
Steady_State,2021-12-20,2021-12-21
WOI,2021-12-21,2021-12-22
Steady_State,2021-12-22,2021-12-24
Inflation,2021-12-24,2021-12-27
WOI,2021-12-27,2021-12-28
Steady_State,2021-12-28,2021-12-30
WOI,2021-12-30,2021-12-31
Steady_State,2021-12-31,2022-01-03
WOI,2022-01-03,2022-01-07
Steady_State,2022-01-07,2022-01-11
WOI,2022-01-11,2022-01-14
Steady_State,2022-01-14,2022-01-17
Inflation,2022-01-17,2022-01-18
WOI,2022-01-18,2022-02-04
Crisis,2022-02-04,2022-02-07
WOI,2022-02-07,2022-02-21
Inflation,2022-02-21,2022-02-22
WOI,2022-02-22,2022-02-24
Crisis,2022-02-24,2022-02-25
WOI,2022-02-25,2022-02-28
Crisis,2022-02-28,2022-03-02
WOI,2022-03-02,2022-03-07
Crisis,2022-03-07,2022-03-08
WOI,2022-03-08,2022-03-09
Crisis,2022-03-09,2022-03-10
Steady_State,2022-03-10,2022-03-11
WOI,2022-03-11,2022-03-15
Crisis,2022-03-15,2022-03-16
WOI,2022-03-16,2022-03-18
Steady_State,2022-03-18,2022-03-21
WOI,2022-03-21,2022-03-24
Steady_State,2022-03-24,2022-03-25
WOI,2022-03-25,2022-04-07
Steady_State,2022-04-07,2022-04-08
WOI,2022-04-08,2022-04-12
Steady_State,2022-04-12,2022-04-13
WOI,2022-04-13,2022-04-14
Steady_State,2022-04-14,2022-04-15
Inflation,2022-04-15,2022-04-18
Steady_State,2022-04-18,2022-04-19
WOI,2022-04-19,2022-04-29
Crisis,2022-04-29,2022-05-03
WOI,2022-05-03,2022-05-04
Crisis,2022-05-04,2022-05-06
WOI,2022-05-06,2022-05-09
Crisis,2022-05-09,2022-05-10
WOI,2022-05-10,2022-05-16
Steady_State,2022-05-16,2022-05-17
WOI,2022-05-17,2022-05-18
Crisis,2022-05-18,2022-05-19
WOI,2022-05-19,2022-05-26
Crisis,2022-05-26,2022-05-27
WOI,2022-05-27,2022-05-30
Inflation,2022-05-30,2022-05-31
WOI,2022-05-31,2022-06-13
Crisis,2022-06-13,2022-06-14
WOI,2022-06-14,2022-06-15
Crisis,2022-06-15,2022-06-17
WOI,2022-06-17,2022-06-20
Crisis,2022-06-20,2022-06-21
WOI,2022-06-21,2022-06-24
Crisis,2022-06-24,2022-06-27
WOI,2022-06-27,2022-06-30
Crisis,2022-06-30,2022-07-01
WOI,2022-07-01,2022-07-04
Inflation,2022-07-04,2022-07-05
Crisis,2022-07-05,2022-07-06
WOI,2022-07-06,2022-07-07
Crisis,2022-07-07,2022-07-08
WOI,2022-07-08,2022-07-20
Crisis,2022-07-20,2022-07-21
WOI,2022-07-21,2022-08-02
Crisis,2022-08-02,2022-08-03
WOI,2022-08-03,2022-08-05
Crisis,2022-08-05,2022-08-08
Steady_State,2022-08-08,2022-08-09
WOI,2022-08-09,2022-08-15
Steady_State,2022-08-15,2022-08-16
WOI,2022-08-16,2022-08-23
Steady_State,2022-08-23,2022-08-24
WOI,2022-08-24,2022-09-05
Inflation,2022-09-05,2022-09-06
WOI,2022-09-06,2022-09-13
Crisis,2022-09-13,2022-09-14
WOI,2022-09-14,2022-09-19
Steady_State,2022-09-19,2022-09-20
WOI,2022-09-20,2022-09-26
Crisis,2022-09-26,2022-09-27
WOI,2022-09-27,2022-09-28
Crisis,2022-09-28,2022-09-30
WOI,2022-09-30,2022-10-12
Steady_State,2022-10-12,2022-10-13
WOI,2022-10-13,2022-11-01
Steady_State,2022-11-01,2022-11-02
WOI,2022-11-02,2022-11-04
Crisis,2022-11-04,2022-11-07
WOI,2022-11-07,2022-11-08
Steady_State,2022-11-08,2022-11-09
WOI,2022-11-09,2022-11-10
Crisis,2022-11-10,2022-11-11
WOI,2022-11-11,2022-11-24
Inflation,2022-11-24,2022-11-25
WOI,2022-11-25,2022-11-30
Crisis,2022-11-30,2022-12-01
WOI,2022-12-01,2022-12-07
Steady_State,2022-12-07,2022-12-08
WOI,2022-12-08,2022-12-09
Steady_State,2022-12-09,2022-12-13
WOI,2022-12-13,2022-12-21
Steady_State,2022-12-21,2022-12-22
WOI,2022-12-22,2022-12-23
Steady_State,2022-12-23,2022-12-26
Inflation,2022-12-26,2022-12-27
WOI,2022-12-27,2022-12-30
Steady_State,2022-12-30,2023-01-02
Inflation,2023-01-02,2023-01-03
WOI,2023-01-03,2023-01-10
Steady_State,2023-01-10,2023-01-11
WOI,2023-01-11,2023-01-13
Steady_State,2023-01-13,2023-01-16
Inflation,2023-01-16,2023-01-17
WOI,2023-01-17,2023-01-23
Steady_State,2023-01-23,2023-01-27
WOI,2023-01-27,2023-01-30
Steady_State,2023-01-30,2023-02-01
WOI,2023-02-01,2023-02-02
Crisis,2023-02-02,2023-02-03
WOI,2023-02-03,2023-02-07
Steady_State,2023-02-07,2023-02-08
WOI,2023-02-08,2023-02-09
Steady_State,2023-02-09,2023-02-10
WOI,2023-02-10,2023-02-13
Steady_State,2023-02-13,2023-02-14
WOI,2023-02-14,2023-02-20
Inflation,2023-02-20,2023-02-21
WOI,2023-02-21,2023-02-22
Steady_State,2023-02-22,2023-02-24
WOI,2023-02-24,2023-02-27
Steady_State,2023-02-27,2023-03-01
WOI,2023-03-01,2023-03-10
Crisis,2023-03-10,2023-03-14
WOI,2023-03-14,2023-03-15
Crisis,2023-03-15,2023-03-16
WOI,2023-03-16,2023-03-22
Crisis,2023-03-22,2023-03-23
WOI,2023-03-23,2023-03-29
Steady_State,2023-03-29,2023-03-30
WOI,2023-03-30,2023-04-04
Steady_State,2023-04-04,2023-04-05
WOI,2023-04-05,2023-04-06
Steady_State,2023-04-06,2023-04-07
Crisis,2023-04-07,2023-04-10
Steady_State,2023-04-10,2023-04-11
WOI,2023-04-11,2023-04-12
Steady_State,2023-04-12,2023-04-13
WOI,2023-04-13,2023-04-14
Steady_State,2023-04-14,2023-04-17
WOI,2023-04-17,2023-04-18
Steady_State,2023-04-18,2023-04-19
WOI,2023-04-19,2023-04-21
Steady_State,2023-04-21,2023-04-25
WOI,2023-04-25,2023-05-01
Steady_State,2023-05-01,2023-05-02
WOI,2023-05-02,2023-05-09
Steady_State,2023-05-09,2023-05-10
WOI,2023-05-10,2023-05-12
Steady_State,2023-05-12,2023-05-15
WOI,2023-05-15,2023-05-16
Steady_State,2023-05-16,2023-05-17
WOI,2023-05-17,2023-05-19
Steady_State,2023-05-19,2023-05-22
WOI,2023-05-22,2023-05-26
Steady_State,2023-05-26,2023-05-29
Inflation,2023-05-29,2023-05-30
WOI,2023-05-30,2023-06-01
Steady_State,2023-06-01,2023-06-02
WOI,2023-06-02,2023-06-08
Steady_State,2023-06-08,2023-06-12
WOI,2023-06-12,2023-06-14
Steady_State,2023-06-14,2023-06-15
WOI,2023-06-15,2023-06-19
Inflation,2023-06-19,2023-06-20
WOI,2023-06-20,2023-06-28
Steady_State,2023-06-28,2023-06-29
WOI,2023-06-29,2023-06-30
Steady_State,2023-06-30,2023-07-04
Inflation,2023-07-04,2023-07-05
WOI,2023-07-05,2023-07-10
Steady_State,2023-07-10,2023-07-12
WOI,2023-07-12,2023-07-17
Steady_State,2023-07-17,2023-07-18
WOI,2023-07-18,2023-07-19
Steady_State,2023-07-19,2023-07-20
WOI,2023-07-20,2023-07-21
Steady_State,2023-07-21,2023-07-24
WOI,2023-07-24,2023-07-25
Steady_State,2023-07-25,2023-07-28
WOI,2023-07-28,2023-07-31
Steady_State,2023-07-31,2023-08-02
WOI,2023-08-02,2023-08-08
Steady_State,2023-08-08,2023-08-09
WOI,2023-08-09,2023-08-10
Steady_State,2023-08-10,2023-08-14
WOI,2023-08-14,2023-08-21
Steady_State,2023-08-21,2023-08-23
WOI,2023-08-23,2023-08-24
Steady_State,2023-08-24,2023-08-29
WOI,2023-08-29,2023-08-30
Steady_State,2023-08-30,2023-09-04
Inflation,2023-09-04,2023-09-05
WOI,2023-09-05,2023-09-06
Steady_State,2023-09-06,2023-09-14
WOI,2023-09-14,2023-09-15
Steady_State,2023-09-15,2023-09-21
WOI,2023-09-21,2023-09-22
Steady_State,2023-09-22,2023-09-25
WOI,2023-09-25,2023-09-27
Steady_State,2023-09-27,2023-09-28
WOI,2023-09-28,2023-10-05
Steady_State,2023-10-05,2023-10-06
WOI,2023-10-06,2023-10-23
Steady_State,2023-10-23,2023-10-24
WOI,2023-10-24,2023-11-06
Steady_State,2023-11-06,2023-11-07
WOI,2023-11-07,2023-11-08
Steady_State,2023-11-08,2023-11-09
WOI,2023-11-09,2023-11-13
Steady_State,2023-11-13,2023-11-14
Crisis,2023-11-14,2023-11-15
Steady_State,2023-11-15,2023-11-16
WOI,2023-11-16,2023-11-17
Steady_State,2023-11-17,2023-11-23
Inflation,2023-11-23,2023-11-24
Steady_State,2023-11-24,2023-11-29
WOI,2023-11-29,2023-11-30
Steady_State,2023-11-30,2023-12-01
WOI,2023-12-01,2023-12-05
Steady_State,2023-12-05,2023-12-13
WOI,2023-12-13,2023-12-15
Steady_State,2023-12-15,2023-12-19
WOI,2023-12-19,2023-12-20
Steady_State,2023-12-20,2023-12-25
Inflation,2023-12-25,2023-12-26
Steady_State,2023-12-26,2024-01-01
Inflation,2024-01-01,2024-01-02
Steady_State,2024-01-02,2024-01-03
WOI,2024-01-03,2024-01-04
Steady_State,2024-01-04,2024-01-08
WOI,2024-01-08,2024-01-10
Steady_State,2024-01-10,2024-01-15
Inflation,2024-01-15,2024-01-16
Steady_State,2024-01-16,2024-01-17
WOI,2024-01-17,2024-01-18
Steady_State,2024-01-18,2024-01-29
WOI,2024-01-29,2024-01-30
Steady_State,2024-01-30,2024-01-31
WOI,2024-01-31,2024-02-07
Steady_State,2024-02-07,2024-02-12
Inflation,2024-02-12,2024-02-13
WOI,2024-02-13,2024-02-16
Steady_State,2024-02-16,2024-02-19
Inflation,2024-02-19,2024-02-20
Steady_State,2024-02-20,2024-02-22
WOI,2024-02-22,2024-02-23
Steady_State,2024-02-23,2024-02-27
WOI,2024-02-27,2024-02-28
Steady_State,2024-02-28,2024-02-29
WOI,2024-02-29,2024-03-01
Steady_State,2024-03-01,2024-03-05
WOI,2024-03-05,2024-03-06
Steady_State,2024-03-06,2024-03-14
WOI,2024-03-14,2024-03-15
Steady_State,2024-03-15,2024-03-20
WOI,2024-03-20,2024-03-21
Steady_State,2024-03-21,2024-03-27
WOI,2024-03-27,2024-03-28
Steady_State,2024-03-28,2024-03-29
Inflation,2024-03-29,2024-04-01
Steady_State,2024-04-01,2024-04-10
WOI,2024-04-10,2024-04-11
Steady_State,2024-04-11,2024-04-12
WOI,2024-04-12,2024-04-18
Steady_State,2024-04-18,2024-04-19
WOI,2024-04-19,2024-04-23
Steady_State,2024-04-23,2024-04-26
WOI,2024-04-26,2024-04-29
Steady_State,2024-04-29,2024-04-30
WOI,2024-04-30,2024-05-02
Steady_State,2024-05-02,2024-05-15
WOI,2024-05-15,2024-05-16
Steady_State,2024-05-16,2024-05-23
WOI,2024-05-23,2024-05-24
Steady_State,2024-05-24,2024-05-27
Inflation,2024-05-27,2024-05-28
WOI,2024-05-28,2024-06-03
Steady_State,2024-06-03,2024-06-04
WOI,2024-06-04,2024-06-06
Steady_State,2024-06-06,2024-06-07
WOI,2024-06-07,2024-06-10
Steady_State,2024-06-10,2024-06-13
WOI,2024-06-13,2024-06-18
Steady_State,2024-06-18,2024-06-19
Inflation,2024-06-19,2024-06-20
Steady_State,2024-06-20,2024-06-25
WOI,2024-06-25,2024-06-26
Steady_State,2024-06-26,2024-06-28
WOI,2024-06-28,2024-07-01
Steady_State,2024-07-01,2024-07-03
WOI,2024-07-03,2024-07-04
Inflation,2024-07-04,2024-07-05
WOI,2024-07-05,2024-07-08
Steady_State,2024-07-08,2024-07-11
Crisis,2024-07-11,2024-07-12
Steady_State,2024-07-12,2024-07-16
WOI,2024-07-16,2024-07-18
Steady_State,2024-07-18,2024-07-19
WOI,2024-07-19,2024-07-23
Steady_State,2024-07-23,2024-07-24
WOI,2024-07-24,2024-07-29
Steady_State,2024-07-29,2024-07-30
WOI,2024-07-30,2024-07-31
Crisis,2024-07-31,2024-08-01
WOI,2024-08-01,2024-08-02
Crisis,2024-08-02,2024-08-06
WOI,2024-08-06,2024-08-09
Steady_State,2024-08-09,2024-08-13
WOI,2024-08-13,2024-08-14
Steady_State,2024-08-14,2024-08-15
WOI,2024-08-15,2024-08-16
Steady_State,2024-08-16,2024-08-22
WOI,2024-08-22,2024-08-26
Steady_State,2024-08-26,2024-08-27
Inflation,2024-08-27,2024-08-28
Steady_State,2024-08-28,2024-08-29
WOI,2024-08-29,2024-08-30
Steady_State,2024-08-30,2024-09-02
Inflation,2024-09-02,2024-09-03
WOI,2024-09-03,2024-09-04
Steady_State,2024-09-04,2024-09-06
WOI,2024-09-06,2024-09-13
Steady_State,2024-09-13,2024-09-19
WOI,2024-09-19,2024-09-20
Steady_State,2024-09-20,2024-09-24
WOI,2024-09-24,2024-09-25
Steady_State,2024-09-25,2024-10-04
WOI,2024-10-04,2024-10-09
Steady_State,2024-10-09,2024-10-11
WOI,2024-10-11,2024-10-14
Steady_State,2024-10-14,2024-10-15
WOI,2024-10-15,2024-10-16
Steady_State,2024-10-16,2024-10-21
WOI,2024-10-21,2024-10-22
Steady_State,2024-10-22,2024-10-23
WOI,2024-10-23,2024-10-24
Steady_State,2024-10-24,2024-10-31
WOI,2024-10-31,2024-11-01
Steady_State,2024-11-01,2024-11-05
WOI,2024-11-05,2024-11-06
Crisis,2024-11-06,2024-11-07
WOI,2024-11-07,2024-11-08
Steady_State,2024-11-08,2024-11-11
WOI,2024-11-11,2024-11-13
Steady_State,2024-11-13,2024-11-15
WOI,2024-11-15,2024-11-18
Steady_State,2024-11-18,2024-11-19
WOI,2024-11-19,2024-11-20
Steady_State,2024-11-20,2024-11-22
WOI,2024-11-22,2024-11-25
Steady_State,2024-11-25,2024-11-28
Inflation,2024-11-28,2024-11-29
Steady_State,2024-11-29,2024-12-04
WOI,2024-12-04,2024-12-05
Steady_State,2024-12-05,2024-12-16
WOI,2024-12-16,2024-12-17
Steady_State,2024-12-17,2024-12-18
WOI,2024-12-18,2024-12-23
Steady_State,2024-12-23,2024-12-25
Inflation,2024-12-25,2024-12-27
Steady_State,2024-12-27,2025-01-01
Inflation,2025-01-01,2025-01-02
Steady_State,2025-01-02,2025-01-03
WOI,2025-01-03,2025-01-06
Steady_State,2025-01-06,2025-01-07
WOI,2025-01-07,2025-01-08
Steady_State,2025-01-08,2025-01-09
WOI,2025-01-09,2025-01-16
Steady_State,2025-01-16,2025-01-20
Inflation,2025-01-20,2025-01-21
WOI,2025-01-21,2025-01-23
Steady_State,2025-01-23,2025-01-27
Crisis,2025-01-27,2025-01-28
WOI,2025-01-28,2025-01-29
Steady_State,2025-01-29,2025-02-03
WOI,2025-02-03,2025-02-04
Steady_State,2025-02-04,2025-02-05
WOI,2025-02-05,2025-02-06
Steady_State,2025-02-06,2025-02-11
WOI,2025-02-11,2025-02-13
Steady_State,2025-02-13,2025-02-17
Inflation,2025-02-17,2025-02-18
Steady_State,2025-02-18,2025-02-21
WOI,2025-02-21,2025-02-24
Steady_State,2025-02-24,2025-02-25
WOI,2025-02-25,2025-02-26
Steady_State,2025-02-26,2025-02-27
WOI,2025-02-27,2025-03-04
Crisis,2025-03-04,2025-03-05
WOI,2025-03-05,2025-03-20
Steady_State,2025-03-20,2025-03-21
WOI,2025-03-21,2025-03-24
Steady_State,2025-03-24,2025-03-26
WOI,2025-03-26,2025-03-27
Steady_State,2025-03-27,2025-03-28
WOI,2025-03-28,2025-04-01
Steady_State,2025-04-01,2025-04-03
Crisis,2025-04-03,2025-04-08
WOI,2025-04-08,2025-04-09
Crisis,2025-04-09,2025-04-11
WOI,2025-04-11,2025-04-18
Inflation,2025-04-18,2025-04-21
WOI,2025-04-21,2025-04-25
Steady_State,2025-04-25,2025-04-30
WOI,2025-04-30,2025-05-07
Steady_State,2025-05-07,2025-05-08
WOI,2025-05-08,2025-05-09
Steady_State,2025-05-09,2025-05-12
Crisis,2025-05-12,2025-05-13
WOI,2025-05-13,2025-05-14
Steady_State,2025-05-14,2025-05-15
WOI,2025-05-15,2025-05-16
Steady_State,2025-05-16,2025-05-21
WOI,2025-05-21,2025-05-22
Steady_State,2025-05-22,2025-05-26
Inflation,2025-05-26,2025-05-27
WOI,2025-05-27,2025-05-28
Steady_State,2025-05-28,2025-06-02
WOI,2025-06-02,2025-06-03
Steady_State,2025-06-03,2025-06-13
WOI,2025-06-13,2025-06-16
Steady_State,2025-06-16,2025-06-19
Inflation,2025-06-19,2025-06-20
Steady_State,2025-06-20,2025-06-23
WOI,2025-06-23,2025-06-26
Steady_State,2025-06-26,2025-07-01
WOI,2025-07-01,2025-07-03
Steady_State,2025-07-03,2025-07-04
Inflation,2025-07-04,2025-07-07
WOI,2025-07-07,2025-07-08
Steady_State,2025-07-08,2025-07-15
WOI,2025-07-15,2025-07-16
Steady_State,2025-07-16,2025-07-23
WOI,2025-07-23,2025-07-24
Steady_State,2025-07-24,2025-07-31
WOI,2025-07-31,2025-08-05
Steady_State,2025-08-05,2025-08-12
WOI,2025-08-12,2025-08-14
Steady_State,2025-08-14,2025-08-19
WOI,2025-08-19,2025-08-20
Steady_State,2025-08-20,2025-08-21
WOI,2025-08-21,2025-08-25
Steady_State,2025-08-25,2025-09-01
Inflation,2025-09-01,2025-09-02
WOI,2025-09-02,2025-09-03
Steady_State,2025-09-03,2025-09-10
WOI,2025-09-10,2025-09-11
Steady_State,2025-09-11,2025-09-18
WOI,2025-09-18,2025-09-19
Steady_State,2025-09-19,2025-10-06
WOI,2025-10-06,2025-10-07
Steady_State,2025-10-07,2025-10-08
WOI,2025-10-08,2025-10-09
Steady_State,2025-10-09,2025-10-10
WOI,2025-10-10,2025-10-13
Steady_State,2025-10-13,2025-10-14
WOI,2025-10-14,2025-10-17
Steady_State,2025-10-17,2025-10-20
WOI,2025-10-20,2025-10-22
Steady_State,2025-10-22,2025-10-27
WOI,2025-10-27,2025-10-28
Steady_State,2025-10-28,2025-10-29
WOI,2025-10-29,2025-10-30
Steady_State,2025-10-30,2025-11-04
WOI,2025-11-04,2025-11-07
Steady_State,2025-11-07,2025-11-10
WOI,2025-11-10,2025-11-11
Steady_State,2025-11-11,2025-11-13
WOI,2025-11-13,2025-11-19
Steady_State,2025-11-19,2025-11-20
WOI,2025-11-20,2025-11-25
Steady_State,2025-11-25,2025-11-27
Inflation,2025-11-27,2025-11-28
Steady_State,2025-11-28,2025-12-08
WOI,2025-12-08,2025-12-09
Steady_State,2025-12-09,2025-12-10
WOI,2025-12-10,2025-12-11
Steady_State,2025-12-11,2025-12-12
WOI,2025-12-12,2025-12-15
Steady_State,2025-12-15,2025-12-17
WOI,2025-12-17,2025-12-18
Steady_State,2025-12-18,2025-12-19
WOI,2025-12-19,2025-12-22
Steady_State,2025-12-22,2025-12-25
Inflation,2025-12-25,2025-12-26
Steady_State,2025-12-26,2026-01-01
Inflation,2026-01-01,2026-01-02
Steady_State,2026-01-02,2026-01-08
WOI,2026-01-08,2026-01-09
Steady_State,2026-01-09,2026-01-19
Inflation,2026-01-19,2026-01-20
WOI,2026-01-20,2026-01-22
Steady_State,2026-01-22,2026-01-23
WOI,2026-01-23,2026-01-26
Steady_State,2026-01-26,2026-01-29
WOI,2026-01-29,2026-02-09
Steady_State,2026-02-09,2026-02-12
WOI,2026-02-12,2026-02-13
Steady_State,2026-02-13,2026-02-16
Inflation,2026-02-16,2026-02-17
Steady_State,2026-02-17,2026-02-20
WOI,2026-02-20,2026-02-24
Steady_State,2026-02-24,2026-02-25
WOI,2026-02-25,2026-02-26
Steady_State,2026-02-26,2026-02-27
WOI,2026-02-27,2026-03-17
Steady_State,2026-03-17,2026-03-18
WOI,2026-03-18,2026-04-03
Steady_State,2026-04-03,2026-04-08
Crisis,2026-04-08,2026-04-09
Steady_State,2026-04-09,2026-04-13
WOI,2026-04-13,2026-04-16
Steady_State,2026-04-16,2026-04-17
WOI,2026-04-17,2026-04-20
Steady_State,2026-04-20,2026-04-22
WOI,2026-04-22,2026-04-24
Steady_State,2026-04-24,2026-04-30
WOI,2026-04-30,2026-05-01
Crisis,2026-05-01,2026-05-07
