sasdate,state,crisis,p_state0,p_state1,p_state2,p_state3,p_state4,p_state5
1976-03-01,3,0,5.605692520737258e-245,3.500639244959466e-209,3.3937931233194074e-305,1.0,3.830899445485731e-135,6.067984919137177e-168
1976-04-01,3,0,0.0031178330774637914,1.2890413846639807e-17,8.693210027854757e-70,0.9966171124168771,1.9202655901385815e-28,0.00026505450565927354
1976-05-01,3,0,0.01214739841530074,1.1510498135616274e-05,1.5652732981225603e-05,0.9830282493092213,1.3282047757025474e-10,0.004797188911541602
1976-06-01,3,0,0.006652634530160992,5.407493877943188e-06,1.9156560675935726e-07,0.99287340117244,2.0853482026864837e-06,0.00046627988971506464
1976-07-01,3,0,0.0009228870778952104,5.911519969117777e-05,8.856196944638862e-08,0.9896597779308975,8.799256951341263e-07,0.009357251303850966
1976-08-01,3,0,0.004615081229681117,3.659081253816928e-07,1.085756457706001e-08,0.995023825341262,8.115860987196646e-06,0.00035260080237872624
1976-09-01,3,0,0.0058764807026042585,3.32014465304373e-07,3.935706415450117e-08,0.9939401781317404,6.9290947722768e-07,0.0001822768846498992
1976-10-01,3,0,0.005120554753366851,2.2379996637211344e-06,1.7698895217982648e-07,0.9941726528760042,4.836129079950852e-08,0.0007043290207257935
1976-11-01,3,0,0.0026409792751865865,2.001796477950422e-05,3.1931966003133653e-07,0.9889804549050601,1.206809153077935e-07,0.008358107854395438
1976-12-01,3,0,0.0004585868498674216,2.0635681785186785e-06,2.0177975273679285e-07,0.9958230472106276,0.00020536293007307268,0.003510737661495248
1977-01-01,3,0,0.0003862829507926884,7.418638260993683e-05,1.304315097392936e-07,0.8474688858092203,8.971976210987763e-08,0.15207042470610785
1977-02-01,3,0,0.0006211668972391658,1.4856615504247371e-07,6.214198971325253e-09,0.9967374981687516,0.0007883814144095672,0.0018527987392521384
1977-03-01,3,0,0.0009640271746354088,1.3336040820848347e-07,5.687858993102168e-09,0.9984251207358987,1.7702101344389153e-05,0.0005930109398591364
1977-04-01,3,0,0.000493202753349591,6.515703646389356e-07,2.744625841335186e-09,0.99823311180259,3.226501825145025e-05,0.0012407661108142503
1977-05-01,3,0,0.0002115266204388246,3.165127667119841e-07,5.051546122116237e-09,0.9968969996176938,6.997478279918652e-05,0.002821177414755173
1977-06-01,3,0,0.00045790359975118736,2.985814583015303e-07,2.236187458606436e-09,0.9898490942480981,7.317358351971616e-05,0.009619527750993496
1977-07-01,3,0,0.0004903388670265078,2.4328525801358217e-06,5.511284932364947e-08,0.989481302220824,3.0464301708647602e-06,0.010022824516542952
1977-08-01,3,0,0.0009536579299934223,7.681357204641312e-08,1.6278821470409212e-08,0.997726210411246,9.616275267687543e-05,0.0012238758136838617
1977-09-01,3,0,0.004732542967589546,1.465358339995387e-07,4.528548924284571e-08,0.9948156397066144,6.447691735505096e-07,0.0004509807353119154
1977-10-01,3,0,0.015769925098483257,3.621789670426349e-06,3.0678672865209885e-07,0.9836709169248287,1.2619736324610976e-08,0.000555216780552236
1977-11-01,3,0,0.010331810135243442,3.9513149743132405e-06,3.7724149882004536e-07,0.9890335826919537,1.1993294414955978e-06,0.0006290792868998516
1977-12-01,3,0,0.018088875397802764,1.8609470630267002e-06,4.096520049732683e-07,0.9816871065339153,7.475735671990162e-08,0.00022167271186972196
1978-01-01,3,0,0.0029687730128211986,0.0001429560381534318,7.953439009026464e-07,0.9878938018589523,6.297833928371872e-07,0.008993043962770496
1978-02-01,3,0,0.0016654526991795628,1.361231696773391e-06,3.936759022980679e-08,0.997281900091301,4.250999679495852e-05,0.001008736613429674
1978-03-01,3,0,0.004818743031070773,3.883004538547672e-06,1.5004234108276345e-06,0.9916250187268912,3.4551783977362815e-07,0.003550509296238815
1978-04-01,3,0,0.043868863231242866,1.5092222601190336e-05,1.6043292340622398e-06,0.9523294315242937,1.1070946436388679e-07,0.00378489798316918
1978-05-01,3,0,0.03782610822183548,2.2954271544002572e-05,2.8245225126123863e-05,0.9602423545695187,1.8257758089481852e-07,0.0018801551344165566
1978-06-01,3,0,0.006027276004655746,0.00017446474004699424,2.243080543626265e-06,0.9899475562898923,1.5629083683439383e-06,0.0038468969765038316
1978-07-01,0,0,0.0542402313366586,5.592430465139225e-06,5.958751712673063e-07,0.9453455746984742,8.699184652526932e-08,0.00040791866735861597
1978-08-01,0,0,0.025344740376330898,0.0005467534662695854,0.002080064160148306,0.9186400566458542,3.6445746562629238e-09,0.05338838170682762
1978-09-01,0,0,0.2481757849668846,0.0005056328846635753,8.199662365167771e-05,0.7475385703861168,1.8159641035037032e-07,0.003697833542257714
1978-10-01,1,0,1.4920814625707666e-05,0.9978157817179668,9.009476418932672e-05,1.577325445225774e-08,4.093389039979974e-25,0.0020791869299757737
1978-11-01,0,0,0.6281396531737167,0.14775897288025955,0.061476593365206694,0.16146410953636658,6.549742611010362e-07,0.0011600160701671794
1978-12-01,0,0,0.988437038647505,0.004794986837585716,0.0031231884388414847,0.0036234657774190156,1.1031100025186297e-13,2.132029852164706e-05
1979-01-01,0,0,0.9906566736721436,0.00586046186345251,0.002877658777436763,0.0005996763575232498,1.5812057763777613e-11,5.529313621859127e-06
1979-02-01,0,0,0.9881285812702655,0.01069083728621185,0.0011454660441894418,3.492298074605676e-05,1.1312342032208101e-14,1.9241857606703686e-07
1979-03-01,0,0,0.9992638026637868,0.0005686402420706636,0.00015346094845167254,1.4093986638712046e-05,1.4733328001492112e-15,2.1590418716213678e-09
1979-04-01,0,0,0.9992145128415316,0.0007136087257724461,7.091417528544532e-05,9.63735556067067e-07,8.409032857619883e-18,5.218271382179084e-10
1979-05-01,0,0,0.9982035458035156,0.0015228022386788369,0.0002731816009007574,4.703039522945684e-07,5.770154169895764e-19,5.2976972628581764e-11
1979-06-01,0,0,0.977033207902918,0.022098811891268277,0.0008661232396106616,1.856793107963072e-06,4.928348833567754e-22,1.7307200863951442e-10
1979-07-01,0,0,0.9986901977078552,0.0011921934743327088,4.267355054609123e-05,7.493516559681211e-05,7.688486910929565e-18,1.016862835756169e-10
1979-08-01,2,0,0.8633470055736127,0.008314641137198122,0.12833766687988712,6.464600876561623e-07,1.454133449706036e-23,3.99491884925568e-08
1979-09-01,2,0,0.26361180850618093,0.2265729329955336,0.5098135949057367,1.6618010548843307e-06,1.2131977818580102e-21,1.7914881689406704e-09
1979-10-01,1,0,5.775986914876581e-10,0.9991733763738967,0.0008266230484562813,7.401052930265791e-17,2.690606908967894e-59,4.3146001209825286e-14
1979-11-01,2,0,0.0004375748141581919,0.2285794330564735,0.7709829380977344,5.4031660792965763e-08,4.0129813360114783e-36,5.96332360476771e-17
1979-12-01,2,0,5.275443888978498e-06,0.004764703483944081,0.9952299810482212,4.0015725921659065e-08,4.5359746287236535e-33,8.195437339988859e-12
1980-01-01,2,0,3.54799286066866e-12,0.04408500732031069,0.9559149926747463,7.947756305939964e-13,2.1613993663670157e-31,5.663195374592246e-13
1980-02-01,1,0,1.3907118920212174e-14,0.9999998862583717,1.1374167015188198e-07,1.810308069663176e-21,2.2559782602624732e-73,7.095846112868234e-21
1980-03-01,2,0,4.885354220014558e-13,0.35623983074757576,0.6437601692452851,6.613720240279125e-12,4.900898660438121e-38,1.660441558381584e-21
1980-04-01,2,0,3.7985476633521256e-27,0.00020414333191486278,0.9997958566680538,3.289820899582491e-31,3.477317291752329e-78,9.529799164273753e-20
1980-05-01,2,0,2.41853599738647e-07,0.012500415758947095,0.9874993422776845,1.0978219009541393e-10,3.6917658424376303e-37,3.712112236399434e-22
1980-06-01,2,0,0.018671818268156157,0.024312955656413192,0.9558069963842349,0.001208229690802596,9.17407405237974e-28,4.290179092438834e-13
1980-07-01,2,0,6.476439803841708e-06,0.0008606854019379707,0.9991324706833998,9.698752548735668e-08,1.503066773295314e-30,2.704873425967732e-07
1980-08-01,2,0,2.679628984375408e-07,0.011399500564733768,0.988600231468255,4.5239360313508335e-13,1.8497284362585895e-41,3.6038779162934057e-12
1980-09-01,2,0,6.690300438956722e-12,7.422444655007002e-05,0.9999257755466968,1.1630396878486443e-13,4.714086078577885e-35,1.541392202584937e-15
1980-10-01,2,0,2.3730449474704043e-10,0.002882381353149327,0.9971176184095812,2.261452854192182e-15,2.2927685960097174e-46,2.1412003877378976e-20
1980-11-01,2,0,1.0112332912308821e-22,1.4156467571748443e-06,0.9999985843532856,2.3825143806067187e-24,3.6012091663011236e-65,7.07370239688848e-24
1980-12-01,1,0,1.8451049158307386e-11,0.9376470144769905,0.06235298550456718,1.9295658784100113e-15,9.808322792842435e-47,2.0231587944906454e-27
1981-01-01,1,0,3.1195306219626194e-08,0.9964635874207243,0.0035363653395564785,1.6044453407227487e-08,8.426277181227085e-45,1.4834796049989922e-18
1981-02-01,1,0,1.9386464134953462e-12,0.9977389455178134,0.0022610544802413404,1.634515071766806e-14,9.404450395142306e-48,1.0554199794212236e-14
1981-03-01,1,0,5.0327193605804584e-15,0.9998927456267153,0.00010725437323049473,1.167532664881967e-19,4.2376130626506385e-59,2.1250604774189384e-20
1981-04-01,1,0,3.683096525815707e-12,0.9937009218195028,0.006299078176781117,1.5549298352446396e-17,4.11611741518674e-64,6.2546205276005034e-27
1981-05-01,2,0,2.1724426848411313e-05,0.2661187295644547,0.7338595344096707,1.1599007297138097e-08,2.0679088788654925e-49,1.7445101197215734e-22
1981-06-01,1,0,2.2506793201250638e-10,0.9999986437214932,1.3560511771214652e-06,1.9294194860446155e-12,4.843784025450474e-46,2.863013174955306e-13
1981-07-01,1,0,6.761732719194581e-16,0.9836019535320557,0.016398046467946754,1.8766983098270612e-20,6.172545745445301e-58,4.906187105012919e-21
1981-08-01,1,0,1.8788972577244005e-09,0.9989399152334677,0.001060082887529602,6.506768504639145e-14,1.7408651551446588e-53,1.1906817211985421e-26
1981-09-01,1,0,1.6332162043352187e-12,0.9999969321275323,3.0678707677697973e-06,1.6696453108698743e-14,1.1940964943033748e-57,1.4259275942429447e-19
1981-10-01,1,0,1.3171533349845115e-12,0.9885507329689762,0.011449267029721792,9.029721392127382e-24,2.113413500435426e-85,8.639558612305e-24
1981-11-01,1,0,1.7059344207882394e-08,0.9357608221570457,0.06423916078359487,7.689179469342298e-17,2.6305291810554626e-74,2.6168174997068412e-30
1981-12-01,1,0,0.013678289094128831,0.9561183871723711,0.030203028956432662,2.9477708523430473e-07,9.02600035423378e-55,8.3038687387521575e-22
1982-01-01,1,0,0.00039185145403078993,0.9204309694989552,0.07917612014332541,1.058389971944534e-06,2.1476446822666674e-36,5.137559437689526e-10
1982-02-01,1,0,0.0003120945596000447,0.9989150689534241,0.0007506207138675035,2.2212178066569092e-05,3.563409239946644e-20,3.595044237704375e-09
1982-03-01,1,0,0.0007668614502791621,0.9760607191485022,0.023169257565741303,3.159814003615891e-06,4.419926623594743e-25,2.0214316467160754e-09
1982-04-01,1,0,3.2091104812948187e-07,0.9316111493026215,0.06838852974284708,3.30310275143306e-11,1.016046134601612e-35,1.042379506655089e-11
1982-05-01,1,0,3.9342100021359234e-08,0.9890161696976635,0.010983790924277845,3.5976000274865545e-11,2.834332935324676e-36,3.937761679325297e-15
1982-06-01,1,0,0.0005222106686800363,0.9372433636376527,0.062234418470248756,7.22344082854456e-09,3.803715283205044e-42,2.674956566513578e-16
1982-07-01,1,0,0.002643720094487157,0.9838740156754002,0.013482238711919272,2.551790672553151e-08,2.7536095520615707e-42,2.7978459803085185e-13
1982-08-01,1,0,5.439483650071642e-08,0.9999623631567977,3.758244386977751e-05,4.394026840675422e-12,1.0447427689507924e-49,9.588395844252875e-14
1982-09-01,1,0,4.993520822916003e-07,0.9999699281997085,2.9236884735783827e-05,3.3556340938427354e-07,6.195289056331987e-28,9.688905661794071e-14
1982-10-01,2,0,2.0479016903802452e-09,0.010327701828875524,0.9896722960701284,4.405605893932901e-11,3.147712145910909e-45,9.110065922138003e-12
1982-11-01,2,0,0.00410473004758825,0.010165823421911415,0.9850052387158718,0.0007242078135967392,2.883455153039274e-17,1.1092708942126915e-12
1982-12-01,1,0,1.7954917133134034e-07,0.9995044087788899,0.0004880082973476452,7.195022937918776e-07,3.1157833495176468e-25,6.683872209727232e-06
1983-01-01,2,0,1.9402613373662066e-10,0.04008007656485708,0.9599199123458915,1.5284842888910539e-10,6.195900506098965e-27,1.074248143762116e-08
1983-02-01,1,0,0.02496099052003269,0.858069202018845,0.0936610023750884,0.023308779019330574,7.885334454079515e-12,2.6058834362362437e-08
1983-03-01,1,0,0.0005652281045227999,0.9827228246906846,0.016364152855991503,0.00013511547308031304,5.149388479987292e-20,0.00021267887579072106
1983-04-01,1,0,0.0014192655753080263,0.6964454510173996,0.30209255619786496,3.900833698168312e-05,2.3359223344924887e-18,3.7188725584756876e-06
1983-05-01,0,0,0.2445704096787281,0.05286475709499042,0.6979234959763154,0.0046410481859888745,2.0141210610360504e-16,2.890639405763508e-07
1983-06-01,0,0,0.9626128323501291,0.019027969852331947,0.014525428024356251,0.0038194964888146484,1.4801269037250212e-12,1.4273282965007357e-05
1983-07-01,1,0,0.27385354001235096,0.7004465443726697,0.025678568426912785,1.2609099654744764e-05,5.368973519479341e-20,8.738088441840545e-06
1983-08-01,1,0,0.10268611417037873,0.8931069252614913,0.003671017826535235,0.0005357550627796059,2.5412938576452855e-16,1.8767889038989635e-07
1983-09-01,1,0,0.15043077714998399,0.8473630070727329,0.0006105779725010879,0.0015928479595982133,6.273528895857271e-17,2.7898452218707643e-06
1983-10-01,1,0,0.001166782598538095,0.9985370276417044,0.00018618256043859466,0.00010295650916611215,6.999120590698127e-17,7.050690176316105e-06
1983-11-01,0,0,0.9110491710080473,0.02168752306769464,0.027355482324100133,0.03990766023069595,1.3189959945399869e-11,1.633562361009786e-07
1983-12-01,0,0,0.9957203256971198,0.000907184394606738,1.875882930212225e-05,0.003351570971902,1.4257043686896632e-14,2.1601071330531642e-06
1984-01-01,0,0,0.874181856721144,0.12419982473662122,0.00010610512525047864,0.001457041589762307,9.613392826627635e-13,5.517182630253705e-05
1984-02-01,0,0,0.9925101457542871,0.00709035398287101,0.00010515989271660354,0.0002940421399049209,5.604845437409135e-14,2.9823010895992466e-07
1984-03-01,0,0,0.9984261928434323,0.0014720967216878631,9.432401970838729e-05,7.380849076477208e-06,2.4181206036554346e-18,5.566049130307194e-09
1984-04-01,0,0,0.9947433611714884,0.005243835188053388,1.1509124561215462e-05,1.2935527731268308e-06,8.906745179707229e-18,9.630184445103342e-10
1984-05-01,1,0,0.0036769333482293788,0.980258348912746,0.016064715986652864,1.4926879802291098e-09,4.524684580382608e-32,2.5970841510281343e-10
1984-06-01,2,0,0.8712828691952924,0.06247170064464388,0.04532880301028018,0.020916627138421982,9.76021454360418e-17,1.131370622017959e-11
1984-07-01,2,0,2.8891656240317145e-05,0.05537907381297669,0.9432433099007634,2.1929768115022307e-06,7.598790625191602e-22,0.0013465316531580131
1984-08-01,2,0,0.006964082939792913,0.03709686179912353,0.9558598292341943,6.156549706810747e-05,5.61198333184608e-14,1.7660529675264312e-05
1984-09-01,1,0,0.13592228104322426,0.8503173220244283,0.013395396594316777,0.00036284710191287686,3.935379621679701e-14,2.15323604166081e-06
1984-10-01,1,0,0.00020191481294159697,0.987240377026611,0.012557706420374378,4.366805000810753e-10,4.876204919640699e-35,1.3034854811219685e-09
1984-11-01,0,0,0.17440126731504613,0.8183708362985619,0.003974140095454079,0.00325375621271487,3.209260214481058e-19,7.820524148694164e-11
1984-12-01,0,0,0.8444458720445281,0.14170804985402963,0.0009721070221565705,0.012867737065830942,7.724854473117447e-18,6.2340133418172555e-06
1985-01-01,0,0,0.9803247819869001,0.0001074047753669507,0.01392024773189675,0.0055888574051648965,1.922939364089085e-12,5.870809880407231e-05
1985-02-01,0,0,0.9941761327901238,0.005163722035599478,0.00025522680720306307,0.00040365841374664143,7.924169670463135e-15,1.259953378854777e-06
1985-03-01,0,0,0.9801559390457866,0.019384852034420287,0.0002665971927385786,0.00019118435060734833,3.561313721436176e-13,1.4273761967014866e-06
1985-04-01,0,0,0.9979727798702883,0.001955718922190644,5.506860488616826e-06,6.595504568648423e-05,6.822242676715074e-14,3.9301229718704656e-08
1985-05-01,0,0,0.9926687764440527,0.005479662394252485,0.0018515304068368564,2.809534162452111e-08,7.064883875626621e-28,2.6596292694150167e-09
1985-06-01,0,0,0.9988875262176152,0.0009661756913679906,8.24791371758863e-06,0.00013805014173073915,1.0690062053932437e-13,3.5534225041694163e-11
1985-07-01,0,0,0.9993439549089351,0.0004288155078690882,0.00017614113694699988,5.105588015604455e-05,3.2036956339195903e-17,3.256610470098913e-08
1985-08-01,0,0,0.9974913104617127,0.0024083441978358356,5.5318324789390425e-05,4.4988430094716566e-05,7.26220236441685e-13,3.85848707668705e-08
1985-09-01,0,0,0.980299472096006,0.019327116731851952,2.6164651738794906e-05,0.00034703385810630315,2.287536228997177e-13,2.1266212839189778e-07
1985-10-01,0,0,0.9858861478567883,0.004423350579115095,0.009622772594711159,6.76219388593031e-05,3.4663108126312504e-16,1.0703053544972315e-07
1985-11-01,0,0,0.9993651484546463,0.0001400062208882832,0.0004184714544058441,7.633678520306432e-05,3.1903223720347063e-13,3.708450553888997e-08
1985-12-01,0,0,0.9996313343722893,0.00017497122012914132,0.0001871122173978929,6.571359555162368e-06,3.3885712538157363e-15,1.0830738306164817e-08
1986-01-01,0,0,0.9965669819080198,0.0032964602030902874,8.914099773088866e-05,4.739007798507849e-05,1.8357599743934295e-11,2.6794880787164365e-08
1986-02-01,0,0,0.9260215052060042,0.0633210785334903,0.009866573778638584,0.0007842173530742509,1.1801440572102253e-13,6.625128660408397e-06
1986-03-01,0,0,0.9934548862173851,0.006350382731173548,3.3172175535111695e-05,0.00016118293281698574,1.0843124442705131e-15,3.7594308450647285e-07
1986-04-01,0,0,0.9508402940822738,0.028792505073151318,0.019230487629329975,0.0011270144251249205,1.0108252370740645e-12,9.698789123524964e-06
1986-05-01,0,0,0.964851874002467,0.032420785208903805,0.0003061306573404401,0.0024171325714391735,7.454993805098185e-12,4.077552357525551e-06
1986-06-01,1,0,0.8183543098799099,0.1721500804977275,0.00011738134399625883,0.009109830062546415,5.466234229847557e-10,0.0002683976691529675
1986-07-01,1,0,0.5128287385230887,0.48119924051630697,0.0014391493286316623,0.004101558395664065,1.341280629606871e-10,0.00043131310223331416
1986-08-01,1,0,0.018692345348089934,0.9780545875211101,0.0006960900706724682,0.0022187653834510215,1.5463136700324716e-12,0.00033821167512015823
1986-09-01,1,0,0.000770493121911318,0.9789905284200463,9.328647097375213e-05,0.01937206168988965,6.499014549630775e-10,0.000773629647287478
1986-10-01,3,0,0.41538310320012356,0.11569880555467575,0.01707330471026451,0.4516222336351101,9.514153889836435e-08,0.00022245775825825102
1986-11-01,3,0,0.09828815245392285,0.0004418413721163912,2.0138074816039675e-05,0.900925380948006,3.904402150865674e-06,0.00032058274902683256
1986-12-01,3,0,0.09000327817755502,3.4330033314612386e-05,3.7271831345286054e-06,0.9096566699541633,6.037546019239694e-08,0.0003019342762590734
1987-01-01,3,0,0.01750576415703494,3.573537029546223e-05,1.820022844276438e-05,0.9792926315633115,1.4368524286408728e-08,0.003147654312446079
1987-02-01,3,0,0.0022438182731346424,2.4979699580531574e-06,3.452540336277914e-06,0.9854899011907563,3.4006019798924273e-06,0.0122569294239034
1987-03-01,3,0,0.005542775083552761,4.107713447091922e-06,4.3490494334589045e-08,0.9932322630677691,1.8648805102512467e-06,0.0012189457641997564
1987-04-01,3,0,0.002500732460718158,0.006124921658404526,3.4636614093886476e-06,0.9779673003504341,3.0221387125754534e-15,0.013403581869142863
1987-05-01,3,0,0.0030683108674076347,0.00018722353706133278,3.087144815394338e-05,0.9944765690727932,5.212472656793876e-07,0.0022365038274287556
1987-06-01,3,0,0.0076179209772595045,1.914475952920959e-06,4.3872395130545824e-08,0.9920956898135069,6.721482987533226e-07,0.00028375871253560994
1987-07-01,3,0,0.0060705228218181405,2.66950492341081e-06,3.1140356819796094e-08,0.9937080510319825,1.2135922022082514e-07,0.00021860414162323173
1987-08-01,3,0,0.011565707925525276,5.271425471166732e-06,2.6365483840157465e-07,0.9876022171877877,2.518854718212302e-08,0.0008265146177908332
1987-09-01,3,0,0.009367976376015021,0.0006476684607521969,8.235754889272995e-07,0.9843340866851595,5.871251349602415e-11,0.005649444843796864
1987-10-01,5,1,1.5657195018051863e-11,0.022530469936682215,3.816016652434239e-08,1.119255992344361e-11,2.303135640403152e-34,0.9774694918764011
1987-11-01,3,0,1.0776858030029734e-05,0.0026824534184905994,2.7968904532116547e-06,0.08478194905620545,0.03174054713262205,0.8807814766442835
1987-12-01,3,0,0.0003329411499527231,2.300901929545686e-05,0.0003561516515073961,0.5074831558570396,0.0003508041017733307,0.4914539382203296
1988-01-01,3,0,3.602285421134581e-05,4.182788762195877e-05,1.7567685066100196e-07,0.3930535185523021,0.00482704556775379,0.602041409461202
1988-02-01,3,0,0.002637905197004042,2.4720574508969737e-07,1.808049141278835e-08,0.9608311546782731,0.0033985615081567515,0.033132113330417524
1988-03-01,3,0,0.0006108547760116196,7.161851076455214e-06,1.8696156374766193e-07,0.9819070065786869,9.778956950970274e-05,0.01737700026304114
1988-04-01,3,0,0.005830277400109326,3.2810642129891086e-07,8.369414966903657e-09,0.9937802770491075,4.427253186686263e-06,0.0003846818217213225
1988-05-01,0,0,0.0696181933629999,4.134103712773084e-05,8.601068284235865e-07,0.9296240191585526,2.746800015731774e-10,0.0007155860597755512
1988-06-01,0,0,0.05311522965789919,5.549970682312928e-05,0.00011653061997205966,0.9296361924880667,8.834607010370075e-08,0.017076459181275493
1988-07-01,0,0,0.023959249336250245,0.0007142141852090558,5.147222920068486e-06,0.9718587300439999,6.486417694382636e-08,0.0034625943475007494
1988-08-01,0,0,0.06519669776838252,0.00010431304991224384,1.341120130135477e-06,0.933818348443517,1.6406888648496858e-07,0.0008791355490676176
1988-09-01,0,0,0.11776331580439679,0.00013502843999749033,4.826097529568841e-06,0.8805599688735838,8.089785326648027e-08,0.0015367798866772677
1988-10-01,0,0,0.4619710144405708,0.0003291940442180782,1.5029552389598077e-05,0.5372597941253731,5.237558527571682e-09,0.0004249625998019303
1988-11-01,0,0,0.9070845558572563,0.0015320215470568425,2.9036536939224085e-05,0.09126044224052592,9.34635836270723e-12,9.394380877997437e-05
1988-12-01,0,0,0.9855477920079438,0.00022461352949233837,0.0002635414528075605,0.013952643571596703,1.0123618332248875e-11,1.1409427955760185e-05
1989-01-01,0,0,0.9747303979498313,0.0013260264678636286,3.230232728125191e-05,0.02389688923479461,1.3115112174204457e-09,1.4382708658204037e-05
1989-02-01,0,0,0.9806247460193473,0.002696039359937555,7.837373616441543e-05,0.01658124397462444,1.8312046607380789e-10,1.9596726866127705e-05
1989-03-01,0,0,0.9983976691105446,0.00023900875274845696,8.703951292118275e-05,0.0012757864714560557,2.3027523500124325e-12,4.961499865255021e-07
1989-04-01,0,0,0.9993661919656553,0.000555966368858479,3.188023531474807e-05,4.589611403787023e-05,3.771987508328015e-16,6.53161943545457e-08
1989-05-01,0,0,0.9985443213420353,0.001158391236100548,0.0002913482547221407,5.923763912449173e-06,1.461995761015949e-14,1.5403185236324997e-08
1989-06-01,0,0,0.9876903718125214,0.01206604237497705,0.00024305877809073433,5.256719936630674e-07,1.8641918274766564e-20,1.3624937940921225e-09
1989-07-01,0,0,0.9799291895889878,0.017386802022771836,0.0026520529464552096,3.1954984358878554e-05,1.4403516775250298e-19,4.5740229355994197e-10
1989-08-01,0,0,0.9920428359028708,0.007199813250899936,0.0007470087832216453,1.0340578192938166e-05,1.5569349598805292e-21,1.4846964104248859e-09
1989-09-01,0,0,0.9996841694702194,0.00022446127406952854,3.4892377612622476e-05,5.647637343378884e-05,8.733118538398974e-16,5.04755843483489e-10
1989-10-01,0,0,0.9978989829728462,0.001986346003962684,0.00011298145878584286,1.682378148780724e-06,6.997948300760364e-19,7.186094695457355e-09
1989-11-01,0,0,0.999279527520425,0.0006765056984367112,3.580774593098308e-05,8.158959000020348e-06,5.632280531149959e-16,7.598512432083296e-11
1989-12-01,0,0,0.9959984833061925,0.0037575803463313355,0.00023697151444897248,6.963230000659377e-06,1.4449760885440862e-17,1.60280654223342e-09
1990-01-01,0,0,0.9755662266737978,0.024246763415996266,7.874327012269318e-05,0.00010824846937926859,8.81282850260941e-16,1.8170826906446338e-08
1990-02-01,0,0,0.9992342806452502,0.00014836687698301822,2.1924263695098227e-05,0.0005954209227765764,5.895598686532209e-13,7.2907533494040574e-09
1990-03-01,0,0,0.9995525634896169,0.0002390140232963065,0.0001312002834451964,7.716055410328837e-05,1.9051071624957978e-15,6.164950823131536e-08
1990-04-01,0,0,0.9930603154099849,0.005707941345804925,0.001223579257260034,8.133956657979578e-06,1.802222279100363e-16,3.003017751106302e-08
1990-05-01,0,0,0.9982822223093404,0.0007893190245399658,0.0009110551530043494,1.7399558910169936e-05,1.2185161038767759e-16,3.954384084207039e-09
1990-06-01,0,0,0.9996640544745864,0.0002416890832000065,7.090532778798293e-05,2.3347612634033366e-05,9.307703530089022e-14,3.501840903895774e-09
1990-07-01,0,0,0.990702076906188,0.00924863047404498,4.639729285269699e-05,2.887606626603203e-06,4.606214291064505e-17,7.720229846769317e-09
1990-08-01,1,0,0.016713024694370804,0.9828507437323375,0.0004344140719627863,1.7855701039825673e-06,1.3805044226587826e-21,3.193113292750004e-08
1990-09-01,1,0,0.0002993894765688448,0.9974952681464024,0.002148843564627817,5.649116273890498e-05,2.403382259806797e-20,7.649792688636776e-09
1990-10-01,1,0,0.01838048036505764,0.9575385234435163,0.0022254801321673536,0.02185169793076924,7.721977392306753e-14,3.8181283862605585e-06
1990-11-01,2,0,0.00017536377254544406,0.0174293913180802,0.9822459057871594,0.00010266223539072678,3.6317111658775193e-20,4.667688679535756e-05
1990-12-01,2,0,6.025130630641055e-07,0.05982932229619836,0.9401691957120555,7.80036024976289e-08,6.719953155203098e-20,8.014750480836166e-07
1991-01-01,1,0,1.0485015567585219e-11,0.9999878303905636,6.26267216040341e-06,1.9568620636391748e-10,4.067706795829194e-17,5.906731320337813e-06
1991-02-01,3,0,0.20749226466255988,0.13217553746270355,0.3175611964705761,0.34276541401662225,6.197503045483088e-10,5.586767793071037e-06
1991-03-01,3,0,0.04784948849085951,0.02969416945064126,0.27665405874886423,0.629322467790195,1.778542520061056e-10,0.016479815341476616
1991-04-01,3,0,0.04399352128713917,0.0018281859496920726,5.319097669923071e-05,0.9534406783255391,1.0470837129184682e-05,0.0006739526238642639
1991-05-01,3,0,0.047472805180226056,1.3495309004162515e-05,4.396074993323066e-06,0.9520581874785013,1.8061770159411358e-07,0.0004509353396955665
1991-06-01,3,0,0.0019491136001252058,0.00010995993613218338,8.078219871911404e-08,0.9933530052779287,3.3464980207771e-06,0.004584493905608111
1991-07-01,3,0,0.01979093086397526,8.911182581980535e-06,3.500520160800598e-05,0.9781446988726326,7.758822641801003e-09,0.0020204461204593733
1991-08-01,3,0,0.025600127023623638,6.2242713793369085e-06,1.0548742989184414e-06,0.9737044180126035,1.5408336773707192e-07,0.0006880217348428884
1991-09-01,3,0,0.007555020623921729,1.817747411469423e-05,8.761117372084165e-07,0.9906406657004004,5.445329234599782e-07,0.0017847155569918017
1991-10-01,3,0,0.0032789883742125082,1.8380256922838169e-06,8.917512775431536e-08,0.9962396672328869,1.7669998926066137e-06,0.0004776501923856617
1991-11-01,3,0,0.001416218337057785,8.44595994334441e-06,9.337419557018145e-08,0.99389476001884,8.34198618108399e-08,0.004680398890261773
1991-12-01,5,1,0.007345504382742826,0.00013308589235322743,8.331627309746023e-05,0.5472368286255199,6.281470356642871e-11,0.4452012647633575
1992-01-01,5,1,1.1305644772304244e-08,0.000117017232549542,5.439422121328189e-08,0.0011692573083000263,0.0006654408698279504,0.9980482188894179
1992-02-01,3,0,1.8971326132017607e-07,6.505450804642619e-06,3.904513539744152e-09,0.18841300922517082,0.3547351687908985,0.4568451229155733
1992-03-01,3,0,0.00039720507103990706,1.714051614105708e-07,2.8195483204541774e-10,0.8984178081427374,0.06692935600183997,0.03425545909725557
1992-04-01,3,0,0.0001256465837882491,2.9075148433950835e-06,2.8162862263070974e-10,0.9805481752729903,0.00044148295150796794,0.018881787395338398
1992-05-01,3,0,0.00030864773924401594,4.33737558631631e-08,7.847459246322859e-10,0.9954531120453377,0.0020685399879372553,0.002169656069110365
1992-06-01,3,0,0.00010644164711622295,9.539440256684812e-07,1.8041445854479943e-10,0.9925818386718338,0.0003788981612119557,0.006931867395270143
1992-07-01,3,0,0.001932724950449362,1.4592865267827872e-07,3.6248194706112794e-08,0.9948954647681518,1.6136614091846508e-07,0.0031714667384505576
1992-08-01,3,0,0.0001330342898663515,4.240194173071878e-07,2.168578713543937e-08,0.9943621174815884,0.00022430567346364718,0.0052800968497602905
1992-09-01,3,0,7.122407796650856e-05,2.0916940828956325e-06,7.479278651526492e-10,0.952248723430763,1.0519719577183364e-05,0.047667440329560426
1992-10-01,3,0,6.383430923370091e-05,3.5763880404159775e-06,3.3127431667967236e-06,0.7723525818557878,1.8610559069313317e-08,0.2275766760930428
1992-11-01,3,0,5.373585338011207e-05,2.087703808230714e-08,2.4843368362359507e-09,0.9395404800540305,0.021024869790936443,0.03938089094016472
1992-12-01,3,0,0.000134344308409299,3.440414062937328e-08,3.86916256624919e-10,0.9884468705734023,0.0068445037285662005,0.0045742465984939615
1993-01-01,5,1,4.864403212949017e-07,1.2706490879691751e-05,2.5329803514840047e-10,0.2973218858408591,0.143104514386461,0.5595604065880198
1993-02-01,5,1,2.1811445531354582e-07,1.0984084820139038e-06,9.025238956083286e-12,0.02462068573309222,0.054350084889111396,0.921027912845714
1993-03-01,4,0,2.794307528972565e-06,9.193191763798742e-09,1.1813555460180619e-11,0.2400369506682702,0.6901172064171418,0.06984303940211928
1993-04-01,4,0,2.2342319149642678e-05,5.084264585822276e-08,2.6540528077686245e-11,0.11403472336942692,0.8067696761140529,0.07917320732825106
1993-05-01,4,0,8.90282644424697e-06,1.4237322208252427e-09,1.761372674439915e-10,0.1659136327201538,0.829084262349328,0.004993200504324132
1993-06-01,4,0,1.0996478461194956e-07,1.2217462406010607e-08,1.499478381507527e-12,0.015101210730357521,0.9785601355236937,0.006338531561984465
1993-07-01,4,0,6.155412009948364e-07,3.1114481355123826e-10,1.5487107750992924e-12,0.017051489962762803,0.978083158505939,0.004864735677327574
1993-08-01,4,0,1.8184707140444076e-07,6.601513978908428e-11,2.472940993632748e-13,0.007523729330469435,0.9914275347959984,0.0010485539602283378
1993-09-01,4,0,5.606784607917739e-09,3.683033417338978e-11,2.032456609564965e-14,0.0010500525238539143,0.9973023925373786,0.0016475492952441482
1993-10-01,3,0,7.52986421995417e-07,1.6852985429868597e-11,3.386674511577699e-12,0.15399741861732205,0.8138399126025018,0.03216191577345416
1993-11-01,3,0,0.00010006644848124624,6.081699548393926e-10,1.3152689050521583e-11,0.6087998297491517,0.38548214740543885,0.00561795577551244
1993-12-01,3,0,6.360233331179077e-05,8.008793720738852e-09,2.327268128336377e-10,0.5967096894884703,0.40242341080818844,0.0008032891285140468
1994-01-01,3,0,1.0148491584680826e-05,9.848485493945648e-08,7.608456714207533e-11,0.47551507564254925,0.518012319357207,0.006462357947500613
1994-02-01,3,0,0.00012743897665860052,2.5439457299463767e-08,2.123173469579358e-09,0.9760301761305882,0.0024025644887800002,0.021439792841435688
1994-03-01,3,0,0.0001704438289619801,9.198872284765477e-07,2.429466534602458e-10,0.9916312205354908,5.246212775623136e-06,0.008192169292685068
1994-04-01,3,0,0.0009082695946292664,2.4945632072484045e-07,1.0570637897065022e-08,0.9976289455357332,6.094531115603364e-07,0.0014619153894803478
1994-05-01,3,0,0.0008564337333945235,9.109188845427433e-07,1.5409051154120863e-08,0.9975639349913791,9.764369325994747e-07,0.001577728510294174
1994-06-01,3,0,4.5199547864741596e-05,8.999571708059765e-06,1.2574140027879954e-09,0.9845963048837671,1.8724047916224445e-06,0.015347622334445279
1994-07-01,3,0,0.0007942861049246388,4.0870257832713835e-06,6.819795192078777e-07,0.9580998736992745,2.503603021540454e-07,0.04110082083031337
1994-08-01,3,0,0.0006315878469797095,6.645823957080006e-08,1.1470671522819602e-08,0.9965239641668465,0.0007391802999246883,0.002105189757531393
1994-09-01,3,0,0.0006601282022699704,8.285764920268113e-07,5.290462373705209e-09,0.9970350162715743,4.547434978542509e-06,0.0022994742241171672
1994-10-01,3,0,0.0039383087300512475,2.899974804712534e-07,1.239260609828305e-07,0.9954926495488247,3.1094685369515595e-07,0.000568316850845294
1994-11-01,3,0,0.001561699354749046,5.448994798885683e-06,3.3975770831738713e-07,0.9949546539193141,2.457771280335535e-07,0.0034776121962952
1994-12-01,3,0,0.007717228759171011,7.865007195001354e-07,2.4325957884075757e-07,0.9918816278334105,3.060149539576207e-07,0.0003998076323354352
1995-01-01,3,0,0.0009223103676957744,1.8220820841077104e-05,6.596394253936968e-08,0.9930092289679738,2.7714081045700926e-06,0.006047402471414169
1995-02-01,3,0,0.002133217283093384,4.3016501415647384e-07,8.707195368417625e-09,0.9966520006768487,1.1298174987358805e-05,0.0012030449929306812
1995-03-01,3,0,0.005058316384674619,1.9057299614923e-07,1.684088378242831e-08,0.9948208737317823,5.663621857868564e-07,0.00012003610767520426
1995-04-01,3,0,0.0059066886729678796,9.92116501806783e-07,3.970205097793832e-08,0.9938610401104615,1.617293217610246e-07,0.00023107766868976157
1995-05-01,3,0,0.05007957946848786,0.00011350935386807831,3.0255579924529174e-06,0.9403480525144069,3.498372298145725e-10,0.009455832755293445
1995-06-01,3,0,0.019990192822105932,5.868577980367928e-06,2.1479522843405214e-06,0.9785254321863746,6.904655688869327e-06,0.0014694538057641946
1995-07-01,3,0,0.015355911977378015,1.9697957781671894e-06,9.022451800064223e-07,0.9842884758002198,4.0114353497568604e-07,0.0003523390381193946
1995-08-01,3,0,0.003722299265958092,6.378458671354795e-06,6.931062923446426e-08,0.9957076170652259,3.5882703405198186e-06,0.0005600476290773441
1995-09-01,3,0,0.003539447271912263,5.031594309375384e-07,1.0205957470252329e-08,0.9962848400434636,9.913740454698125e-07,0.00017420794537474174
1995-10-01,3,0,0.013557939564108184,3.642289502191668e-06,3.708354650461203e-07,0.9857048144116308,2.0998323416965277e-08,0.0007332119010217311
1995-11-01,3,0,0.0040336992567323714,3.151473388414785e-06,5.019441087567988e-08,0.995535378282345,2.7148650799416153e-06,0.0004250059279854241
1995-12-01,3,0,0.007733023546860005,0.0002651403412740666,2.6056356803010375e-05,0.9653214143612983,1.96969510346119e-08,0.02665434569688529
1996-01-01,3,0,0.0006104283382617226,2.1428439366621514e-05,6.162508933194674e-09,0.996559027358262,2.8703946767117554e-05,0.0027804057550130357
1996-02-01,3,0,0.0029084300800350338,4.86311961810457e-07,2.8722632718942653e-08,0.9960832053843877,1.0448552459024626e-07,0.0010077450156120052
1996-03-01,3,0,0.0030283828331745008,2.724757649573605e-06,2.5412525941886227e-06,0.9954045632604199,2.9060344227199522e-08,0.0015617588359183414
1996-04-01,3,0,0.0036699209508483446,5.543674296326166e-07,7.742512960787611e-07,0.9928771641464179,3.2982616022664936e-08,0.003451553301217459
1996-05-01,3,0,0.0021846011048560774,5.165498380101926e-07,5.167067103572858e-08,0.997257708024685,7.834313099077909e-06,0.0005492883369096322
1996-06-01,3,0,0.0023742533828831685,1.80051157588562e-06,2.2910056925096175e-08,0.9962131034820088,3.0823233181340377e-07,0.0014105114809392775
1996-07-01,3,0,4.121552862677728e-05,0.0002164386095542464,2.8257237857771435e-09,0.4349383648087168,2.4661346764556207e-07,0.564803731613996
1996-08-01,3,0,0.001037488113773178,1.2561378780660475e-05,0.0001905378658707395,0.6410429092523319,2.422109846579693e-06,0.35771408127935067
1996-09-01,3,0,0.0029224400613524926,1.9084965456299296e-06,5.221246755900856e-07,0.9693085246113331,6.266788462664516e-05,0.027703936821579053
1996-10-01,3,0,0.0014454076792709996,3.4594650581111317e-05,2.1926319671006884e-08,0.9766803583505761,2.9617652470720736e-06,0.021836655628036966
1996-11-01,3,0,0.005407601550046645,6.793329412006219e-06,2.064769231368747e-06,0.9900117233669413,5.761162776544727e-07,0.004571240868238032
1996-12-01,3,0,0.0014577112913539143,1.631929940855674e-05,2.932856456023753e-08,0.9953870962259959,5.595538561350306e-06,0.00313324831633232
1997-01-01,3,0,0.005116359328432072,2.6596500622141096e-06,9.543641627535704e-07,0.9939559132861305,4.876336887166478e-08,0.0009240646078906719
1997-02-01,3,0,0.0005273939870803576,9.236945340563262e-06,1.5252483276723928e-09,0.9955626537936626,6.0870548284055574e-06,0.003894626693907038
1997-03-01,3,0,0.0003011914430722889,3.1844268035315916e-05,3.747625579152462e-09,0.9756098236382207,4.5313864572973896e-08,0.024057091589282435
1997-04-01,3,0,0.0030251879437850084,0.00014954404955787537,0.00011934205181091791,0.9269136060943891,5.137011396953525e-09,0.06979231472358355
1997-05-01,3,0,0.007221842106040741,5.241643783972903e-07,3.488666980810308e-06,0.9773616751846709,6.192142622951473e-06,0.015406277735251954
1997-06-01,3,0,1.492913386497379e-05,0.0005847733054556353,2.8763433867316336e-08,0.5239344365547143,0.010276111655416262,0.46518972058724867
1997-07-01,3,0,0.01147476360574815,4.7850754885572296e-05,0.00021858207466833205,0.8520281216532793,4.6473824650041225e-07,0.13623021717308353
1997-08-01,3,0,0.00010581736235596817,0.00010806375503901318,6.326938117746706e-06,0.5990419703404471,0.0003012445636649267,0.40043657704057184
1997-09-01,3,0,0.0012800397136990289,2.0645889640318904e-07,1.750192206313126e-08,0.9836014951886753,0.004306285865585011,0.01081195527117881
1997-10-01,3,0,0.0018942006303112758,1.6251772444414282e-06,1.0584316950674382e-08,0.9945647723362906,0.0002334931879652856,0.0033058980840649666
1997-11-01,3,0,0.00042697639228848016,3.6376625405652865e-06,3.386504812066995e-09,0.9963859290613074,6.040914780577716e-06,0.003177412582633838
1997-12-01,3,0,0.0006614407729074583,7.524058934483981e-07,2.2417623918321048e-10,0.997055488684486,1.545117733543981e-05,0.0022668667354021383
1998-01-01,3,0,0.006556544462000821,1.2557196233504807e-07,2.1928280046786748e-08,0.9931107170902196,5.043445107909221e-07,0.00033208660295744503
1998-02-01,3,0,0.0010329659277310743,9.85600229352076e-07,3.845875349622805e-08,0.9974415852736768,8.610282293901383e-07,0.0015235637115403886
1998-03-01,3,0,0.0007720161724168433,1.8322962597292115e-07,5.8386304569964e-10,0.9989151387395572,8.66069844873509e-06,0.0003040005760703545
1998-04-01,3,0,0.0017217769818480976,1.6103516017164814e-07,2.7211502238178418e-09,0.997999148053892,1.2938734274569765e-06,0.00027761733460605046
1998-05-01,3,0,0.0002683372159060243,3.7393621032848788e-06,6.686290684991934e-10,0.9935522490130151,4.530254602386771e-06,0.006171143485705061
1998-06-01,3,0,0.00011497945766405124,7.435302583575646e-07,9.882716384540736e-09,0.9811915434320965,4.564480036617243e-06,0.018688159217089162
1998-07-01,5,1,0.0005639054504370204,4.234271803012658e-05,1.5672613735090956e-06,0.755827422269224,9.08558756560517e-08,0.24356467144499644
1998-08-01,5,1,4.706468917473193e-10,2.5838573755860173e-07,1.190473393714311e-12,1.1417255011855287e-05,7.769387739184919e-10,0.9999883231102645
1998-09-01,3,0,4.1623909713229615e-07,2.9421242881414064e-08,6.028177025111784e-08,0.12652799743171206,2.4722782833001746e-09,0.8734714941538384
1998-10-01,3,0,0.00011599400344179195,4.0185179770605616e-09,4.521121991956423e-10,0.8139233442643925,0.0015719836113672523,0.18438867365035977
1998-11-01,3,0,5.0211854988138574e-05,7.97195059925594e-08,2.6445855186950363e-09,0.9473165516561112,0.0006453645571274121,0.05198778956774565
1998-12-01,3,0,0.000820135011354416,2.9744943453809066e-08,1.217370018182327e-07,0.9785779479445604,1.5950947020911306e-06,0.020600170467345268
1999-01-01,3,0,0.00015810675179191795,4.9831667482967104e-08,1.3912970760422232e-07,0.972381248073647,2.600222802062421e-06,0.027457855990473543
1999-02-01,3,0,0.00015892063605931403,3.3230167864887564e-05,2.819589048867483e-10,0.80211876822563,8.228250957051257e-07,0.19768825786329428
1999-03-01,3,0,0.0028731708761612234,7.78227602222626e-05,2.3209533639430973e-06,0.7832584850918014,5.536407685641307e-09,0.21378819478223718
1999-04-01,3,0,0.00021465703410729095,1.668195713077636e-06,1.078966507695556e-07,0.9459646176573733,0.0347834794432294,0.019035469772979884
1999-05-01,3,0,2.3252655177854346e-05,1.6911261047016934e-05,5.543868361951996e-09,0.7798750239035974,0.0010970491459827336,0.2189877574904466
1999-06-01,3,0,0.0029562043339584005,1.6576314942676036e-08,5.987640987290982e-08,0.9831107498581334,3.0303264082021392e-05,0.013902666091092895
1999-07-01,3,0,0.0002262776429168573,2.0757775680227124e-06,7.219487723661761e-09,0.9956702883689217,0.0005346820975810627,0.003566668893451817
1999-08-01,3,0,0.0036434005808992464,1.8334927494842859e-07,1.2070588376667279e-08,0.995402963426749,2.2715440878864815e-06,0.0009511690286257856
1999-09-01,3,0,0.0008406251255004131,7.184468799897944e-07,1.6718907875029926e-07,0.996788541999055,4.6040304515337e-07,0.0023694868363982216
1999-10-01,3,0,0.00017857984218157236,1.0750766616504017e-05,3.7788960858269464e-08,0.9585903478396114,1.7971614842044373e-07,0.041220104046363656
1999-11-01,3,0,0.00012793355681480232,1.6356564856751766e-08,6.159659503752605e-08,0.9383287546358977,0.0001370288163623095,0.06140620503762085
1999-12-01,5,1,2.794687503189391e-08,2.7631316977408633e-10,6.412131694426269e-07,4.489374960220175e-05,8.106038838260249e-14,0.9999544368141231
2000-01-01,5,1,2.401851861572778e-15,5.388139189464695e-07,5.257804152757289e-10,2.4073533175540104e-06,6.211956282189155e-10,0.9999970526858083
2000-02-01,5,1,1.3666206333944731e-44,5.6452076333084565e-18,2.9515002415662323e-15,1.8386339959126752e-28,1.05175505607783e-28,1.0
2000-03-01,5,1,2.672249809110607e-34,2.0233485778879222e-17,2.2560551520259756e-18,8.65835277716722e-14,3.153402644730256e-21,1.0
2000-04-01,5,1,4.7039012995429297e-20,3.539029212880492e-20,2.8587469292134995e-24,9.95776506460531e-05,1.0717240775653825e-08,0.9999004116323285
2000-05-01,5,1,8.34033216772645e-07,5.117355608273625e-19,5.432054086941158e-23,0.11856063578511834,1.3838769182762006e-06,0.881437146304829
2000-06-01,5,1,1.2919502336901437e-12,3.381641742271605e-14,4.263941340695049e-12,5.953694938385766e-07,8.167704105546104e-09,0.9999993964572242
2000-07-01,5,1,2.2243463343997625e-11,1.8380492464806237e-13,3.1375623582600036e-16,0.004848161812979838,1.8329061926382127e-07,0.9951516548737983
2000-08-01,5,1,0.0001323205010728467,6.816041600411375e-13,2.214161943982293e-13,0.1816651199712667,0.00010054105009683491,0.8181020184765831
2000-09-01,5,1,1.5571674646186613e-05,4.177050795351851e-07,3.833813748039407e-11,0.044294053574767615,0.00019733518012316658,0.9554926218269323
2000-10-01,5,1,3.3601349424386235e-07,6.082352140440558e-08,2.1629862464474352e-11,0.00016237207061020926,7.123593582824211e-10,0.9998372303582866
2000-11-01,5,1,1.482747956531606e-22,2.0501762145716955e-15,1.2213931362805337e-20,7.71090249275683e-15,7.365629152009239e-23,1.0
2000-12-01,5,1,3.8564740025221216e-19,3.7273261959182406e-16,3.660264145576564e-18,0.0015366995937174464,1.2881926039583202e-07,0.9984631715869783
2001-01-01,5,1,9.321006360362496e-11,3.008488096069845e-18,4.660709414989186e-19,1.0145466009993529e-05,5.197783256464196e-14,0.9999898544407079
2001-02-01,5,1,3.871080673777675e-22,6.327051878670787e-18,1.5900607817472122e-24,7.078092403157781e-12,6.629780711976898e-16,0.999999999992724
2001-03-01,5,1,1.4062554660386195e-18,1.3036833921012867e-19,1.0500680102786892e-24,0.00016531869375325872,6.106620774908841e-06,0.999828574685418
2001-04-01,5,1,6.323733109267548e-08,6.083906918851108e-20,1.717830960102022e-20,0.05277377748539158,4.7504593866846415e-07,0.9472256842312705
2001-05-01,5,1,2.7900643196421937e-06,5.823289442105485e-10,2.8243133097906695e-13,0.11742923186569613,0.18958757864509868,0.6929803988423975
2001-06-01,5,1,2.496331420980016e-07,2.983004386403775e-09,4.816859367257913e-11,0.026795779947732298,0.01067648153726701,0.9625274858505524
2001-07-01,5,1,2.2516482142576953e-07,4.0736263892416916e-10,5.346731105295902e-13,0.004058406385165271,1.3597652010403388e-05,0.9959277703903272
2001-08-01,5,1,5.854283087176861e-10,1.379387171741037e-10,6.6898439458378254e-15,0.0015051040528291587,0.0016106498918862409,0.9968842453319627
2001-09-01,5,1,1.9220978010067016e-11,7.254852182277869e-12,2.785880844792398e-16,4.120374230216893e-06,5.33014382960158e-13,0.9999958795986764
2001-10-01,5,1,4.7024600972938054e-14,5.440853951053392e-16,4.2035939956778173e-16,0.00019709870323378264,2.4819016614795833e-05,0.9997780822801283
2001-11-01,5,1,9.449696726121833e-10,1.7233967160538964e-16,9.734797681419929e-19,0.07093457089803376,0.017614340520800055,0.9114510876361936
2001-12-01,5,1,2.296874164579101e-07,1.8694352954214118e-12,9.787492077484192e-15,0.07203193840015638,0.19836847612367497,0.7295993557867421
2002-01-01,5,1,2.3054571790329722e-08,3.4481067729640913e-10,1.4591644134470213e-14,0.009744109617307971,0.4716116243872653,0.5186442425959452
2002-02-01,5,1,1.2853773850357988e-10,1.1305937855612387e-11,2.4380307568087557e-15,0.00030938576101861257,0.002018141750005872,0.9976724723489973
2002-03-01,5,1,3.0107798269044963e-09,7.259916353093922e-13,1.1879852206450013e-13,0.058358207982525105,0.004712832834990708,0.9369289561708425
2002-04-01,5,1,5.987834133789768e-15,8.320145675591867e-13,1.9861682996610034e-18,3.749465771485257e-07,1.6559632498781278e-06,0.9999979690894794
2002-05-01,5,1,1.8152987476589707e-12,4.106305275081437e-15,1.1686358693256647e-18,0.043415642452275256,0.8324672844415152,0.12411707310453303
2002-06-01,5,1,7.356510035568628e-10,2.4579437952624268e-15,3.230915616269922e-19,0.0025048780734147815,0.17878216804857755,0.8187129531422987
2002-07-01,5,1,7.203806686794473e-10,6.944424675724021e-13,4.9810353544767144e-14,0.0010555395837846095,0.0033042027140662484,0.9956402569810309
2002-08-01,5,1,9.633253487239161e-08,4.115902655656331e-13,8.027104048487229e-15,0.1660654467386427,0.6735418912689465,0.1603925656594938
2002-09-01,5,1,1.190427161151496e-09,4.351943005357186e-11,4.787501650578932e-14,0.002201787481235489,0.0010092935527460315,0.9967889177318507
2002-10-01,5,1,5.245896531970621e-09,3.3852979744605843e-12,9.162218736111668e-16,0.10717406409125049,0.03443299084845365,0.8583929398112288
2002-11-01,5,1,1.7090346253394451e-15,5.696049105718743e-12,8.46018385481471e-17,3.194150899072902e-07,8.677745521415473e-05,0.999912903124019
2002-12-01,5,1,7.544817875545404e-15,7.480978840873585e-15,1.06142244065875e-16,0.0006015570972398705,6.764936720494481e-05,0.9993307935356367
2003-01-01,4,0,9.898437353032533e-09,2.4288008071110274e-16,1.4395544139726438e-18,0.20513837361313883,0.13319346670446017,0.6616681497837645
2003-02-01,4,0,1.0910774033884314e-06,1.288252215028068e-12,2.802530167829375e-14,0.09970667191809975,0.8380675329507358,0.062224704052263734
2003-03-01,4,0,1.4305738643478296e-09,1.140397850471755e-10,6.517446930806957e-14,0.0011906086509505887,0.9930476133468014,0.0057617764574626005
2003-04-01,4,0,2.3483783858509064e-12,9.478586354899534e-14,1.3857738296737604e-17,9.927627725091021e-05,0.9982227048875333,0.0016780188329043853
2003-05-01,4,0,1.2646164384696713e-15,1.7933049660883605e-14,1.0824834828565453e-17,1.4517867150639648e-06,0.4704567237340741,0.5295418244789111
2003-06-01,4,0,1.0515341034438725e-13,7.48794557261986e-18,2.7711949975205274e-21,0.001112467172801295,0.9916636991288204,0.00722383369842191
2003-07-01,5,1,1.7973736275422148e-10,6.49857495607398e-15,2.6942534736290705e-17,0.002410388691720929,0.045782601033240784,0.9518070100956278
2003-08-01,4,0,3.077832068681014e-11,7.671180270260536e-15,6.627836352449089e-18,0.0009926697273893868,0.9844769009797583,0.014530429261705932
2003-09-01,4,0,9.038494880750278e-11,9.265820020254264e-15,1.337257762611197e-17,0.00042660971097297753,0.9907178479459033,0.008855542253070177
2003-10-01,4,0,1.3653839047148452e-11,4.969439006632169e-15,1.543290653235523e-17,0.00028887071919758006,0.9987946572825575,0.000916471984479634
2003-11-01,4,0,9.452060027543007e-13,1.2047241478236225e-16,2.973040981301568e-20,4.0472037601335357e-05,0.9998537639718608,0.00010576398925473706
2003-12-01,4,0,1.8175958685431067e-10,3.5933980427744815e-16,5.3117188984787614e-18,0.004058243897268027,0.9926425125042952,0.003299243416926278
2004-01-01,4,0,1.7243352228395207e-13,8.05040635565847e-15,3.1094120579697656e-19,4.526571318160809e-06,0.9994865373331828,0.0005089360953829598
2004-02-01,4,0,1.1830601247803967e-11,1.8239912171020873e-17,1.3378496530802956e-18,0.0028305102910578424,0.9949428410978464,0.002226648599139841
2004-03-01,4,0,6.381895545380436e-10,1.2956089156430678e-16,1.7282133598654911e-18,0.0006944751591053886,0.9986884162519701,0.0006171079507489221
2004-04-01,5,1,9.901926214310562e-09,8.068708636468832e-11,4.307555768937696e-12,0.015093725011385862,0.004246131182199342,0.9806601338199213
2004-05-01,4,0,3.769404242989995e-08,1.0844861036668748e-12,4.463841104798339e-15,0.036096826502046535,0.9362310875085351,0.027672048294027696
2004-06-01,4,0,2.9435866957295754e-10,5.37429515827829e-12,2.444695876449778e-15,0.000536827603151292,0.9958190922779768,0.003644079818685013
2004-07-01,4,0,2.361923434346099e-09,1.7454940280872537e-13,4.141743925192469e-15,0.005727591992738634,0.9720791333138251,0.022193272331414184
2004-08-01,4,0,6.629621662223391e-10,5.2465591992961645e-14,2.588741714373209e-16,0.0003913443210655665,0.9988524546914889,0.000756200324663909
2004-09-01,4,0,6.387395016777853e-10,1.9702656393891852e-14,1.5080376745651264e-15,0.002413676279543576,0.9953451115049116,0.0022412115766852255
2004-10-01,4,0,1.0887090900209237e-09,4.3802277506805994e-15,4.582210047689772e-17,0.0004841872723165274,0.9994023988746962,0.00011341276389740557
2004-11-01,4,0,2.948894302492606e-09,1.7513249266860133e-12,3.732361079873371e-15,0.006744397627093188,0.9792286379543989,0.014026961468050395
2004-12-01,4,0,1.0001759391354278e-09,1.0672277014107471e-13,7.308073515169694e-17,0.0007801359899964387,0.9987141556901231,0.0005057073198819536
2005-01-01,4,0,2.9434870309367634e-09,6.595820504109662e-14,6.951123744550616e-16,0.0021231632256701553,0.9967606295348354,0.0011162042962760935
2005-02-01,4,0,1.2393260485347624e-06,4.502473835331159e-12,4.033491805014142e-13,0.08915212280231491,0.9019963928892331,0.008850244977708548
2005-03-01,4,0,7.89312429223017e-06,1.022961678950452e-09,1.0049921722155457e-12,0.17158962893006452,0.8257242005961997,0.0026782763258689835
2005-04-01,4,0,3.062850011166509e-07,1.3263690725358537e-09,5.1460298417884855e-12,0.018382748700442507,0.9796070360867952,0.002009907596331455
2005-05-01,4,0,3.441642289084858e-08,4.850192276832406e-12,6.184307567957984e-14,0.0023191474822404716,0.9974016164650692,0.0002792016312911981
2005-06-01,4,0,1.479901196736216e-08,1.9922820701356865e-12,1.7549738917221766e-14,0.0021952301919796165,0.997100903432463,0.000703851574646295
2005-07-01,3,0,1.1386286024932267e-05,1.6736302177959223e-11,6.154189488981969e-12,0.2602777236281934,0.7257252499638216,0.013985640098918138
2005-08-01,3,0,0.0004681762488848233,1.1972723303966454e-07,1.3902966129784287e-09,0.7223075639151226,0.24201693461053142,0.035207204107780714
2005-09-01,3,0,0.0005838722601057392,1.0253750413146783e-07,3.0331197326800795e-09,0.9955538756422698,0.003222340562009732,0.0006398059645715208
2005-10-01,3,0,6.0063512648530035e-05,8.500239226245968e-07,5.323459472834644e-09,0.9920400629205529,0.0013631949978417698,0.006535823221846164
2005-11-01,3,0,0.0003292843672810368,1.7087171518688783e-09,1.494487121653303e-10,0.998434737957548,0.000902695979825307,0.0003332798372749713
2005-12-01,3,0,0.0006615823829023831,2.743026909789971e-08,1.3076352952659136e-09,0.9987328458547606,0.00023900560559976565,0.000366537418552594
2006-01-01,3,0,0.00016632043076624298,3.7215308028891813e-07,3.2734990918169645e-08,0.9900918802250483,0.00010991295625453491,0.009631481499529155
2006-02-01,3,0,5.4012623827478285e-05,3.0939943397149376e-07,2.0091281671087054e-10,0.9933376042321345,0.0009917636125833479,0.005616309931114183
2006-03-01,3,0,0.0006425189763674676,1.4102842503491711e-08,2.2385601289065482e-10,0.9981126387243497,0.0001683757480264155,0.0010764522247461625
2006-04-01,3,0,0.002241267414490422,2.750220041614766e-07,4.006776018248806e-08,0.9971335230874383,1.1142421510647143e-06,0.0006237801660131895
2006-05-01,3,0,0.003107801491827476,1.4089988996638395e-06,3.998763275582737e-09,0.9963096152564489,6.623537696321518e-07,0.0005805079007217457
2006-06-01,3,0,0.0018421003177126148,3.62925992912405e-07,1.0199717976987466e-08,0.9979135222914036,3.058889039682273e-06,0.00024094537642270903
2006-07-01,3,0,0.0026711135607706184,1.319469713632436e-06,1.1777489605124039e-08,0.996321630844401,3.2335240003246033e-07,0.0010056009954314052
2006-08-01,3,0,0.00040550350169729323,1.7190485422057493e-06,7.3063613330865375e-09,0.9978648028726834,3.4112737858583784e-05,0.0016938545330864442
2006-09-01,3,0,0.00045485684689702463,2.724681800399088e-07,4.151397657654458e-10,0.9981807546447313,2.6001242444611334e-05,0.0013381143826357563
2006-10-01,3,0,0.0023860269093387305,3.340888231680084e-08,1.3426642811943023e-08,0.9972741159910201,4.681955223155158e-06,0.00033512830924668183
2006-11-01,3,0,0.004824141845703793,2.3455841002393263e-07,7.774742032684643e-08,0.9949014688408941,2.3228438276739732e-07,0.0002738447231463527
2006-12-01,3,0,0.00030689762348523657,9.36678180943639e-06,2.209423748247385e-09,0.9975377976631868,2.3523762002960132e-06,0.0021435833460962425
2007-01-01,3,0,0.0027884302853589033,3.1696270892547305e-08,1.1906013119504766e-09,0.997083623143865,5.233190844677408e-06,0.00012268049340732198
2007-02-01,3,0,0.0013524383180882212,5.115822834831298e-07,4.894867047739315e-08,0.9974636013810227,1.2519318500241008e-06,0.00118214783792917
2007-03-01,3,0,0.0037963724226121706,1.2504886925533043e-07,1.1465095865844458e-08,0.996040764702844,1.0503178725102962e-06,0.00016167604298161732
2007-04-01,3,0,0.004742325826831636,6.363717792213925e-07,2.0222689226327636e-08,0.9951081589336991,9.360398225515123e-08,0.0001487650406561728
2007-05-01,3,0,0.0047402021441341115,4.216144566600154e-06,8.953865771618177e-08,0.9942494947872105,5.358481458712572e-08,0.0010059438010315159
2007-06-01,3,0,0.0012652012843021416,5.534318470430057e-07,1.6602319045097286e-08,0.9983616934149336,1.0600446526602897e-05,0.00036193481984458643
2007-07-01,3,0,0.0051781901018141336,2.06276831471528e-06,6.150606763121779e-07,0.9889048314315028,4.12630666577607e-07,0.005913888007314341
2007-08-01,3,0,0.0029221832519195105,0.0004917915299441397,1.0394548528987389e-06,0.9435859062252446,3.0965639270645927e-09,0.052999076441757796
2007-09-01,3,0,0.0015968004426488813,7.629864392003066e-06,1.9330787469857723e-05,0.9918385005080477,4.901847809977259e-07,0.006537248213100629
2007-10-01,3,0,0.0007835731539251975,6.956703036931736e-08,2.090665892465126e-08,0.9987286142369874,0.00010170995924155087,0.0003860121764764294
2007-11-01,5,1,0.002046125728246077,0.0001087077655636731,1.410945222507418e-07,0.903177240069736,1.48415459351241e-10,0.09466778519359702
2007-12-01,5,1,0.00044021882177948634,3.752930996373924e-05,6.779991127250894e-05,0.8714742004950798,1.999336747207698e-06,0.12797825212477165
2008-01-01,5,1,1.852240387120396e-09,0.0018969994534285906,6.84077996010771e-09,3.8702707118082455e-05,2.610592035130922e-19,0.9980642891462244
2008-02-01,5,1,1.3701208690949443e-07,3.769010984125595e-05,3.6722953069959474e-06,0.020121856686374055,9.803619564178684e-05,0.9797386077008416
2008-03-01,5,1,5.21440912269124e-08,2.0381242946709025e-06,8.460560197745963e-10,0.03302795575012596,0.13307198540341517,0.8338979677320765
2008-04-01,5,1,2.8415061585432488e-05,7.908065719239242e-08,2.627966511933681e-08,0.5678263589630795,0.00633802148727186,0.42580709912758447
2008-05-01,5,1,7.206585025905813e-05,8.626120252886892e-09,2.459916846123888e-09,0.9572158023821672,0.0020058803922208897,0.0407062402893294
2008-06-01,5,1,1.7069915451050862e-07,1.1787664648078346e-07,1.0549585551463811e-09,0.12360495961567924,2.91786626918932e-06,0.876391832886928
2008-07-01,5,1,8.85302517975198e-14,2.1626885800247564e-08,1.717340785753574e-14,4.327017753619429e-06,1.5626431488595707e-05,0.9999800249237137
2008-08-01,5,1,1.2545286620756787e-13,1.0860661078908824e-09,1.469789835709178e-13,0.002680871919349036,0.024365867228191885,0.9729532597664381
2008-09-01,5,1,1.8707228096937125e-16,1.9817228050137283e-11,8.339082275952264e-19,3.806967703296808e-08,1.8558832202991923e-07,0.999999776322536
2008-10-01,5,1,5.067007831406919e-34,2.871918535793892e-14,2.2754700819378775e-18,2.453350989709249e-18,3.898844148365857e-23,1.0
2008-11-01,5,1,2.553777329717609e-25,1.480169571419247e-16,3.500209822209838e-20,6.434283956521377e-07,1.0373169127156085e-06,0.999998319254294
2008-12-01,5,1,1.0281713297687983e-15,1.0988396438251717e-18,1.9280906756580616e-21,0.0007226649408548451,0.01133007465333947,0.9879472604059766
2009-01-01,5,1,6.024594396074228e-15,2.19040590019274e-19,9.824908443844537e-21,8.787788726934881e-06,2.9281470555559696e-05,0.9999619307407229
2009-02-01,5,1,1.1894171059604273e-15,1.8151128131657394e-18,6.6276936709560786e-21,0.0001035194166289922,0.009935039219223328,0.9899614413636993
2009-03-01,5,1,1.1761459878793945e-11,1.795278314288862e-19,9.820229866230378e-22,0.00884455255283536,0.6761754531806683,0.314979994254914
2009-04-01,5,1,1.529330936228764e-13,8.914779659525274e-14,3.49966452377716e-19,1.511881951344911e-06,0.04385725324155672,0.9561412348760027
2009-05-01,5,1,2.2650440191184927e-12,2.7541276263656867e-15,1.1884691292507844e-15,0.039338536518959195,0.0013643459792078538,0.9592971174994344
2009-06-01,4,0,4.1608576358150257e-10,9.814577779872884e-17,2.0302309351047716e-19,0.0032731509110283993,0.9437980793014346,0.05292876937148504
2009-07-01,4,0,1.491918873703552e-13,2.974142386354211e-14,2.113432532832202e-18,1.0818351641676139e-05,0.9970330802078983,0.002956101440142957
2009-08-01,4,0,6.495404404743314e-17,6.118600815585341e-16,2.7845582205667545e-22,5.25438386314207e-06,0.9834006539832224,0.016594091632650777
2009-09-01,4,0,1.2306461735507195e-14,2.75761569017082e-20,5.36297843946256e-23,4.003904883324252e-05,0.9997182662259286,0.00024169472527308785
2009-10-01,4,0,2.7646916627707578e-11,2.4767516006174712e-17,4.596732666533512e-18,0.008528913786043828,0.8994988689219415,0.09197221726437735
2009-11-01,4,0,8.475307914523159e-10,8.641994333328329e-16,7.929021207906877e-18,0.0010724943977368899,0.9963664195624182,0.0025610851921410178
2009-12-01,4,0,1.1123010503356314e-10,6.594664012467001e-12,6.65937199362275e-15,0.0012741715942377568,0.7256708650349212,0.2730549632529608
2010-01-01,4,0,2.742018853022201e-14,2.175019088397127e-13,3.0245190270343094e-18,2.0620247518756558e-05,0.8863785852915098,0.11360079446107545
2010-02-01,4,0,1.4239845263563392e-14,1.0871133926310985e-17,7.32542982427895e-21,2.8929996481149474e-05,0.9995912555758348,0.00037981442791921636
2010-03-01,4,0,1.5166317998493566e-14,5.642901200930277e-19,2.887841287320798e-23,3.231826707677709e-05,0.9994878201275489,0.00047986160505639544
2010-04-01,4,0,1.6007452746030948e-15,6.440844391891804e-19,9.751142447878653e-23,5.958396729097718e-06,0.9986596031220714,0.0013344384815768464
2010-05-01,4,0,2.3356098581158386e-16,1.0374936612344613e-18,2.9418074763863054e-22,1.1396106295544223e-05,0.9517795617946324,0.0482090420991831
2010-06-01,4,0,4.289233786642239e-13,3.30588382982368e-20,3.8481735262740554e-22,0.00023240869214113632,0.9762050219274607,0.02356256937955885
2010-07-01,4,0,3.5760258292961512e-12,7.183939928149928e-18,4.9414616407717873e-20,0.000171598450337136,0.9991095440635056,0.0007188574823177379
2010-08-01,4,0,4.647433689267052e-13,5.721395728173506e-17,1.7222003402937374e-19,3.418832856625096e-05,0.9992325805086715,0.0007332311625109915
2010-09-01,4,0,5.633928751920995e-13,1.5454843402967283e-18,3.715922112346688e-19,0.0001871001122868859,0.998315075786574,0.0014978241008202042
2010-10-01,4,0,1.7398380502422235e-11,2.7956891680275774e-18,1.2664223908244322e-19,0.0004680925897802203,0.9991846274672365,0.0003472799255886511
2010-11-01,4,0,2.6772996455381246e-13,2.0846444120722296e-16,6.950612765877499e-20,2.554910706882829e-05,0.999694153643525,0.000280297249486116
2010-12-01,4,0,3.826649372967503e-14,1.0839774668294676e-15,1.868583292604093e-18,0.0002268147769192499,0.9388850135040491,0.06088817171855243
2011-01-01,4,0,2.1144909277445586e-12,3.6272705984822903e-19,1.248889326917151e-22,0.0001259819105203271,0.9996800519590778,0.00019396612838530578
2011-02-01,4,0,6.825786305901378e-14,5.584597482277274e-18,2.4375808192634602e-21,1.717071261379427e-05,0.9999291592758067,5.367001159176779e-05
2011-03-01,4,0,1.6172342865945983e-13,3.0404583241645043e-19,1.6736168640520707e-21,0.00012269614084261274,0.9995900097254289,0.0002872941337445199
2011-04-01,4,0,8.3250118853292e-12,7.238192409046943e-19,3.021795203075941e-20,0.0003280871864126026,0.9993501625570334,0.0003217502480927962
2011-05-01,4,0,1.5429320399350473e-13,5.460815974282134e-17,1.7971000073632108e-19,2.024476005429636e-05,0.9995198295067222,0.00045992573308312174
2011-06-01,4,0,2.2339888611379442e-14,2.308173775628472e-18,1.4817497723173276e-21,3.2446021047408046e-05,0.9994609833446695,0.0005065706340268915
2011-07-01,4,0,1.2204069349474906e-12,4.704670481569837e-19,1.7262121779549275e-20,0.00027507438877602525,0.9973317812898532,0.00239314431982172
2011-08-01,4,0,1.0590200127928931e-11,3.1584762563419696e-16,2.1194724653110898e-18,0.00043657624485826684,0.9755036826031864,0.0240597411411081
2011-09-01,5,1,9.20379524006772e-18,8.527207103954628e-14,2.2377290366481694e-18,2.298272688566671e-07,0.04569696458624016,0.9543028055867248
2011-10-01,4,0,4.0497319060674685e-15,1.974653133843646e-17,1.1157459141116354e-18,0.0031269306447076393,0.7474734195584318,0.24939964979677753
2011-11-01,4,0,2.835086455419884e-12,2.6852718738577698e-20,6.693573833948233e-24,6.944114895538176e-05,0.9991166301983637,0.0008139286500951819
2011-12-01,4,0,1.474893879660939e-14,1.3500839719015478e-16,2.696426862856486e-21,1.888713088808061e-05,0.9994056448046459,0.000575468064382158
2012-01-01,4,0,5.423581160543884e-14,1.1859027073074718e-20,1.669032982668906e-22,4.472863438377541e-05,0.9998332927790449,0.0001219785869397832
2012-02-01,4,0,1.5638599000587796e-12,4.183787126211234e-19,1.060016460168038e-21,0.00028170638291242616,0.9995952617614232,0.0001230318541717289
2012-03-01,4,0,1.3816884253240667e-13,3.3174104044758363e-17,1.0250630660450093e-21,3.201043354120845e-05,0.9997253632046785,0.00024262636176496674
2012-04-01,4,0,4.071751673879183e-14,4.91335242019059e-19,4.587361714751878e-22,2.3582312754978967e-05,0.9998705380029855,0.00010587968400285915
2012-05-01,4,0,2.5254419574976406e-16,1.8027817662706992e-16,1.5775049017063917e-21,9.573046627101704e-06,0.8789515293158976,0.12103889763775771
2012-06-01,4,0,9.40663065545754e-14,6.391489184044783e-21,4.932081582172018e-23,0.00015655067530720253,0.9994591945590989,0.00038425476543160736
2012-07-01,4,0,5.39689235224147e-11,8.907010221403608e-18,9.988142072014541e-20,0.0010903384313831839,0.997276307787374,0.001633353726941643
2012-08-01,4,0,4.701428821055797e-12,8.91415400062632e-17,1.3764781573870894e-19,5.308386712096084e-05,0.9999048583319297,4.205779664439932e-05
2012-09-01,4,0,4.3404761373581785e-14,1.6845605961250887e-17,4.452060862710928e-21,1.90442772250749e-05,0.9999320588110919,4.889691146090055e-05
2012-10-01,4,0,1.0739949705706847e-15,7.619076979841076e-18,1.066993898177905e-23,9.64896662750283e-06,0.9987592131986899,0.0012311378347485303
2012-11-01,4,0,1.851432968672119e-14,2.139396261693241e-21,2.167075464688199e-24,2.8673339880619703e-05,0.999925218535768,4.610812454798641e-05
2012-12-01,4,0,2.376010833617675e-15,4.365268056146244e-19,1.1571915609727418e-23,8.412136233065322e-06,0.9997465502624487,0.0002450376012759525
2013-01-01,4,0,6.787884530445803e-15,1.416383488707864e-20,3.773165770790976e-24,3.159864242372636e-05,0.9998640248700089,0.00010437648775845252
2013-02-01,4,0,6.170729445147611e-15,6.026924545481018e-20,5.683920885966929e-24,1.2430845359893352e-05,0.9998409626508704,0.00014660650390159498
2013-03-01,4,0,1.3537396959555403e-14,1.242390638380781e-20,8.221305613710783e-24,2.358584204160525e-05,0.9999330741507076,4.3340007219805484e-05
2013-04-01,4,0,2.118739045518233e-14,6.639242867074514e-20,1.0090957189065038e-23,2.551559068419072e-05,0.9998957511507469,7.873325884397979e-05
2013-05-01,4,0,2.7288914958020094e-14,8.71199043841376e-19,1.0943740675983574e-22,4.847301703219615e-05,0.999317812729247,0.0006337142533472909
2013-06-01,4,0,3.524253244260323e-14,2.0924025990023094e-18,2.356781556888631e-22,4.042760106948541e-05,0.9988108500794535,0.001148722319842552
2013-07-01,4,0,2.0258957981302528e-14,5.820011094951679e-20,4.882194975438532e-23,1.6356209321667476e-05,0.9999249293817754,5.871440895672656e-05
2013-08-01,4,0,5.75820347375682e-12,1.5232590388079747e-18,4.904945348248933e-20,0.0031244395751875436,0.9921443830204978,0.0047311773986191555
2013-09-01,4,0,1.9086029116975013e-12,1.8562436551034503e-17,4.573377195013507e-20,3.0637309420716864e-05,0.9996228292754482,0.000346533413310211
2013-10-01,4,0,1.534619000249723e-13,3.629693921468198e-17,1.3220456669168923e-20,8.250457891941042e-05,0.9995995287425647,0.00031796667842576406
2013-11-01,4,0,1.2297764148410532e-13,3.5599939423284838e-19,2.846623957532934e-22,2.900667856985237e-05,0.99991295519124,5.8038130423176825e-05
2013-12-01,4,0,5.530241778852619e-13,1.427304005813828e-18,1.5388346856755936e-21,0.0002307978807029991,0.9996110392306897,0.00015816288841453055
2014-01-01,4,0,6.147827436301516e-13,8.477007663005416e-17,5.369847458952727e-20,4.11578799090782e-05,0.9929020956998659,0.007056746419357563
2014-02-01,4,0,2.5078656014996786e-12,3.131801192415024e-18,1.0581086570533129e-19,0.00033533883118801443,0.9993920044093058,0.0002726567571448767
2014-03-01,4,0,8.088740202634953e-13,1.0949946584365194e-16,3.608444814165421e-21,6.612888221748197e-05,0.999377726574601,0.0005561445427575541
2014-04-01,4,0,3.5467031650735782e-12,4.502326477166048e-17,8.027577299226075e-20,0.00042065474300373147,0.9985366327608911,0.0010427124924859174
2014-05-01,4,0,7.035747344702985e-13,9.139404297780777e-18,7.990000646755113e-21,3.398446351174107e-05,0.9998929671132586,7.3048422098233e-05
2014-06-01,4,0,5.3822873874983625e-14,8.070533091905926e-19,5.48206187744264e-21,3.736336178075427e-05,0.9998174516442657,0.00014518499359809188
2014-07-01,4,0,3.858683496372156e-14,1.618647912050392e-18,1.3953937002814714e-22,4.440036529546632e-05,0.9994938520350426,0.00046174759956269255
2014-08-01,4,0,7.055585801113337e-14,5.820372966225008e-20,1.091379744158894e-22,3.145581541292105e-05,0.9998976196136871,7.092457053450804e-05
2014-09-01,4,0,2.561525765596004e-14,1.9075791003272452e-18,7.9121079628283e-22,4.04228189211475e-05,0.9993209562321321,0.0006386209488326822
2014-10-01,4,0,9.409669526037754e-15,8.160977635996995e-20,1.2855390032534124e-22,1.3053839367762282e-05,0.9997439759888109,0.00024297017214739515
2014-11-01,4,0,1.227641467667712e-14,2.2188468098930275e-20,4.744207429044163e-23,2.653207541506603e-05,0.9998730757917481,0.00010039213239736131
2014-12-01,4,0,4.377003724607622e-16,4.425889553267031e-17,1.8483375231263533e-22,1.3076042573203988e-05,0.9711788990173967,0.02880802493998369
2015-01-01,4,0,1.675758281117895e-14,1.5144143572273536e-20,1.7685071442607282e-22,4.6354552898442535e-05,0.9958726254470203,0.004081019999887501
2015-02-01,4,0,6.014659065223558e-12,1.8405124172653823e-19,4.1519386483518995e-21,0.001060750337616014,0.9980352907218442,0.0009039589342803876
2015-03-01,4,0,9.364757634725813e-14,2.569728125992938e-16,6.828822005143283e-20,1.3811638622184452e-05,0.9983775039371856,0.0016086844243639827
2015-04-01,4,0,5.714317611528561e-12,1.2579610127452246e-17,4.3386918701670504e-20,0.001809483239531914,0.9970148089185558,0.0011757078364907192
2015-05-01,4,0,1.0853709468859015e-12,1.6624557576053524e-17,1.2370010485523398e-20,2.5007523575862963e-05,0.9998655086800029,0.00010948379539239699
2015-06-01,4,0,2.1228130312881612e-13,6.845173469083968e-18,3.630569612930142e-20,0.0001504561410384158,0.9993539954539125,0.000495548404636814
2015-07-01,4,0,2.9148766189284287e-15,9.911628332000519e-18,2.7939865954801095e-20,9.729277446217659e-06,0.9896114253162475,0.010378845406018812
2015-08-01,4,0,5.690983681785804e-15,1.123044829664772e-19,4.9028626885510846e-24,2.553053782119013e-05,0.9990652193122697,0.0009092501501926558
2015-09-01,4,0,4.5608369505397684e-14,6.731359462424033e-20,2.5500045539774536e-23,4.105545596132202e-05,0.9996714631312934,0.0002874814128455192
2015-10-01,4,0,5.55790385492122e-13,7.241171902392575e-19,6.71421643460667e-22,0.00023757029212291724,0.9994166296021422,0.0003458001052013766
2015-11-01,4,0,1.3684675739677956e-14,4.234873082877712e-16,6.190572981496137e-20,2.504486523992583e-05,0.9745321347624404,0.025442820372558808
2015-12-01,4,0,9.169086907966348e-14,2.3272957845127473e-19,1.681543507837442e-22,7.92892157832855e-05,0.999540845869336,0.000379864915032472
2016-01-01,4,0,1.5893714863665628e-13,7.88392833047955e-17,1.6597910687187913e-21,6.149240029237252e-05,0.9618215661421262,0.03811694145729614
2016-02-01,4,0,1.373695589352395e-13,2.887265624610404e-18,1.3645494144956498e-21,6.442182781207668e-05,0.9989674013999341,0.0009681767716641263
2016-03-01,4,0,1.1822913873899545e-12,1.024920340934445e-18,4.310517645850586e-21,0.00013038502551251957,0.9996566873978754,0.0002129275756073963
2016-04-01,4,0,2.272231659465726e-13,9.112526749214026e-17,6.217852742476022e-20,3.652496603137825e-05,0.9988561661968106,0.001107308837301598
2016-05-01,4,0,8.660250343687998e-13,2.793624306834467e-19,6.5368117599539436e-21,0.00014867313345830703,0.999751930914152,9.939595143320225e-05
2016-06-01,4,0,4.2935168165482755e-12,3.54423391401376e-17,7.59558120318184e-20,0.00021223225376150055,0.9985258991836756,0.001261868558075305
2016-07-01,4,0,3.935496807723163e-13,1.202201695929882e-16,9.189875819895472e-20,4.868393980014045e-05,0.9985839062120191,0.001367409847898056
2016-08-01,4,0,3.2718058872424456e-14,4.218980326502323e-18,6.017813383274928e-22,2.2199842574410638e-05,0.9998447459225568,0.00013305423495748754
2016-09-01,4,0,1.1965912122947796e-13,1.446157591796361e-19,4.219049721319164e-22,6.217132713141248e-05,0.9997697807803159,0.00016804789224941698
2016-10-01,4,0,2.8089133123689253e-12,7.251298756561537e-18,7.619984485448804e-22,0.0003520623515255102,0.9991311658797739,0.0005167717657669263
2016-11-01,4,0,8.34959922351519e-16,1.8272836819403707e-13,8.306310679715007e-19,2.2537756674721902e-06,0.2290783829788087,0.7709193632450524
2016-12-01,4,0,8.462128604330901e-14,4.062060551463305e-17,2.2182311252502957e-20,0.0013074666318188394,0.9925908139812201,0.006101719386912457
2017-01-01,4,0,8.309466423573108e-11,1.9361106759199624e-19,2.6230508262916685e-21,0.0002712515666804764,0.9996270679076985,0.00010168044264291008
2017-02-01,4,0,3.252926929292447e-11,2.28091876347344e-16,5.4635688704416385e-18,0.00038517363301042163,0.999506680268485,0.00010814606585139312
2017-03-01,4,0,9.799612836986082e-13,5.631523556002584e-17,5.282895584623774e-19,4.0493266571438155e-05,0.9998272910035878,0.00013221572887907085
2017-04-01,4,0,1.0854308604917293e-12,1.8258798687206056e-18,4.282663620322423e-20,0.00012952544567583726,0.9997390278789964,0.00013144667426470276
2017-05-01,4,0,1.0990363802801241e-11,2.836548435940571e-18,2.635791620393769e-19,0.0002413835253085032,0.9995914783218921,0.00016713814151483538
2017-06-01,4,0,3.196490768966466e-13,8.09823798404163e-17,2.8886341232191183e-20,2.6718318431739423e-05,0.9998576013528354,0.00011568032842882373
2017-07-01,4,0,6.459869293137215e-12,2.1624419340260326e-18,9.114504307165275e-21,0.000411196346423826,0.9994994626563295,8.934099053258725e-05
2017-08-01,4,0,3.941297284824575e-10,4.470667567069612e-17,2.4603971471029177e-18,0.0011221429591107383,0.9986084018817298,0.00026945476476135225
2017-09-01,4,0,1.126443847453783e-12,2.0081864573557383e-14,5.102364488794724e-18,2.9895874204441432e-05,0.9993352779122731,0.0006348262125495026
2017-10-01,4,0,1.7745133219661058e-10,1.9165015486941625e-17,2.4264999810785073e-18,0.00366808301392871,0.9959469649937481,0.0003849518146661506
2017-11-01,4,0,2.1042079582230896e-09,5.469333111092957e-15,4.176585289620723e-17,0.0011742153805495389,0.9983315603926621,0.0004942221222184113
2017-12-01,4,0,2.2173123600294526e-10,2.7290398015235155e-14,4.324257587270024e-17,0.00038990438482113085,0.9994866668469142,0.00012342854666160333
2018-01-01,4,0,1.6741907185105202e-08,1.3011324899181703e-13,1.9107848814017456e-15,0.039272470618774265,0.9552144372824991,0.0055130753566320495
2018-02-01,4,0,2.3351924346359536e-08,2.731892677961518e-13,7.632618919872247e-15,0.004038859385375819,0.995313735436805,0.0006473818256964038
2018-03-01,4,0,2.025150630458946e-11,3.764613372750688e-13,4.475795876020162e-16,7.534227166187127e-05,0.9994448098162647,0.0004798478917819284
2018-04-01,4,0,5.924800248104296e-11,1.1606293301807178e-15,2.172167876432371e-18,0.0007786505083723067,0.9989143929814829,0.00030695645074798515
2018-05-01,4,0,1.2490292312164005e-10,1.9600961461430014e-16,2.4490455048493455e-17,0.00047164068766896805,0.9984072152629166,0.0011211439241810863
2018-06-01,4,0,3.542125546454353e-11,8.305410661775909e-16,1.933491643860375e-18,0.0001943460373492082,0.9996860400562952,0.00011961387093794403
2018-07-01,4,0,7.120549596331714e-10,1.5710373064449753e-15,3.528136216855927e-18,0.0024032748891795984,0.9973102194813922,0.0002865049173829767
2018-08-01,4,0,5.916173859258353e-09,2.1381953892137206e-15,6.473167401925837e-16,0.001893746908202081,0.9976503708929237,0.00045587628295381833
2018-09-01,4,0,2.7425483706417415e-08,8.223488705423252e-13,2.5157308859069796e-15,0.008215161668622805,0.991163642121505,0.000621168783821797
2018-10-01,4,0,2.8997514430160124e-08,1.3408179123461476e-10,2.2142639706359164e-15,0.004527508225874803,0.9328620063431237,0.06261045629957072
2018-11-01,4,0,8.247547862292956e-09,3.934229099867188e-13,1.1748748476910367e-15,0.001491315732213398,0.998267571405556,0.00024110461415303774
2018-12-01,4,0,4.3565998650708325e-11,3.908018877972469e-11,1.9125346278560485e-14,0.0001343598558362783,0.9179975336214645,0.08186810643975627
2019-01-01,4,0,7.787908309164091e-09,1.6390582562676674e-14,6.895118698386222e-15,0.014832767145606867,0.9753743797169581,0.009792845349610895
2019-02-01,4,0,2.4010796608761834e-07,6.7440112028778e-14,8.836392679760842e-15,0.010222349435036138,0.9893000959836302,0.00047731447368587525
2019-03-01,4,0,6.39640408547042e-07,3.2557289143911876e-11,3.229832236856999e-12,0.019741373537798788,0.9778844191199646,0.0023735676660506305
2019-04-01,4,0,2.1721838502064298e-06,7.196629362412804e-11,9.79014310820215e-13,0.029682654233568653,0.9695633768237477,0.0007517966856161356
2019-05-01,4,0,7.485070285344134e-08,8.722387249828858e-09,3.701947214107212e-12,0.004723581019685946,0.9667389216760414,0.028537413727763583
2019-06-01,4,0,2.3550693002479253e-07,1.965537915865365e-11,4.0674278601240183e-13,0.017398883825005686,0.9795185872943732,0.003082293353583575
2019-07-01,4,0,1.257869208147857e-07,8.002987005014644e-12,1.5576276600370506e-14,0.006736184828191766,0.9930957742224219,0.00016791515470943307
2019-08-01,4,0,1.926585303604681e-07,1.5805236821965477e-10,5.571097753556484e-12,0.011494787477007322,0.963277824461553,0.025227195239267836
2019-09-01,4,0,7.164958129647411e-09,1.7997267366919169e-10,1.2070469228039346e-14,0.002559687327720217,0.9857882213190646,0.011652084008069316
2019-10-01,4,0,1.0473091331137167e-07,1.3744121908162723e-12,5.49333870447581e-14,0.020652661575076534,0.9763622372721859,0.0029849964199768417
2019-11-01,4,0,4.444781814912935e-09,5.104987669058593e-13,4.1069880498880674e-15,0.0013785425255116298,0.9984287269263225,0.00019272610244901859
2019-12-01,4,0,1.4334494737392844e-09,8.910525624511624e-14,5.442257165319116e-16,0.0010063976929036056,0.9988148773684246,0.00017872350546896997
2020-01-01,4,0,4.040758183999253e-11,3.006016545471795e-13,9.10699308464772e-15,0.0002693829169083176,0.9730181330781991,0.02671248396416676
2020-02-01,5,1,1.575662556226003e-11,6.855872555953178e-13,1.814215734265511e-15,0.000621642571406043,0.04690358798958825,0.9524747694227556
2020-03-01,5,1,2.163746138803162e-24,2.929343304413427e-13,3.464510270380679e-16,8.351910836708966e-17,2.2755328541256043e-25,1.0
2020-04-01,5,1,2.0769603568443264e-20,1.043802421037281e-15,1.157636673308266e-18,0.00038842449137879514,0.011424473984221384,0.988187101524121
2020-05-01,4,0,5.327772842591681e-10,1.2175233679419664e-19,2.6306317541641695e-19,0.04212677984769995,0.4404205206720077,0.51745269894776
2020-06-01,4,0,3.044330001865433e-10,1.2078832379581833e-15,6.789558545713581e-18,0.0006809861007525558,0.997792997113731,0.001526016480985484
2020-07-01,4,0,1.9068502876344507e-10,3.219901066551257e-14,2.6173981413350594e-16,0.001601712073760118,0.9966689271301309,0.0017293606052757697
2020-08-01,4,0,5.7703246179614484e-09,3.1642299799177263e-13,2.447320373035992e-13,0.011362136128335656,0.8612605315236959,0.12737732657750855
2020-09-01,4,0,1.886788803711546e-11,8.620588667811656e-14,2.249706023096324e-16,0.00012396087356910009,0.9965615486780707,0.0033144904292654216
2020-10-01,4,0,2.053625790245647e-14,3.356372534807203e-16,8.201093901378519e-20,1.2133657174186148e-05,0.9994228686941367,0.000564997648548655
2020-11-01,4,0,6.909000553557061e-17,1.891880654065395e-18,3.402981504461402e-21,2.6647807699856527e-06,0.9753236440314557,0.02467369118781443
2020-12-01,4,0,2.368152357094518e-15,1.0911109795841831e-22,2.6637839888972354e-24,3.293206624255619e-05,0.9994176149179262,0.000549453015878603
2021-01-01,4,0,3.0770588562374637e-19,1.407840007246649e-18,2.5413945974631323e-23,7.78499897027498e-08,0.9822288699504991,0.017771052199532816
2021-02-01,4,0,2.2778058636023544e-16,7.4094748944778915e-22,1.576456499168869e-24,5.1517619669758785e-05,0.9970537302111531,0.002894752169460167
2021-03-01,5,1,4.9603235244828096e-14,8.185851645849262e-18,4.177270537159087e-24,3.4747619442363713e-05,0.03636370735006235,0.9636015450303801
2021-04-01,5,1,1.194989942033446e-10,4.28797139340688e-17,4.522984973997198e-17,0.06474769931908621,0.05004671404385757,0.8852055865171745
2021-05-01,4,0,7.728848535130981e-11,1.0744958400868541e-13,2.7017410739069843e-18,0.0010176805039014668,0.46889874625529004,0.5300835731636141
2021-06-01,4,0,9.661028126807853e-11,1.0205159935947413e-15,8.601669910774043e-17,0.0036119110402662107,0.9267234912868212,0.06966459757661897
2021-07-01,4,0,2.9657301531875796e-10,1.6842410138930496e-14,1.6483733591132138e-15,0.0012133743982548524,0.9740402239004182,0.024746401404860497
2021-08-01,4,0,1.2878019818438369e-11,4.616202958088145e-16,1.9635016070686298e-18,0.00012282188786873433,0.9997906426937568,8.653540544719545e-05
2021-09-01,4,0,8.132920016912049e-14,2.552129809050699e-15,1.0431250136329853e-19,3.0551715464552464e-05,0.9977646961778778,0.0022047521066751977
2021-10-01,4,0,6.198752942049042e-12,3.768932399134916e-18,9.089236331906444e-20,0.001199703284572842,0.9977027590385348,0.0010975376703933149
2021-11-01,5,1,7.46063860172762e-13,2.4203364538158935e-14,1.6603101779512045e-18,7.078112289718055e-05,0.723656577095185,0.2762726417809122
2021-12-01,5,1,1.726008699286707e-12,1.3779786051438796e-15,2.208738807940938e-19,0.001087044882495303,0.770677726563332,0.22823522855256534
2022-01-01,5,1,1.017192540476228e-17,1.7528059383606192e-16,4.881642369854963e-23,4.93578981265949e-09,2.3439010046884935e-07,0.9999997606737738
2022-02-01,5,1,8.00887272866901e-18,1.2704204471474543e-18,2.249899860504913e-22,0.0004649069764162512,0.6719026693138115,0.3276324237094164
2022-03-01,5,1,2.9835018323125455e-09,5.656671338619986e-18,2.5203468529067353e-21,0.042058085001879957,0.002876540945108457,0.9550653710691734
2022-04-01,5,1,2.1011419525894323e-12,6.343238748047462e-13,3.7145102399337895e-18,2.003854845245988e-05,4.054273450392279e-06,0.9999759071753203
2022-05-01,5,1,8.364193144450468e-16,1.2125004874772558e-14,3.5263758974052234e-20,3.988987668012397e-05,0.012495935818045806,0.9874641743048601
2022-06-01,5,1,1.401542905468364e-19,2.774104391072412e-18,1.6294580855538337e-18,4.738051042494444e-08,5.928769455038343e-06,0.9999940238500442
2022-07-01,5,1,5.546305664455641e-17,7.941950888344687e-24,8.52304257264234e-21,3.115578856274212e-05,1.9070090221861112e-05,0.9999497741208705
2022-08-01,5,1,3.590894646934934e-10,2.3084289561934944e-18,1.1644328594481661e-21,0.007979750882260845,0.00038824736551023193,0.9916320013931591
2022-09-01,5,1,2.4975259104034666e-10,1.242709197973981e-11,2.5339266757380515e-15,0.00031145169379615293,1.0350486739677725e-06,0.9996875129953079
2022-10-01,5,1,5.3484863590143617e-14,1.066612221698444e-11,2.109827867372222e-15,5.159391224290602e-06,6.05222699271616e-12,0.9999948405917478
2022-11-01,5,1,1.2124886970774628e-11,3.16212570269835e-13,2.3652116543219126e-15,0.001494827890456605,0.00014526064691615563,0.9983599114500938
2022-12-01,5,1,3.537532017538509e-08,1.3521644064245717e-13,6.4391735730931515e-18,0.06661322712566815,0.13094575408086673,0.8024409834181894
2023-01-01,5,1,8.751996188642897e-06,5.939819546802494e-13,1.7442655268494146e-11,0.09715534364680985,0.004649673624228106,0.898186230714861
2023-02-01,3,0,0.00019385294251636888,7.228469874210481e-08,9.325720537317985e-10,0.6440292074556195,0.00406277958428436,0.35171408680030086
2023-03-01,3,0,0.00011198073852340943,9.167588675658406e-07,1.1575749519907106e-05,0.18441211415560274,4.741579270404769e-06,0.8154586710183537
2023-04-01,3,0,0.0003515679654323432,2.303731198228345e-07,6.23878443100836e-09,0.9073187427029762,0.03135412611340473,0.06097532660601679
2023-05-01,3,0,1.759567023131392e-05,3.977058268074541e-08,8.181649565765856e-06,0.1978751013059763,6.262658199033309e-05,0.8020364550212413
2023-06-01,3,0,0.0037951855998908744,3.659007719535503e-07,2.589654442907762e-07,0.8247185856012345,0.00029821948245964977,0.17118738445038661
2023-07-01,3,0,0.0022093478081353403,3.2496415979877694e-06,1.819518316553594e-07,0.9888592852260543,0.0012626770041114597,0.0076652583681729395
2023-08-01,3,0,0.0042533937930445,2.3728961559071247e-06,7.903184256868765e-07,0.9939691946364937,3.0390716104883543e-06,0.001771209284701686
2023-09-01,3,0,0.0036988205934109938,7.639834818410107e-06,7.647904598558477e-08,0.9950086840940267,1.2455493921052393e-07,0.0012846544434155745
2023-10-01,3,0,0.007456151267209606,7.347247627486692e-06,2.4155016263067214e-07,0.9917008907846775,3.663327186436144e-08,0.000835332517305996
2023-11-01,3,0,0.0006014608552307926,1.1981326925481376e-05,6.627282913176438e-08,0.9858586062656638,3.7553776357963605e-07,0.013527509742040169
2023-12-01,3,0,7.225968972826683e-07,9.639764878482987e-05,4.778969368402255e-07,0.06890186687473078,3.5034344152813056e-05,0.9309655006387844
2024-01-01,3,0,0.0019769471230268337,1.4001940541642335e-05,1.0413285356809215e-06,0.8799203762330592,0.00011502830112081493,0.11797260507361665
2024-02-01,3,0,0.001766378810890344,3.154433308774203e-07,7.168267108510538e-08,0.9951522889038023,1.2707669853975694e-05,0.0030682374889974234
2024-03-01,3,0,0.0031029603045526805,9.64158902111844e-07,8.67253200523536e-09,0.9963501561730953,4.122705015164898e-06,0.0005417879857839663
2024-04-01,3,0,0.008667937417142108,3.1749041015394664e-05,9.027798121625382e-07,0.9896183253386198,3.440609577886602e-10,0.0016810850789928172
2024-05-01,3,0,0.015084101006080814,3.102051439183927e-06,4.4959596243729925e-06,0.9825058531093505,2.58631294758659e-07,0.0024021892417920086
2024-06-01,3,0,0.004112302632494324,3.483444283606556e-06,8.824295593652512e-07,0.9950853698632075,1.4545166571624221e-06,0.0007965071135887231
2024-07-01,5,1,3.7996210820974834e-06,0.0010666239273553078,9.298227415771608e-07,0.05454547714174993,4.2027944397598555e-07,0.9443827492075788
2024-08-01,3,0,0.003738428015127101,4.281590222108856e-05,6.984873850330567e-07,0.951673479000913,0.000517661173145858,0.044026917421355095
2024-09-01,3,0,0.0038301697170248766,6.181681449722889e-06,1.1793005445850977e-06,0.9935239109712364,3.019735587165523e-07,0.002638256356298812
2024-10-01,3,0,0.0008086713953423211,1.461183651235783e-05,1.765603813596455e-08,0.997280119559361,6.566411478513346e-07,0.0018959229111877264
2024-11-01,3,0,0.000599277478804667,6.168656553667315e-08,3.040570279454189e-08,0.997077753232779,1.7712960368950234e-05,0.002305164235340063
2024-12-01,3,0,0.0007651859150793214,4.709550034574956e-06,4.1710175119547895e-07,0.9935497991603269,2.894020032847733e-08,0.005679859332804376
2025-01-01,3,0,0.0022165764599683512,5.704346161797749e-08,1.0432473973322296e-08,0.9975299899713067,3.66466686944094e-06,0.00024970142615528
2025-02-01,3,0,0.00029784485754506064,5.844337651442216e-06,6.799003603786684e-10,0.990907783906385,2.3094247504254973e-06,0.008786216793699994
2025-03-01,3,0,0.000735714820618288,1.4938612154584368e-07,2.166183652813418e-09,0.9971298697652244,1.643620499766027e-05,0.0021178276572680972
2025-04-01,3,0,0.00022618091993776695,3.904588674603756e-07,2.8293110650362782e-08,0.9925638319417093,4.2766684471546374e-05,0.007166801701948266
2025-05-01,3,0,0.0007428222907225862,1.9471158268180703e-08,3.721223675549526e-10,0.9989383052692108,6.638398308229683e-05,0.0002524686135219438
2025-06-01,3,0,0.00032227990277149273,1.2990090454322144e-07,1.8706649961460425e-09,0.9987470902313235,2.9972322704903964e-05,0.0009005257713119116
2025-07-01,3,0,0.000724164544096637,8.360284654567027e-09,1.5561468814292413e-09,0.9990322155976206,1.5373209705439188e-05,0.00022823673182689142
2025-08-01,3,0,0.00010165293478412057,1.735705585269311e-06,1.1880662808369353e-08,0.9880872188427169,9.807247759361505e-05,0.011711308158450827
2025-09-01,3,0,0.0008714467468692142,7.3689469310803455e-09,9.044819044423961e-10,0.9986543407468627,2.8740508842841112e-05,0.0004454637243276294
