date,state,p_state0,p_state1,p_state2,p_state3,p_state4,p_state5
1976-03-01,3,8.195500605848652e-108,7.098297846968683e-48,1.2186356643985213e-159,1.0,6.433623489842795e-75,3.36946192591292e-82
1976-04-01,3,2.86383056555919e-05,0.0007021333675137051,3.519043234740498e-18,0.9991111307600902,0.00015809756674081877,1.6512212414676877e-24
1976-05-01,3,0.0033531784909028787,0.023163161144511033,2.7468229080562306e-07,0.9529491187796227,0.020534266902532988,1.3841277316515977e-13
1976-06-01,3,9.56169432428628e-05,0.0021012623415477064,3.065984493207395e-08,0.9975070931170837,0.00029593960036569347,5.7337916702581206e-08
1976-07-01,3,0.0003668477691469927,0.006311254694969502,2.5797878566526143e-08,0.9932050087712231,0.00011686215582815261,8.109512561581338e-10
1976-08-01,3,3.7629053168132564e-05,0.0005545596765650363,4.1302083001326194e-10,0.9993295562753307,7.823359549024085e-05,2.098642521543519e-08
1976-09-01,3,0.000271760012632395,0.0034987350534982737,1.3818465277217115e-09,0.9961697459461795,5.9738520816626665e-05,1.9085024271671927e-08
1976-10-01,3,8.803164501236245e-05,0.0009767989419995156,3.7258142515982283e-10,0.9988541270961903,8.103769504261774e-05,4.249174905259244e-09
1976-11-01,3,0.00023502208624767685,0.0041455312976946355,9.045456039384689e-10,0.9949417637045976,0.00067768200690603,8.018591116986021e-15
1976-12-01,3,2.7766260198570587e-05,0.0012442296658307366,6.654940419863675e-10,0.9984171274948083,0.00031087168961720107,4.2240575556428645e-09
1977-01-01,3,0.00101312066333053,0.0029826207123954795,1.68546441486145e-07,0.9953014020220844,0.0007026880557436573,3.882853796867453e-15
1977-02-01,3,6.549928608141785e-05,0.0004107919979337955,9.242397340127042e-10,0.9994896025095112,3.229366596845485e-05,1.8116162623755067e-06
1977-03-01,3,5.61290279495818e-05,0.0012192158710067748,8.050067272673095e-11,0.9986477972270571,7.685419912781059e-05,3.594360002491065e-09
1977-04-01,3,3.248577410490101e-05,0.0007736028790892401,1.5501856639434219e-10,0.9990809903079735,0.0001129196323478615,1.2514705468576496e-09
1977-05-01,3,0.0001869881971146703,0.0007247522602561615,1.187579673989791e-09,0.9989816947384333,0.00010655909655856466,4.5200508475771605e-09
1977-06-01,3,8.236141882036858e-05,0.0010069959366957113,1.6645282299536524e-10,0.9988589875743964,5.1585448466525324e-05,6.945516738628885e-08
1977-07-01,3,0.028171356589284505,0.09883319167737818,9.578529014280532e-08,0.8728603345827537,0.00013502073870700886,6.265908451868932e-10
1977-08-01,3,0.00017968253933836742,0.0019698160141779068,1.2242988735951965e-09,0.9977237041313055,0.0001257015401139677,1.0945507676707685e-06
1977-09-01,3,2.911292334082378e-05,0.00048365303983829245,1.423536844770067e-09,0.9991144634179894,0.00037276908996273665,1.0533880968959293e-10
1977-10-01,3,5.280927103427967e-05,0.0012385049172818378,7.549691615204141e-08,0.9981541015284076,0.0005545087856517706,6.970811897332483e-13
1977-11-01,3,8.806508032829042e-06,0.0006145668964904887,2.4733879715965753e-09,0.9988105931432792,0.0005660309361921273,4.261653978361218e-11
1977-12-01,3,9.279466973809112e-06,0.0004644263932685567,7.2454795016946635e-09,0.9989558874891896,0.0005703993894843439,1.561630410623904e-11
1978-01-01,3,0.00017285706025977043,0.004721381946523344,4.410978198435686e-07,0.9945597530473343,0.0005455668461451119,1.92742498269243e-12
1978-02-01,3,1.2721251454175003e-05,0.00036438316284212696,3.7557874164303645e-09,0.999486541739155,0.0001363458596251047,4.231149249590012e-09
1978-03-01,3,2.9086946107893156e-05,0.004464734837204909,9.148598266253138e-09,0.9907624565822455,0.004743712485519344,3.2605774479969375e-13
1978-04-01,3,0.00012258648988341375,0.01785596186090242,1.1547362345009498e-05,0.8924930279580824,0.08951687632869865,7.856681293255488e-14
1978-05-01,3,1.2452702882445429e-05,0.0012627798892721007,5.076148256812582e-06,0.9587133645093819,0.04000632674902158,1.172454009522502e-12
1978-06-01,3,0.0006282143565937266,0.017674312042642318,0.00010550585340959394,0.9801756406503627,0.0014163270679346846,2.9062941952689728e-11
1978-07-01,3,1.754025219197794e-05,0.002708480317427283,2.2799072195861648e-07,0.9923420062373022,0.004931745179127261,2.3223851071384196e-11
1978-08-01,4,0.00012661894664603153,0.020216616602860775,7.30475723420521e-05,0.32689473767969923,0.6526889791984627,1.536746211763381e-17
1978-09-01,4,4.643847777897291e-07,0.0001616134485823417,0.0010314388432952092,0.013848061159895477,0.9849584221634575,1.9843720343577273e-19
1978-10-01,2,1.5290895419893594e-06,5.437749597443955e-05,0.9678153168790954,7.721649040481327e-07,0.03212800437048195,6.318242692910098e-37
1978-11-01,4,1.6845314844463586e-08,3.235216765355649e-05,0.0263671474010839,0.0009436788416138373,0.9726568047443312,2.8859668895724887e-15
1978-12-01,4,1.0150185205366186e-09,5.362058475587642e-07,0.007867670178742073,0.0021587694143463654,0.9899730231860375,2.0256007555796275e-21
1979-01-01,4,7.728723581572266e-11,1.2752049826052825e-07,0.0003805125777803389,2.2318428502932683e-05,0.9995970413959304,1.2615068675405434e-26
1979-02-01,4,2.5995837066828773e-11,1.3459067741326776e-08,0.007312514184709881,0.002609519196756597,0.9900779531334911,4.358636552504843e-23
1979-03-01,4,1.0934308748670364e-09,1.270786011846566e-06,0.0014002016036969202,0.0011865899775944017,0.997411936539267,4.148886474507908e-24
1979-04-01,4,1.1665174276583503e-10,7.272972355582343e-08,0.0023587001238303696,0.0003717963349659877,0.9972694306948544,1.5266467641111355e-23
1979-05-01,4,9.970623903937239e-10,5.943732117958531e-07,0.03605699730274882,0.0008114372489334211,0.9631309700780425,5.651813092063069e-24
1979-06-01,4,2.8427309229537802e-11,2.7143747950197494e-08,0.0011171073114157595,1.5129872588134527e-05,0.9988677356437985,2.558646704417342e-32
1979-07-01,4,4.1502185409241585e-11,1.4405006839225442e-08,0.017826282669116535,0.005908361414748222,0.976265341469641,1.0931526162587435e-22
1979-08-01,4,2.1141347923114502e-10,6.426938103640137e-08,0.0009494670349773573,2.0184642898198197e-06,0.9990484500199388,3.3642938430690905e-35
1979-09-01,4,8.42375982550644e-14,7.789798676080203e-11,0.004704312339329256,6.670095820136266e-05,0.9952289866244984,1.878982429953827e-27
1979-10-01,2,2.3132371449582016e-17,2.259218915582765e-16,0.9999994421954589,6.232355485455645e-25,5.578045153640359e-07,4.6260805312455e-99
1979-11-01,4,9.595230631490666e-24,3.3784355451114316e-20,0.03382435256203561,6.145351311133724e-16,0.9661756474379709,3.358329151603211e-54
1979-12-01,4,9.107649867917944e-26,1.6344107177416966e-22,0.00733266495537377,1.6407337135181503e-08,0.992667318637287,4.798655944411031e-48
1980-01-01,4,1.0513419011733717e-16,8.228438393107809e-14,0.0019145302746706389,1.7455816240712873e-06,0.9980837241436372,8.545222932065124e-46
1980-02-01,2,2.8457867977286092e-21,5.46116025394421e-20,0.9986373707860746,2.239354777073134e-23,0.001362629213918762,8.235217854203114e-103
1980-03-01,2,5.221318625024166e-26,1.099763033186782e-22,0.9999998626394225,6.006921747590723e-17,1.3736059650337752e-07,7.085386641405166e-49
1980-04-01,2,1.21723208931e-31,3.96312002106778e-28,0.7171105923187829,4.3678587985688e-25,0.2828894076812047,1.487428378686985e-73
1980-05-01,4,7.730687952685117e-38,2.144819358952081e-34,0.07967686726780099,7.466918048211279e-21,0.9203231327322006,1.3085660049121292e-92
1980-06-01,4,1.7875196821244098e-26,5.5384844775927226e-24,0.00017553920154727304,0.0026750613040298584,0.99714939949442,1.217210729544588e-48
1980-07-01,4,2.7810186197647685e-07,1.763226409681053e-05,0.0026994516695014216,0.0008104976764940038,0.9964721402880453,6.087649559853051e-43
1980-08-01,4,4.076779693533702e-12,9.534428640104983e-12,0.015873439963085302,7.776014562014208e-12,0.9841265600155004,2.996026001719746e-78
1980-09-01,4,1.0869100231605311e-19,2.202525141554601e-18,0.008530754160735756,1.4288909033659994e-12,0.9914692458378304,3.40378303100326e-66
1980-10-01,4,2.897434916127809e-23,1.8430796498447353e-21,0.10033849559865092,4.387160133003965e-13,0.8996615044009267,9.131151654659601e-80
1980-11-01,2,6.999473760890298e-24,1.8191087493090708e-20,0.9877784159467108,3.9955767825223847e-19,0.012221584053267226,4.3892188491924206e-101
1980-12-01,2,2.3236179541469134e-32,1.3185348473214644e-28,0.9973633735659966,1.4566873617905476e-19,0.0026366264339527028,9.809740062181949e-77
1981-01-01,2,2.040944108858992e-28,1.3174987894082517e-24,0.9906375045542803,7.62290228703003e-11,0.009362495369484813,4.548772372288561e-53
1981-02-01,2,1.1548209135560543e-22,1.5320695717995795e-19,0.9688940576029776,1.3872463901277628e-14,0.031105942397023946,1.5933858278983872e-61
1981-03-01,2,5.322074304520947e-31,2.607014666561952e-28,0.9711417336548659,1.5407419315183924e-27,0.028858266345124426,1.682047507576632e-127
1981-04-01,2,4.471606122252722e-52,2.4013179090401824e-49,0.9999998682285509,3.7805722890406423e-42,1.317714842945165e-07,1.0129295124191616e-145
1981-05-01,2,6.11166221765872e-53,1.8240906720639572e-49,0.47532676336959434,1.7116312046266494e-17,0.5246732366303786,1.1626999697135602e-82
1981-06-01,2,5.5983978609789986e-33,3.263155718667118e-29,0.9997793212655142,7.580054505061144e-20,0.00022067873448815427,1.959145606576296e-82
1981-07-01,2,3.262732670610834e-33,6.550637949633022e-31,0.9944210585167974,1.4411760583985228e-19,0.005578941483203236,5.053041946490387e-88
1981-08-01,2,2.612848981956154e-32,1.0146415817550832e-29,0.9992383541761197,1.2030433670048322e-17,0.0007616458238522703,8.128262418208732e-80
1981-09-01,2,1.097428937699253e-30,6.057760308027178e-27,0.9999738647682238,2.520975643607538e-21,2.6135231751363678e-05,1.445722281342005e-81
1981-10-01,2,1.5929008320931637e-35,1.2778008185138442e-33,0.7420741273495685,7.247623243890629e-30,0.2579258726504107,1.4234911369343072e-161
1981-11-01,2,2.128947469593257e-45,4.1611479469311275e-42,0.5401974634041885,4.581232541463965e-25,0.45980253659583503,9.077931476325143e-126
1981-12-01,2,4.352179307581582e-33,1.2698331964135904e-31,0.9328578286619778,2.357614006911308e-10,0.0671421711022432,1.3933257661994502e-91
1982-01-01,2,6.926186936471176e-21,1.129534503354096e-18,0.2817048956831121,3.300231934688872e-14,0.7182951043168392,1.0170113647682122e-75
1982-02-01,2,2.3398238872100904e-21,6.184858748545564e-18,0.883307556754417,4.633426148678263e-06,0.11668780981948389,3.58980582487537e-38
1982-03-01,4,1.5761929274955034e-16,2.299825210969373e-13,0.2076556446667678,3.675138839691293e-11,0.7923443552962397,1.4746939666515557e-50
1982-04-01,4,1.0369658267687504e-22,2.1576875780080115e-19,0.11019087641704757,8.253763832038614e-13,0.8898091235821012,1.298928820770306e-59
1982-05-01,2,1.5213733871528006e-21,2.1707094660532332e-18,0.43286892893980505,1.82837508021889e-09,0.5671310692318274,4.3752538395816886e-58
1982-06-01,2,1.4874586240933291e-19,5.520358098721231e-18,0.8690219090301436,2.467313745417099e-13,0.13097809096963922,1.3524624142459043e-80
1982-07-01,4,4.616698606476685e-25,1.891416543089122e-22,0.2804274313144396,2.866625978609835e-18,0.719572568685549,2.0110400683605434e-95
1982-08-01,4,6.598882240574954e-27,9.820452440081416e-25,0.004546599967831388,8.954674579667953e-17,0.9954534000321476,1.4750415830721875e-104
1982-09-01,4,1.810007336883298e-20,6.446222268046193e-19,0.0010195824394727787,0.00018594078820277643,0.9987944767723335,1.9918317754063804e-50
1982-10-01,4,1.359616907337315e-10,2.784876435328361e-07,0.000496417293623403,5.6914853051967245e-09,0.9995032983912813,7.125920938669801e-50
1982-11-01,4,1.1024876068690889e-12,5.366634172582802e-09,0.0004873768346885405,0.0015936342352277262,0.9979189835623495,7.057453604978003e-22
1982-12-01,4,3.855516867732971e-09,9.057207824893689e-07,0.0006310478196829124,0.0028180739049406766,0.9965499686991259,1.587557350231393e-28
1983-01-01,4,2.1282021747490582e-09,9.864378444729064e-07,0.0007523828755709876,0.008536498541586869,0.9907101300168406,2.5775138167505348e-19
1983-02-01,4,9.113876809037946e-08,6.513642244868161e-05,0.002046283809218283,0.009746563097783859,0.9881419255317612,4.34383968423541e-19
1983-03-01,4,2.7507820266766903e-09,3.928751743401764e-07,0.0010043027035943751,3.786543458905549e-05,0.9989574362358955,3.579657428416918e-30
1983-04-01,4,4.689740757596674e-12,3.6168334791017894e-09,0.00027723551662641593,2.7444718966294394e-05,0.9996953161428923,1.0325229538259782e-30
1983-05-01,4,9.615934737888983e-12,1.5668188631441744e-09,0.005199454354118478,0.0003793657659362737,0.9944211783034805,3.4773206418287117e-31
1983-06-01,4,1.2172420056323984e-09,2.793768848673523e-07,0.0007660273538636188,0.011776891509885638,0.9874568005420834,3.2832970599673155e-21
1983-07-01,4,6.369275239306534e-09,8.811895897490674e-07,0.025783489728997716,0.00022033101971617595,0.9739952916924525,5.8801929730165426e-30
1983-08-01,4,2.45215117119751e-10,1.1509310695099703e-07,0.003982183940108884,0.0049321078409683946,0.9910855928806498,8.607536412254725e-20
1983-09-01,4,1.5579501126182382e-09,5.618066318661909e-07,0.0012830786607734383,0.00010420296545589476,0.9986121550092136,2.340212548189584e-32
1983-10-01,4,2.4046277220743445e-10,1.507388836830165e-07,0.01880885859902167,0.004888114451483679,0.9763028759701375,2.432560334984416e-20
1983-11-01,4,2.771741147453769e-09,8.769729225066288e-07,0.0006365007698699335,0.0027852781250809902,0.9965773413603901,3.443935904015028e-22
1983-12-01,4,3.8207152908974714e-09,1.3800123180326249e-06,0.0029496215801664903,0.004957695622744484,0.9920912989641056,4.957882689226787e-20
1984-01-01,4,5.322143945023099e-09,2.7203394932345286e-06,0.004682484310765803,0.004234162285326671,0.9910806277423232,8.554189375983438e-21
1984-02-01,4,5.58279248581753e-07,6.456231063432436e-05,0.06518760169146434,0.037356544386174986,0.8973907333324702,1.2523932551265707e-18
1984-03-01,4,4.220684151993269e-09,8.186023763998211e-07,0.0021220735531316008,0.00022335579920030365,0.9976537478245929,3.5695778585053324e-27
1984-04-01,4,1.1181449972799013e-09,5.755338359801156e-07,0.0324377788215797,0.0024424990829690664,0.9651191454435074,3.476354386425814e-20
1984-05-01,4,1.352395754578343e-09,2.0394811868346326e-07,0.6158830527831763,3.7988512004876266e-07,0.3841163620311705,2.7348263841683202e-36
1984-06-01,4,1.0961025738869703e-11,2.194110986341686e-08,0.02364325239972381,0.0071880796094332,0.9691686460387168,1.199342920707728e-18
1984-07-01,4,1.0521455848062593e-08,1.2927003654337387e-05,0.09668645676488094,5.230795506519283e-07,0.9033000826305045,3.11612534782517e-30
1984-08-01,4,3.1786260483498037e-12,6.157482655650585e-08,0.00034706994995968435,2.0257007918437993e-05,0.99963261146409,4.1606396328356e-25
1984-09-01,4,8.340097934092426e-13,7.692230609886285e-10,0.0036875558212232044,2.22286338368331e-05,0.9962902147749089,1.9240263353868802e-32
1984-10-01,4,3.1445707530854934e-15,1.8532937876038566e-12,0.041147908380197516,5.911953086217543e-12,0.9588520916119819,5.3338640501626404e-67
1984-11-01,4,2.2672282238975078e-17,3.3410113150441554e-14,0.003285063219040991,0.000577723756897842,0.9961372130240826,5.739765438274347e-34
1984-12-01,4,8.692991263743755e-09,1.1044941908008485e-06,0.0010222133982202368,0.0062456581844487925,0.992731015230123,6.46788030316664e-32
1985-01-01,4,2.4175612742713345e-08,1.6511915671582013e-05,0.00013331317871158498,0.0135147409165692,0.9863354098134565,5.647279958033134e-18
1985-02-01,4,1.9401627483783237e-07,9.258270352337458e-06,0.002673505612759199,0.007888508757592085,0.9894285333430433,5.614558325986702e-23
1985-03-01,4,9.790902626658396e-08,2.1271403031725988e-05,0.0008317812349721553,0.02061599013753311,0.9785308593154051,1.9268165389503943e-17
1985-04-01,4,2.0877450108459647e-07,5.276864106823915e-05,0.0030225118763102087,0.007632541437227212,0.9892919692707977,1.4745059629935697e-21
1985-05-01,4,5.628443345632056e-09,1.0347000594308729e-06,0.0001398451484093375,1.7157402618221845e-05,0.9998419571204533,1.2982175151571464e-37
1985-06-01,3,3.4417504614647412e-09,4.3409312705570386e-07,0.0005969850952147705,0.16639552235220706,0.8330070550176498,7.013340227624489e-16
1985-07-01,3,6.624443305802163e-06,0.00037763920290681953,0.0031740141035023327,0.25947605667862605,0.7369656655717594,3.670227322866632e-19
1985-08-01,3,5.83484498775011e-06,0.0004789572730116395,9.855108164814668e-05,0.8625941069286371,0.13682254986431072,7.332098191170745e-12
1985-09-01,3,5.1811150310475346e-05,0.011950581784811018,0.00024856944927033613,0.9373403526998773,0.05040868491569299,1.1626680634268017e-13
1985-10-01,3,7.296114938960797e-06,0.0033168989548578386,5.814955456714868e-05,0.558703791883002,0.4379138634926591,4.870110688285121e-15
1985-11-01,3,2.9799212834618746e-06,0.0010232700616890909,4.621150329178713e-05,0.5875748981859041,0.4113526403278965,4.239545275732943e-14
1985-12-01,3,3.3229232306542637e-06,0.0010535204823846798,0.00017361793354012526,0.4621340490342192,0.5366354896266783,4.038403287500231e-16
1986-01-01,3,0.0002473216946764743,0.020830519927610917,0.001239434672715429,0.955143676521342,0.02253904686071367,3.2293236057883376e-10
1986-02-01,3,4.2533922192410164e-05,0.014709206654310893,2.8547421077897413e-06,0.9805876771233226,0.004657727441590715,1.1646125409448883e-10
1986-03-01,3,0.0001473933058345532,0.02608232278950717,4.463200930187334e-05,0.3217772220980572,0.6519484297972243,8.933464644729435e-26
1986-04-01,3,5.8060931093108914e-05,0.008214300169633952,0.00012454082926749186,0.8768194787250646,0.11478361891325688,4.317778731799885e-10
1986-05-01,3,8.979401628907414e-05,0.003681722794800105,3.3528541024530455e-05,0.9730488924270261,0.023146062213888232,6.879202406377319e-12
1986-06-01,3,9.319560639655377e-05,0.005610999121772281,3.0313538432362814e-06,0.9786223663573361,0.015670407560535723,4.863213947744452e-15
1986-07-01,3,0.0001668939149663379,0.008356652331015412,6.137235493446206e-06,0.9906870415193555,0.0007832749006900475,9.856600133355793e-11
1986-08-01,3,0.003762646101450059,0.515179370215848,3.015099785792097e-08,0.46772457733554956,0.013333376196233338,5.097096998347045e-19
1986-09-01,3,0.022555310219529456,0.6262632381169273,1.1941742944478942e-05,0.351140793614839,2.8181926859438117e-05,5.343789125287764e-07
1986-10-01,3,0.00026715427470756255,0.03649873569971727,2.560963347654083e-10,0.9631116674010953,0.00012156542592762527,8.769423831927946e-07
1986-11-01,3,5.8802604452256826e-05,0.0011319577003136955,2.2864175341603095e-10,0.9987263922523416,8.276201766850477e-05,8.519668861249851e-08
1986-12-01,3,0.00015239722451312467,0.0027889739120675753,1.1019095966578894e-08,0.9967794274661997,0.00027919002947921943,3.485919262412006e-10
1987-01-01,3,0.0006166027199802188,0.07812961357866785,3.352112301228957e-09,0.9180197579854132,0.003234022190499716,1.7324285818629312e-10
1987-02-01,3,0.00012079258614815178,0.005137142617482236,2.6566788755769112e-08,0.9946113265473724,0.00013061394005113708,9.774211413251353e-08
1987-03-01,3,3.123906624330626e-05,0.0015291147635027801,4.771965137968091e-09,0.9967889313363572,0.0016507100435830028,1.826681764090138e-11
1987-04-01,3,0.0003085736352266242,0.005429843401113927,3.497989021479701e-06,0.9904860607864242,0.0037720241881522526,1.2953946867222023e-13
1987-05-01,3,4.0939160794468664e-05,0.0003098077855625328,7.0878807242272826e-09,0.9995815578299451,6.765974569483955e-05,2.8390131100656062e-08
1987-06-01,3,1.4976758843214748e-05,0.000752647330303024,2.5695806905138255e-10,0.9987177543581024,0.0005146212105824937,8.524941402300376e-11
1987-07-01,3,1.0301254447491612e-05,0.0006597758164558329,6.694945083977207e-09,0.998267611182172,0.001062305042020462,9.853576440282898e-12
1987-08-01,3,4.238407502868703e-05,0.0009141695242536553,1.708785932726052e-08,0.9987825987694957,0.0002608304959263184,4.752023103081428e-11
1987-09-01,3,0.00011579140128265477,0.0008777637817536018,6.521002819089434e-08,0.9982503382094833,0.0007560413973532055,2.44942915219831e-15
1987-10-01,1,7.207437866622918e-05,0.9999278122640621,1.1335720151836955e-07,8.123929149399109e-21,2.7660925255931413e-19,1.1914471757698442e-52
1987-11-01,1,0.006975828332418969,0.781120911115777,1.4454611364124662e-10,0.21190303064574545,1.4432699680043544e-10,2.296172324335793e-07
1987-12-01,1,0.002126531727676547,0.9977996129986397,7.460813581315302e-16,7.383917156886389e-05,1.1889527762223273e-08,4.212491709292406e-09
1988-01-01,3,0.002965251000750258,0.2854876860084974,2.9960954984083845e-14,0.7115468548901775,6.268445786052949e-08,1.454161463541623e-07
1988-02-01,3,8.939218803960071e-05,0.011683244738450347,2.0384261992067263e-13,0.988101888023349,0.0001253634983544756,1.1155169394286787e-07
1988-03-01,3,3.4231995626301535e-05,0.0018767605889597647,6.190598155379899e-09,0.99762282136098,0.00046617970972627314,1.5409486992100083e-10
1988-04-01,3,9.833691754729047e-06,0.00023940912814451157,6.134976324144178e-09,0.9992532509752838,0.0004975000661690297,3.691861662470748e-12
1988-05-01,3,1.692575424767419e-05,0.0004810006634651575,1.0290302771556566e-07,0.9960178598897081,0.0034841107895538766,2.6992202470764256e-16
1988-06-01,3,3.882478521144532e-05,0.001939568993856679,2.6315792901277254e-08,0.9976653150922412,0.00035626468005410544,1.3274479973041972e-10
1988-07-01,3,1.7137932090001172e-05,0.0004707281673122114,5.137727774380629e-08,0.998287216992979,0.0012248655302597269,1.5794685358830952e-13
1988-08-01,3,1.971678704085686e-05,0.0012018011062772305,2.0692430071353617e-06,0.9948233556636586,0.0039530572000430406,1.4605375535801837e-14
1988-09-01,3,2.4805405211903383e-05,0.004582837944582282,8.140793395199175e-07,0.9930998414110296,0.0022917011584026813,1.3244213411019738e-12
1988-10-01,3,8.198765432042868e-06,0.0016222221121349003,5.391984761985244e-07,0.9903201205558932,0.008048919367647305,4.627541597644627e-13
1988-11-01,3,8.59872571578475e-05,0.00441631917489707,3.570510461080272e-05,0.9735725446349455,0.021889443828296305,2.6002945233148156e-18
1988-12-01,3,2.350743492978428e-05,0.005471131821341256,2.8857691330125252e-05,0.9541031643674736,0.04037333868489984,2.2379807863814172e-14
1989-01-01,3,1.0379295372222512e-05,0.0019868723509510076,1.364496997665398e-06,0.985488834118949,0.012512549735023479,2.6782886482319244e-12
1989-02-01,3,9.003266204181865e-06,0.0009267737702323755,1.9621996909123043e-05,0.981934639923781,0.01710996104284665,9.234841079486842e-16
1989-03-01,4,4.18166645710235e-06,0.0011460706320360664,5.1199626831470914e-05,0.8093775865643184,0.18942096151025745,1.5763848798982463e-16
1989-04-01,4,5.45054069003399e-06,0.001534320998528247,0.00018745675047277408,0.18351164357743374,0.8147611281328635,1.4348167479101806e-21
1989-05-01,4,1.134843728808303e-07,0.00011951791472896753,0.0021302289044875826,0.004575893756427133,0.9931742459399686,2.461028706580862e-19
1989-06-01,4,5.9557006597094736e-09,2.4460010696685008e-06,0.0015420662578924883,0.0002502057532788656,0.9982052760320139,8.42315723525657e-30
1989-07-01,4,1.520239230753991e-09,1.4043091829493703e-06,0.0007994763022464769,0.003649595632145641,0.9955495222362557,1.7646812805574032e-22
1989-08-01,4,2.780399728108002e-10,5.670009097869311e-08,0.006284307816828837,4.745899182575646e-05,0.9936681762131041,2.4902128081372142e-28
1989-09-01,4,4.420106356921768e-10,1.0714727152226731e-07,0.001502472018892534,0.02990972307159185,0.9685876973202783,1.1878263786014609e-18
1989-10-01,4,2.582602543580778e-07,5.295061086141714e-05,0.0038583374097889466,0.0039034421888701626,0.9921850115301128,4.301889488190602e-24
1989-11-01,4,7.086417609161203e-09,3.163386929997314e-06,0.000707747492382911,0.015444763465804,0.9838443185683897,2.357717606981862e-17
1989-12-01,3,2.660177441700076e-07,7.403453083024887e-05,0.0005086262955328493,0.05413471658404633,0.9452823565717365,5.27757351745627e-17
1990-01-01,3,0.0007846782854968701,0.017505435189183013,0.06786955842613661,0.7254796000169921,0.1883607280809758,1.1967963913018787e-12
1990-02-01,3,1.0584742988677388e-05,0.0009419416822025914,2.8751006069770876e-05,0.9868458478003489,0.012172873355649039,1.4126516097824288e-09
1990-03-01,3,7.91697065072505e-06,0.0013725630461704234,8.057522883407724e-06,0.9859348162705347,0.012676646189616966,1.2765533118912217e-13
1990-04-01,3,0.00010100774768093632,0.013889605147809637,0.00018562432688117714,0.980635799766667,0.0051879630106323096,3.1626797853768085e-13
1990-05-01,3,6.37763993863588e-05,0.07377132301256155,9.267146741490112e-06,0.8689124371971367,0.05724319624415365,9.5637175275403e-16
1990-06-01,3,1.0643209686425727e-05,0.004509507043412252,3.6142448342387054e-05,0.971579846978355,0.023863860318870337,1.2770108634488413e-12
1990-07-01,3,2.3748026940774607e-05,0.013090908327830846,0.00023191492796413693,0.7932501870463494,0.19340324167086378,2.5691212671492643e-17
1990-08-01,1,0.00013284557843062374,0.9351513917891832,0.05291094833431981,0.004384027068960236,0.007420787229055355,2.7957763057079707e-18
1990-09-01,1,2.8103446645595202e-05,0.9994887265006543,0.0003651825705470006,5.2585863880175076e-05,6.54016183714681e-05,1.385003467035541e-18
1990-10-01,1,0.0006892031365334223,0.9850305371093373,5.3690728755593144e-06,0.014272243004567739,2.6476760309501306e-06,5.698963037924699e-13
1990-11-01,1,0.0010032753220734344,0.950017519488575,1.926870183434201e-09,0.048978218835114905,9.840888083534013e-07,3.3852275560953006e-10
1990-12-01,1,0.0010571737399839266,0.8219712692564245,4.774041109597753e-09,0.1759110766118505,0.0010604756177970307,8.069987924983298e-17
1991-01-01,1,0.004899376552754643,0.9886854382511042,4.0830955203503437e-08,0.0064143556765013255,7.885260252791279e-07,1.6265879261034143e-10
1991-02-01,3,0.00033614502552093946,0.17548325608701268,3.4564213135456535e-11,0.8241583327024224,2.224233329800299e-05,2.3817077763899227e-08
1991-03-01,3,3.734249846947843e-05,0.004662109983103014,1.4825775442357884e-10,0.9949378617918931,0.0003626848493658176,7.289862454523256e-10
1991-04-01,3,1.5810318537923397e-05,0.0014444696631255415,2.5419225914041032e-08,0.9969859972468348,0.0015536973497464156,2.5274996917518167e-12
1991-05-01,3,1.6655775231630754e-05,0.0005844898677093285,7.339129760275098e-09,0.9991674312096331,0.00023141541431247065,3.939395579144855e-10
1991-06-01,3,0.0005302209918721227,0.0030890611094603177,5.137340773894278e-09,0.9963427014558766,3.794264529182953e-05,6.866016898968991e-08
1991-07-01,3,1.5691698879926197e-05,0.0010984234607693732,2.0448329053056662e-10,0.9983309891555,0.0005548941928206461,1.2874552958583697e-09
1991-08-01,3,2.7608541986923875e-05,0.0009741609320713357,3.666607139975463e-09,0.9982201280382013,0.0007780988209491677,2.864757775991245e-13
1991-09-01,3,3.1016585666921226e-05,0.001692520487502304,2.065772460773654e-08,0.9978423590093017,0.0004340832543106533,5.5163799825359215e-12
1991-10-01,3,2.9489150162272873e-05,0.0012554884591885402,2.037975458512863e-09,0.9983978336226432,0.00031718671999833716,1.011282354826402e-11
1991-11-01,3,0.0020073017077005084,0.008800093133531136,1.6965677850927185e-08,0.9890435324873295,0.00014905569265019953,1.3054884343002314e-11
1991-12-01,1,0.02699958894956959,0.920440170385664,1.2834421354382691e-08,0.0522880840298134,0.00027214380060030765,5.591339871955019e-16
1992-01-01,3,0.0015476727465156901,0.07789546719618538,5.141821107734106e-09,0.9205062617408378,2.5732689366676397e-05,2.486048522333044e-05
1992-02-01,3,0.00013305305009202593,0.0009939790513981508,1.2625437333314233e-11,0.9988231909700389,2.299633737090238e-05,2.6780578484354563e-05
1992-03-01,3,7.65322185753222e-05,0.0004782097615032893,8.293089255781961e-11,0.9994014069606183,4.369828432427674e-05,1.5269204491465628e-07
1992-04-01,3,0.00042170703741815923,0.002186804838070828,8.468322440548025e-11,0.997322804154287,6.867251092683415e-05,1.137460317075633e-08
1992-05-01,3,0.00013861093662261416,0.0005518724781608898,2.253355019427197e-11,0.9992757856200786,3.239893027437324e-05,1.332012335569883e-06
1992-06-01,3,0.00023900724725929026,0.0008154755575716403,5.353964701191529e-11,0.9989105008995242,3.4920672842820445e-05,9.556931718233655e-08
1992-07-01,3,0.0004670889947289675,0.001568248231802961,4.509375937218281e-11,0.9978252758629902,0.00013938666089203158,2.045090809154555e-10
1992-08-01,3,0.006448445304234113,0.008026417220996515,3.219035608055361e-10,0.9854498851385778,2.4917198569228882e-05,5.03348156109402e-05
1992-09-01,3,0.003004327239657327,0.0027131249406769616,4.1825574199888205e-11,0.9941777894681422,0.00010473386675452495,2.4442993009545006e-08
1992-10-01,3,0.0025620015826336865,0.0006185668404995021,2.5937235911060814e-10,0.9967810270698624,3.808269832525711e-05,3.2154934071859015e-07
1992-11-01,3,0.000712023396888191,0.0005121604696649493,7.26620383842414e-12,0.9987523098891312,1.9148443306955947e-05,4.357793763532888e-06
1992-12-01,3,0.00012577359498682305,0.0005085480362798348,6.1259857533489936e-12,0.9993337022306653,3.115122151970548e-05,8.249104514548413e-07
1993-01-01,3,0.0014342481538962932,0.017865932763498862,1.3502116876495972e-10,0.9806395248832303,5.9850320492767306e-05,4.437439107765638e-07
1993-02-01,3,0.0007105157323641083,0.0027076032560867727,3.6465003735098714e-11,0.9964948535808429,3.200891533355141e-05,5.5018478889007585e-05
1993-03-01,3,0.00015564687096703656,0.0005370577403505207,8.059695129532562e-12,0.9992560002449005,2.4848359629127296e-05,2.644677598232745e-05
1993-04-01,3,0.0019403125811233955,0.019748766595884953,4.904703335005786e-10,0.9782527202163057,2.9321873485177634e-05,2.8878242652179525e-05
1993-05-01,3,0.0010130429380334814,0.0006414948545637498,1.850319235091511e-11,0.9983081581159032,2.02041371572387e-05,1.709993592290508e-05
1993-06-01,3,0.0003422849236931513,0.0006962560375139627,1.0772711074246817e-11,0.9988984734948848,1.815674076142615e-05,4.4828792359494686e-05
1993-07-01,3,0.00024250127839472372,0.0006160977069925087,1.1477090283123612e-11,0.99904497162158,1.1582258933698576e-05,8.484712254540802e-05
1993-08-01,3,0.00017617182319265727,0.0006996764422628973,8.164802575165758e-13,0.9990872469572154,2.0188305303706223e-05,1.6716471224773022e-05
1993-09-01,3,0.00016052364603524392,0.0003298878591429668,5.8285602973415176e-12,0.9994832034714346,1.4496893334211883e-05,1.1888124117699427e-05
1993-10-01,3,0.000454944164618578,0.00037088206743965754,4.0643303683350905e-12,0.9990900789410819,1.1359465093254109e-05,7.273535778347921e-05
1993-11-01,3,0.023475848758310488,0.008303168915137011,7.075707054912315e-11,0.9670923480596574,7.2557709127373265e-06,0.001121378425204183
1993-12-01,3,0.0022430725901688236,0.0004907906954630767,1.564026285531141e-12,0.9934139627395624,1.2673929137163366e-05,0.0038395000440458187
1994-01-01,3,0.0004404569838702393,0.003212501167193885,2.2106819992539138e-12,0.9961646928231914,3.707703230207982e-05,0.00014527199134099626
1994-02-01,3,0.03483934199015524,0.00408822888555398,5.865011248288754e-10,0.9610374596916043,3.466770670298837e-05,3.0113937051310667e-07
1994-03-01,3,0.02913592796819734,0.0027745286222187267,5.026273119958761e-10,0.9680298172963774,1.561604138376375e-05,4.410956930838399e-05
1994-04-01,3,0.003917446705446968,0.0008501341943634419,5.545726723802915e-11,0.995136922216186,9.548696571125238e-05,9.862866186568627e-09
1994-05-01,3,0.00011533968954119637,0.00023731000992418673,1.0698451500122567e-10,0.9995893934146652,5.778979430816894e-05,1.669846215278559e-07
1994-06-01,3,0.00022135245601171089,0.0006289180941509384,8.21334702203352e-11,0.9991325180068622,1.5937022252421924e-05,1.2743384979411356e-06
1994-07-01,3,0.0001972109627844888,0.0008080277068816509,2.686175995113755e-12,0.9989571355791667,3.627839571093452e-05,1.3473527046143064e-06
1994-08-01,3,0.0007690703812426648,0.0034762585219876917,1.5348975823367246e-10,0.9957241323115477,3.0239818334955246e-05,2.988133158343678e-07
1994-09-01,3,0.00010436302945462395,0.0006180314709891723,4.954716172204519e-10,0.9991434935733126,0.0001341070645989273,4.366275694151333e-09
1994-10-01,3,9.649312647430744e-05,0.0012440601105640318,4.115829519157449e-10,0.9984734706408791,0.0001859747885663181,9.21984415085633e-10
1994-11-01,3,0.016098728978403,0.018369434356556406,1.6154545187835414e-07,0.9651938599183227,0.00033781520111881604,1.5720931444904404e-13
1994-12-01,3,0.0002305812074230434,0.002272191271727515,4.219606526133374e-09,0.9973527640173213,0.00014425230339207667,2.0698044456513825e-07
1995-01-01,3,0.00021658352389598392,0.005174047873061148,1.129890494770305e-08,0.9902760134180076,0.004333343696502536,1.8956058825337436e-10
1995-02-01,3,5.175626753950545e-05,0.001192224914905576,6.7604870598938754e-09,0.9982825637507667,0.0004734480984145535,2.0798859240117418e-10
1995-03-01,3,7.71722544704626e-06,0.0002532949045598005,1.1964366879792393e-09,0.9995620829819784,0.00017690278228384853,9.093996413350339e-10
1995-04-01,3,1.266467282476622e-05,0.00041269120963795296,3.2605793598348064e-10,0.9993511407355562,0.00022350297065318938,8.53528537020021e-11
1995-05-01,3,4.186225375484437e-05,0.004223412456132375,4.23725003276212e-08,0.9808623342628711,0.014872348654706907,7.47185397385293e-16
1995-06-01,3,1.607065031207281e-05,0.0005414944547400043,1.0315014924611071e-07,0.9988986760933577,0.0005436554296879304,2.2177624606916494e-10
1995-07-01,3,8.107102022472083e-06,0.0002832707899811484,1.1712272192497825e-09,0.9994624952095451,0.0002461255029628241,2.2415701235807205e-10
1995-08-01,3,8.108768242303526e-06,0.0004655789628599927,2.440483100171345e-09,0.9992127708946078,0.0003135388960141827,3.772706624324789e-11
1995-09-01,3,1.2127333550616998e-05,0.00031972854745793497,7.229946419534789e-10,0.9994687856188653,0.00019935747695022074,3.001710056769535e-10
1995-10-01,3,6.032198249118939e-05,0.0017636114780249991,4.592689373960195e-09,0.9978557940998124,0.00032026760880338363,2.381284497066751e-10
1995-11-01,3,3.4324333227384466e-05,0.0011850794707751588,2.431985329563494e-10,0.9986045189546479,0.00017607568100146454,1.3170430542295827e-09
1995-12-01,3,5.0360892232537445e-05,0.007043267226422397,1.1177829128642503e-08,0.9906098666097175,0.002296494093561193,3.169560178345821e-13
1996-01-01,3,2.6954206499169096e-05,0.0009359419607974795,1.0953790198642669e-08,0.9987882267753919,0.000248865366620311,7.368924948320122e-10
1996-02-01,3,5.412516642061587e-05,0.00043017394878309213,2.6933551244126174e-09,0.9992919694582092,0.0002237283386453361,3.9453077881596653e-10
1996-03-01,3,3.3024487898520604e-05,0.0004226654860078789,7.144715271088837e-10,0.999393289979826,0.00015101797694909975,1.3548640713400108e-09
1996-04-01,3,8.808202580767216e-06,0.00024319763911533277,7.262019312985559e-10,0.9995281102845617,0.000219882901256777,2.462820594474653e-10
1996-05-01,3,1.635940004036139e-05,0.00027698058931022797,1.000772303648276e-09,0.9995766697013561,0.00012998845737311138,8.512357730051076e-10
1996-06-01,3,0.00024939366340192274,0.0030791532011224232,6.197406155544801e-10,0.9965687256535549,0.00010271401839077963,1.2843856307921404e-08
1996-07-01,3,0.005583670660435904,0.027122144181140253,1.3325494988877907e-08,0.967253231895214,3.912143536360959e-05,1.8185025729308569e-06
1996-08-01,3,2.4272530514979427e-05,0.00044709500833079623,4.089574416547931e-11,0.999428998492152,9.919084782599892e-05,4.4308018852908104e-07
1996-09-01,3,3.446403587400664e-05,0.0013676464071817093,3.0848941100361647e-10,0.9980600539021618,0.0005378353246067205,2.183976275540264e-11
1996-10-01,3,4.662249341188582e-05,0.0010919486230385879,4.081332739084326e-09,0.9983255635141162,0.0005358608022043459,4.859043692372419e-10
1996-11-01,3,0.00010784025100811017,0.004920606285113738,9.75334875408996e-10,0.99461214376153,0.00035940769488074237,1.0321680866710682e-09
1996-12-01,3,1.8860984909805726e-05,0.00035714147327920093,4.365274016254935e-09,0.9995184678283241,0.0001055200367178942,5.311644001360798e-09
1997-01-01,3,3.647478172987926e-05,0.001268031417360181,1.716467544406787e-09,0.9983160702440973,0.0003794213312320438,5.090071030584982e-10
1997-02-01,3,0.0004422356302723759,0.005072244745896241,1.0365978390809876e-08,0.994422310023499,6.285237158693585e-05,3.4686286562234013e-07
1997-03-01,3,0.00010105899735354252,0.0015284222650618323,2.732432827888155e-09,0.9982547902998351,0.00011572120840177962,4.496954756583615e-09
1997-04-01,3,0.00015354276482450682,0.007090498218335369,8.401992625246392e-10,0.9925818851845676,0.00017406328951898741,9.70248156966312e-09
1997-05-01,3,7.009795865534259e-05,0.00633037953936538,1.6039560060403209e-09,0.9926529878562298,0.0009465329356192169,1.0639865591038561e-10
1997-06-01,3,0.00019488032671901968,0.005115744691960483,5.799920942961069e-09,0.9945630293590993,0.00012623585056146088,1.0397170485368868e-07
1997-07-01,3,4.976843174976416e-05,0.0037081117230586807,1.595567472427647e-10,0.9956203383955236,0.0006217805728701493,7.170239530041173e-10
1997-08-01,3,5.1219117468213046e-05,0.0009867947365996904,9.461694745685759e-09,0.9989017151367049,6.025723141186914e-05,4.316208199002559e-09
1997-09-01,3,0.00012501664330818966,0.028612206133316158,8.546677383955492e-09,0.9683777935089195,0.002884975093755562,7.40776023017424e-11
1997-10-01,3,0.00013696063056361458,0.005856982404214851,1.145195283378047e-07,0.993331947393154,0.0006739926324779602,2.4201460368458775e-09
1997-11-01,3,0.0020300914986063614,0.012642553207025568,2.3550724129549658e-08,0.9852503941016729,7.656503557323259e-05,3.7260652076082747e-07
1997-12-01,3,0.00012518339307312517,0.009649985220885489,6.290217396172212e-09,0.9898903185582585,0.00033419447119592305,3.1206623779290825e-07
1998-01-01,3,8.032649043449808e-05,0.0014690269285289475,1.4446302751059042e-09,0.9983440047390046,0.00010663892623010865,1.4711887861671544e-09
1998-02-01,3,0.00011155745845309745,0.0018529726694191376,2.418163414884299e-10,0.997955332548459,8.01156506899117e-05,2.143124512394009e-08
1998-03-01,3,2.4610177091378718e-05,0.0006802946970503856,2.1985822680977614e-10,0.9990071111463603,0.00028797932589948026,4.433669302358807e-09
1998-04-01,3,1.57919364464174e-05,0.0005262271400093381,2.0364364733228187e-09,0.999339670724765,0.00011830627193024762,1.8902953981895756e-09
1998-05-01,3,0.00012578476449936574,0.0007498654913748242,6.602223061890835e-10,0.9990893516171403,3.495829156974082e-05,3.9175021117589285e-08
1998-06-01,3,3.763898395803386e-05,0.0005173595610543172,2.536879497875419e-11,0.9993984827598028,4.646183868213843e-05,5.68310648114717e-08
1998-07-01,3,0.0012226600675075553,0.0031151301596037424,5.823841604428893e-10,0.995644391756114,1.7059289663581377e-05,7.581445125025388e-07
1998-08-01,1,0.12660647634267302,0.8733601786719178,5.298335143042103e-09,3.323579207426845e-05,1.0389442569079913e-07,5.447807171946567e-13
1998-09-01,1,0.003505131948864585,0.9957948071096445,2.5477368982128832e-14,0.0007000591653116959,1.776186845638485e-09,7.252276393552925e-15
1998-10-01,1,0.010867440916407805,0.9878927556641354,9.390724181318143e-17,0.0012380394097083424,1.071021704674077e-10,1.7639025594897473e-06
1998-11-01,1,0.10483919100058421,0.8388690485339835,7.418928913790978e-16,0.056278060792072135,9.056938530758777e-09,1.3690616245951442e-05
1998-12-01,3,0.011594934852725293,0.2329072283852527,9.89021037790064e-15,0.7550558016696179,7.997212447128237e-06,0.0004340378798532722
1999-01-01,3,0.004001919635556805,0.10802461915832237,1.9844773303938405e-12,0.8877850688990157,1.5359249097607358e-05,0.000173033056056636
1999-02-01,3,0.0011003662936925238,0.005277628494199434,4.1345915830554556e-10,0.9935944229085831,2.669123763418431e-05,8.906524462710149e-07
1999-03-01,1,0.000905439693474934,0.9989809514995468,2.486381867856156e-13,0.00011348331751499936,1.2548494997683314e-07,4.184482578893015e-12
1999-04-01,3,0.0007471472421722033,0.18831494773371138,1.5598757464358778e-13,0.8109371038819145,4.126714474499274e-08,7.598749899190433e-07
1999-05-01,3,0.0009626766563605065,0.009524053596597842,3.9411910445853847e-13,0.9894776568420762,2.606714387960698e-05,9.54576051496998e-06
1999-06-01,3,7.13525184607856e-05,0.0026787018802084156,3.463166944443549e-11,0.9970331229719595,0.00021679501836367762,2.7576371016113413e-08
1999-07-01,3,0.00011025034323776924,0.001236262664692215,8.784020677346673e-10,0.9986227052098413,3.073119935449333e-05,4.9704563852988916e-08
1999-08-01,3,0.00023698839185255883,0.0061421804554755354,6.302778369107712e-10,0.9933222214163028,0.000298608604837187,5.010456239666832e-10
1999-09-01,3,0.002172406421723952,0.06256275924664154,5.300844680403952e-09,0.935221548390656,4.319375040284545e-05,8.68895791597621e-08
1999-10-01,3,0.0006021883386880692,0.014709823076916158,7.68132109525634e-11,0.9846423602941875,4.486915957057657e-05,7.59053927542024e-07
1999-11-01,1,0.02129847642481864,0.9785991021266528,1.6766156865054245e-13,0.00010241354513970672,5.100466071390573e-09,2.8029613561354335e-09
1999-12-01,1,0.001245960206143559,0.9987540391885742,2.3838894089716183e-22,5.652057221828798e-10,2.05670377854633e-17,4.0244594519150925e-11
2000-01-01,1,0.0007392943631816516,0.9947839261267805,2.7427026234884176e-21,0.0044767795094588555,1.939119058835195e-14,5.324761976993613e-13
2000-02-01,1,3.375533958648192e-07,0.9999996624465554,1.574435678111655e-39,3.472919775064929e-32,1.153792259814416e-34,1.559046146041246e-31
2000-03-01,1,4.332502705193685e-05,0.9999566740930234,6.747473948777506e-42,8.800835863184192e-10,7.454204331862028e-43,1.0163882592176239e-17
2000-04-01,1,0.004227651044118694,0.9957655742404204,4.412264366263906e-29,6.774178322071216e-06,1.0794391814041552e-17,5.370673508399276e-10
2000-05-01,1,0.0013167369886223957,0.9897632565342566,2.2832154144015425e-21,0.008920005139680364,9.032808006719691e-10,4.3399332489137717e-10
2000-06-01,1,0.000397223697941608,0.9996027760250729,1.5871302647004222e-21,2.770045026622375e-10,1.8644226483934662e-13,1.3903479956143463e-15
2000-07-01,1,0.0043321960454415906,0.9950182701135725,4.3009055452408244e-19,0.0006495210308638275,3.7698753636454525e-16,1.2809951532470875e-08
2000-08-01,1,0.00022527754966965435,0.999580609314576,2.035962054954666e-23,0.0001941098121444641,3.313382449118276e-09,1.0006653625009452e-11
2000-09-01,1,0.0018805688494579107,0.9687958781179289,1.7684074739338275e-13,0.029323532422477296,1.7117163867856798e-08,3.4928936256126884e-09
2000-10-01,1,0.00021395646205383883,0.9997843436045009,2.090612849662063e-14,1.6993879859683676e-06,4.637467183835273e-10,8.167991133730186e-11
2000-11-01,1,0.00019547467100721315,0.9998045253288168,7.939188432233069e-26,1.5081153034730908e-19,3.035679585372036e-26,3.501354415342847e-20
2000-12-01,1,0.0011937923902312292,0.916507983134136,1.3455037848079688e-28,0.08229822447543184,4.400028771604227e-22,1.6219045701791573e-14
2001-01-01,1,0.00567233998676411,0.9943276600131125,5.918497279362078e-25,3.791148780452326e-14,4.3823357438005846e-17,6.310845333403299e-28
2001-02-01,1,0.0060794109690162435,0.9939205890101896,8.25474824200672e-31,1.323754504272098e-13,1.5716508193877223e-29,2.0650563006402042e-11
2001-03-01,1,0.007065822249157058,0.9928967760655388,2.7685999807814395e-31,3.7401684573584414e-05,7.613700527545915e-20,8.067347717884656e-13
2001-04-01,1,0.0021167021999175563,0.9929944400599515,1.0846395484625995e-24,0.004888825364546005,3.077219694621533e-10,3.206792793109668e-08
2001-05-01,3,0.006087889482330506,0.38685387342691174,1.213433965097872e-14,0.6070549812954895,2.7628979267003274e-06,4.928973357650292e-07
2001-06-01,3,0.010377528091854908,0.03462007186685459,1.0014519182220875e-11,0.9503276266826571,1.004192900786374e-05,0.004664731419459215
2001-07-01,0,0.2842338700590808,0.7057309329656887,4.068258846605271e-12,0.00993503129812472,1.16891834356855e-06,9.899675455868184e-05
2001-08-01,0,0.39943159697416436,0.5862284829151077,1.5966030178747377e-12,0.012303528286709676,3.47349916088454e-08,0.0020363570872780484
2001-09-01,0,0.9753041947128002,0.02469579965153982,3.31768286826797e-15,5.582465902533347e-09,5.312940136375149e-11,2.2219882614888487e-25
2001-10-01,0,0.9954945349104524,0.004492388706779804,1.923561828549931e-19,8.762970145662211e-06,3.1328872483676416e-16,4.313412637059422e-06
2001-11-01,0,0.9959503689092017,0.002428688748220462,1.9461696590024982e-25,2.682494437638223e-07,8.470813281907975e-14,0.0016206740931871474
2001-12-01,0,0.2111332244484898,0.00025246216754146763,1.1927377793376464e-20,0.0004992249084182827,2.4776587527289987e-12,0.788115088473095
2002-01-01,0,0.039005457219289524,1.88061526627602e-05,1.1094857692280335e-20,1.661976594989823e-05,2.1211761788984594e-11,0.9609591168410416
2002-02-01,0,0.9065759003564317,0.0009746000130523869,8.734338109082883e-21,5.2407834198058956e-08,5.0365093026147556e-15,0.09244944722286876
2002-03-01,0,0.9906197089336416,0.009307768626483552,2.2438105112799844e-21,6.794694438601651e-05,1.32601025470815e-12,4.575494146902822e-06
2002-04-01,0,0.9948133368839258,0.005169737348942976,4.198843520796666e-22,4.462769640024009e-09,2.117292012674627e-14,1.692130456720115e-05
2002-05-01,0,0.38136711762967207,0.00040086971744342323,8.342134226272426e-22,2.0945648185067117e-05,1.3127641992944078e-15,0.6182110670047537
2002-06-01,0,0.982471771061573,0.0016141219975710993,1.966210248510153e-23,2.9353665660370314e-06,6.588691001428281e-13,0.01591117157376975
2002-07-01,0,0.9990302528204854,0.0009657316820980661,4.630978980848587e-19,5.94604354983003e-08,5.338388648947926e-13,3.9560362919777e-06
2002-08-01,0,0.3929667620153953,0.0008771133198777419,4.1123422201518394e-20,0.0001885581503541299,4.970757569409961e-13,0.6059675665140251
2002-09-01,0,0.9962298685466626,0.0028701828063915544,4.800957662681118e-20,2.087683958715979e-06,6.442680261014915e-12,0.0008978609565937617
2002-10-01,0,0.9892798868815339,0.0013573651680373617,4.953481827368308e-23,1.4603265773049288e-08,2.0049174385747324e-16,0.009362733347051524
2002-11-01,0,0.9954074887698893,0.004592319255893907,8.352997717887621e-35,5.968593757672847e-18,5.517659158058801e-28,1.9197412420946897e-07
2002-12-01,0,0.9974997271058471,0.0024964924505081797,5.932741423598616e-39,3.5379760692499145e-11,2.2943056213806145e-29,3.780408367403561e-06
2003-01-01,0,0.6519318804484288,0.0015491324071600532,2.9808629042549654e-30,0.0002353860617510165,8.131425859327819e-17,0.34628360108283246
2003-02-01,0,0.48779879263355086,0.0010854820912133962,1.5809319600015005e-23,0.00048603696222629844,5.228717229279932e-10,0.5106296877902318
2003-03-01,0,0.9702458850961962,3.624235064044362e-05,1.2884081974397156e-17,1.2438288534456095e-07,4.73715475895006e-13,0.02971774816996611
2003-04-01,0,0.7655135715824704,0.0009490087760367743,6.555876565414866e-23,9.671137236596196e-08,2.9027196978143743e-16,0.23353732293002694
2003-05-01,0,0.9679247760164528,0.021359936036271943,9.233781998009679e-29,2.7113463148197468e-08,1.2461311857632176e-17,0.01071526083386595
2003-06-01,5,0.25578659997460435,0.00021843903370887254,3.968248296299442e-25,0.0010562028586880645,5.572105413824661e-14,0.7429387581327794
2003-07-01,5,0.038983293333590685,3.2182936565701096e-05,2.6185388049493076e-22,0.00011824634006479768,1.3524097484528901e-10,0.9608662772544689
2003-08-01,5,0.000946219980238904,5.80516191206641e-07,2.6130181184740264e-20,6.300918766480142e-05,4.081778292457093e-12,0.9989901903116017
2003-09-01,5,0.011239145054146825,8.197877814118472e-08,1.1806625990996861e-19,0.0002360917032630334,4.6963177516410405e-11,0.9885246812169005
2003-10-01,5,0.002494715875080135,6.706210467066388e-07,4.150161104753639e-20,0.00019535942757042485,7.288458061097835e-11,0.9973092540032575
2003-11-01,5,0.000554777375070274,3.960149053694529e-08,1.5185042989636053e-19,0.00012052746308714845,3.017240183641564e-11,0.9993246555301633
2003-12-01,5,0.0023413879001817554,1.4467375258307336e-07,6.618866116150289e-20,0.00027302353065429417,5.800886972759138e-11,0.9973854438374198
2004-01-01,5,0.00047806397311712603,3.199330461549012e-08,4.631521507603265e-21,1.151181388392513e-05,1.3694056774037661e-12,0.999510392218485
2004-02-01,5,0.003087502398414189,5.1861127779714224e-08,1.6947833656950752e-21,6.922823759902832e-05,1.1951996645338582e-12,0.9968432175016438
2004-03-01,5,0.0004926544737229681,3.147384066541066e-08,1.3742272893770178e-21,3.781677984083505e-05,2.8834045545482564e-12,0.9994694972695015
2004-04-01,5,0.48989174100823535,2.2645876566877785e-06,1.491848276196491e-17,0.0015886417268081447,4.953430407839985e-10,0.5085173521818139
2004-05-01,5,0.07219784364998529,3.274733453707257e-05,2.444508059325444e-18,0.0005445108468557146,8.590506877811475e-10,0.9272248973096289
2004-06-01,5,0.012478502260176947,1.7298670889223469e-06,1.0353066386386568e-17,0.0001890765960703752,1.7063239185712179e-10,0.9873306911061457
2004-07-01,5,0.06534010783475774,2.303840973976157e-05,1.1786865127037328e-18,1.0766921540484137e-05,4.9573606772215274e-12,0.934626086828977
2004-08-01,5,0.007959723918428271,2.4248588411299835e-06,6.968414284761355e-20,0.00015943596963388987,6.1040657679337586e-12,0.9918784152469309
2004-09-01,5,0.30900592450685255,0.0006338626356846599,4.210848419003291e-18,0.021211824993456366,8.000012550973344e-09,0.6691483798638145
2004-10-01,5,0.029864711827684454,5.5677456041982846e-05,9.572321486880134e-17,0.00590208334704544,5.783152737725343e-08,0.9641774695377268
2004-11-01,5,0.16954843749661383,0.00020431048419032035,2.6471261418329143e-13,0.09930203106658807,1.2443526472068632e-06,0.7309439765996762
2004-12-01,5,0.011857680008343422,1.9961309900889246e-05,4.665301548997822e-14,0.001903659989780872,1.7157484718489932e-08,0.9862186815346035
2005-01-01,5,0.14310764078823027,0.0001313179305917359,3.400563574935009e-14,0.012216246117955264,7.279807317522777e-08,0.844544722365092
2005-02-01,5,0.22922655076642634,0.0006801421762526076,5.70260045105245e-14,0.09138494285855744,1.2032822997367792e-06,0.6787071609163746
2005-03-01,5,0.11201993972236134,0.001453122239244535,1.850896477345253e-12,0.28302670762652793,3.0092692950435085e-06,0.6034972211409062
2005-04-01,5,0.024896952209010968,8.216724084648924e-05,5.548451570832099e-13,0.013558647871365327,1.6563108446359373e-07,0.9614620670470514
2005-05-01,5,0.002920698979236575,2.236359417749059e-05,6.36722055779157e-15,0.013829443609782019,9.568611542196202e-08,0.9832273981306545
2005-06-01,3,0.010993709906216072,0.00011385736201024955,1.7774025337346572e-13,0.14796780185223685,2.5175374544809904e-06,0.84092211334187
2005-07-01,3,0.006856489237302823,0.0007098638671065599,2.811066264393648e-12,0.9875772365950579,4.671623647203743e-05,0.0048096940613779745
2005-08-01,3,0.010312145740305123,0.25422821653298616,8.793780956403236e-10,0.7350843323653691,0.00037459900403928186,7.054779595141559e-07
2005-09-01,3,0.0005079753895589457,0.0027017108510059926,3.059673989460051e-10,0.9967350344666135,2.070433760144994e-05,3.457464919176953e-05
2005-10-01,3,0.1489417459330022,0.027530239393131962,2.0663068962792104e-09,0.8234913073509262,2.9070801511395606e-05,7.634454934426961e-06
2005-11-01,3,0.0023244706782623446,0.0006928726944393167,6.297782715462275e-12,0.995100822252045,1.696809357588103e-05,0.001864866275554503
2005-12-01,3,7.944064444202153e-05,0.0003662410752472804,9.020392359622545e-12,0.9994786475751225,4.039023826887906e-05,3.528045783352282e-05
2006-01-01,3,5.365094198608248e-05,0.0006838976685078499,3.789739781375623e-11,0.9990369273101241,0.00022551789837297261,6.143196358044113e-09
2006-02-01,3,0.0008303390093866766,0.001481562882081051,1.3413289518359572e-09,0.9976724997567986,1.3751163228569366e-05,1.8458472671634725e-06
2006-03-01,3,3.4291969976899915e-05,0.0005395363588751417,1.1837957481435648e-11,0.9993458938186794,8.017934314210695e-05,9.849745001319277e-08
2006-04-01,3,8.521571828597924e-05,0.001226733941552656,1.2823341600085858e-10,0.9985870078632997,0.00010103494724281729,7.4012643637349555e-09
2006-05-01,3,6.766545818360986e-05,0.0007032180240271198,1.22687401272808e-09,0.9991725650468684,5.6537102469762565e-05,1.3141552784649013e-08
2006-06-01,3,3.435166006303206e-05,0.0003940686641321818,1.347294851970291e-10,0.9995045080508137,6.705974276515483e-05,1.1747292418653472e-08
2006-07-01,3,5.503667852643628e-05,0.0008278434697248006,2.2480371319021533e-10,0.9989532739115351,0.00016384222356706783,3.491763778937372e-09
2006-08-01,3,0.0001410076683874846,0.0017603608314582689,6.550741549034998e-10,0.9980613092395354,3.728477617278146e-05,3.682951247999724e-08
2006-09-01,3,0.00031910618321686533,0.0018570115029796234,2.860365766736504e-10,0.9977876576107408,3.608506697729164e-05,1.393500186884935e-07
2006-10-01,3,1.565972093508591e-05,0.00028809272199375443,3.077490402099326e-11,0.9995973301256603,9.888746255525537e-05,2.993829435924503e-08
2006-11-01,3,2.921466412229386e-05,0.001226363438011606,2.5101819757274894e-10,0.9984803446728112,0.00026407680876511187,1.6541456844626585e-10
2006-12-01,3,7.683262800745676e-05,0.0007141753062043318,2.043810258707967e-09,0.999164800876762,4.41280181082691e-05,6.112698418757105e-08
2007-01-01,3,1.0633296365745185e-05,0.0001899012384155568,1.0271899699929704e-10,0.9997121811660116,8.72775297052219e-05,6.6667008496698276e-09
2007-02-01,3,7.365132870396424e-05,0.0014915781245758274,5.104453270056182e-10,0.9982175093815888,0.00021726041821599882,2.3636668508906833e-10
2007-03-01,3,2.0868564372763073e-05,0.000618180616914025,5.143500738961607e-10,0.9992364852432765,0.0001244627408988102,2.3203648936083336e-09
2007-04-01,3,1.5375866569623386e-05,0.0004168623318420044,3.0814803202383393e-10,0.9993699857692563,0.00019777520379433866,5.205693311494901e-10
2007-05-01,3,0.00014069321021555962,0.0017187575776657106,3.3342922209291005e-09,0.9978536529156715,0.00028689186850476214,1.093459484248809e-09
2007-06-01,3,4.2790167916415285e-05,0.0007260535904434278,1.0965302187859537e-09,0.9991247261888778,0.00010641491438681976,1.4041833070099772e-08
2007-07-01,3,0.00032956376550969123,0.00807437136552096,9.784104968136476e-09,0.9906317643452057,0.0009642904716203046,2.6811639594406544e-10
2007-08-01,3,0.05163210458761293,0.331379656430554,4.208676979803182e-06,0.6051532775252983,0.011830752779702677,2.4739434150286206e-19
2007-09-01,3,0.003438721399631375,0.07339227662490674,7.63233935081863e-09,0.9229227920101548,0.0002392001897566545,7.002143081900803e-06
2007-10-01,3,0.00030716856854335223,0.008810795023911664,1.343387923021421e-10,0.9907933312151649,8.751174996129421e-05,1.1933080480115756e-06
2007-11-01,0,0.3642433671458298,0.5024999997977259,1.281423913770402e-07,0.13287171073930698,0.00038479417455498607,1.1225274728152831e-19
2007-12-01,0,0.17564297018113906,0.16798956647455787,1.8191977818958706e-09,0.6494260375185626,2.0079320957426918e-05,0.006921344685811522
2008-01-01,0,0.97827619650175,0.021713895924156693,7.4079010952730325e-09,2.1466857373941298e-07,9.685497810561612e-06,1.3810549968762252e-41
2008-02-01,0,0.9875681244409351,0.012192406831384183,2.731419751016563e-12,0.00019796019844315547,4.376500052443933e-09,4.1504150057713035e-05
2008-03-01,0,0.9978547358419328,0.0012608359236747021,3.263548964801061e-16,5.087354482889299e-06,5.68583267346813e-12,0.000879340874047567
2008-04-01,0,0.9932951166822014,0.0058841906536249424,5.7937679167793285e-18,9.387408298809448e-05,2.021028617945886e-10,0.0007268183792850067
2008-05-01,0,0.9914935861544751,0.005222517068333638,2.6859296255504785e-16,0.0031909590463671577,1.650776651537975e-08,9.292122310529399e-05
2008-06-01,0,0.983795356370728,0.013818286010899393,6.2313934266319164e-15,2.846463457581392e-06,7.046607428842592e-11,0.002383511084241159
2008-07-01,0,0.9996213684138874,4.672792915929035e-05,1.0774970224286235e-19,1.7820400110589282e-08,1.0274576676854171e-16,0.00033188583671894394
2008-08-01,0,0.5924525310484036,0.00014219881568317713,4.1154380718426915e-24,6.497350502905535e-07,6.302967089791859e-15,0.4074046204007451
2008-09-01,0,0.9999910832618392,8.916733318884499e-06,1.638715028070076e-23,6.33447780273326e-14,2.5335108641191654e-21,4.738789073023036e-12
2008-10-01,0,0.9999999992496669,7.50477134700623e-10,5.49668434911754e-37,5.835257391539253e-32,1.257175994398346e-41,5.135226673184123e-25
2008-11-01,0,0.9999991721900885,8.277940868348526e-07,3.1882678385363594e-46,7.386301635293446e-16,5.402414637317063e-45,1.5637792983050387e-11
2008-12-01,0,0.9999885799822532,6.006313641656158e-06,9.824443334705734e-38,1.179033199223522e-12,2.36031609988568e-26,5.413703052147036e-06
2009-01-01,0,0.9473953494889291,0.0005730822612071451,5.6963234921718065e-33,4.123482417162012e-11,2.0561401197271705e-22,0.05203156820846614
2009-02-01,0,0.9827821525214971,3.321924465164366e-05,2.802453088976382e-30,4.2601719522614504e-08,3.8978571912314456e-20,0.01718458563212988
2009-03-01,0,0.5858345511633053,0.0009415271733721032,2.8502162504188265e-31,2.7612124523561034e-07,4.1029453047040237e-16,0.4132236455419154
2009-04-01,0,0.7949169643711835,0.0006813500116316086,9.76740419369943e-27,1.2331316680573094e-07,1.7409960072611036e-16,0.20440156230394066
2009-05-01,0,0.9946935508354879,0.0038564512787004216,1.649392999386601e-26,1.6499728488545582e-07,1.847299458485836e-16,0.0014498328886774123
2009-06-01,5,0.30778241066371065,0.0005061785224315036,5.021573750255911e-24,7.213666642980793e-06,1.986372034261112e-14,0.6917041971469681
2009-07-01,5,0.022264541165524676,6.246299833147572e-06,1.38139889674229e-25,2.3771103000491734e-06,1.8089588396479765e-14,0.9777268354242099
2009-08-01,5,0.00124032506114984,9.842607137980792e-08,2.288363450603876e-25,2.6678126619113437e-06,3.70167051365196e-15,0.9987569087003385
2009-09-01,5,0.00027908921394490985,2.039044107496501e-09,9.445493132952912e-26,6.702185755586304e-06,1.3587719180753312e-14,0.9997142065612495
2009-10-01,5,0.003464793235420296,9.340842842841529e-09,5.997927556291679e-24,1.4883101137899228e-06,1.1721875113326012e-14,0.9965337091133909
2009-11-01,5,0.0008025105083953868,2.33418561602074e-08,2.3517430696967765e-25,8.38962259921734e-06,1.1576605467429106e-14,0.9991890765270622
2009-12-01,5,0.003995282755089894,1.4110287038612125e-08,3.270895463923443e-23,9.971642376040564e-05,1.9080133119590957e-12,0.9959049867089907
2010-01-01,5,0.03499887581509158,1.0167697944778963e-07,3.055511585370036e-20,7.405151009531055e-06,3.206084279539759e-12,0.9649936173539115
2010-02-01,5,0.0007050060675893003,1.3088331797318035e-07,6.402005315484485e-23,1.212365486301873e-05,5.583733440998141e-14,0.9992827393941449
2010-03-01,5,0.00045783128149324014,4.219422159840584e-09,3.288029522908042e-24,2.232799177954223e-05,2.9766902952478885e-13,0.9995198365069233
2010-04-01,5,0.00018282993038113872,6.894152911324632e-10,1.147551008798792e-23,1.0903421265353466e-05,1.591922334945379e-13,0.9998062659588719
2010-05-01,5,0.5745254058894967,8.683344267455068e-09,3.745633167422013e-21,1.0345434809605867e-07,6.9955365077531726e-15,0.4254744819729937
2010-06-01,5,0.20544745444302973,2.098461153356874e-05,6.31326672081844e-23,1.3881448306189326e-05,5.194990530775376e-15,0.7945176794973504
2010-07-01,5,0.008188081124277909,3.7975636467684443e-06,3.6659304616487707e-26,4.628549044832846e-06,5.52963875640797e-14,0.9918034927628937
2010-08-01,5,0.0023965693980276264,1.2521663743150161e-08,3.559682893587568e-23,1.3611183458979118e-06,7.794916311651519e-15,0.9976020569620095
2010-09-01,5,0.002878045332082754,3.316718065081777e-07,3.008857612890489e-26,6.050936081217393e-06,7.0611928744779896e-15,0.9971155720599207
2010-10-01,5,0.0003259428325001583,7.262539917416162e-09,3.0735319365956084e-25,1.3271972333163665e-05,6.77057550245166e-14,0.9996607779326925
2010-11-01,5,0.00021967273083833442,3.170354680309195e-10,3.667348093234724e-24,6.755431668663303e-06,5.1650724525424506e-14,0.9997735715202517
2010-12-01,5,0.0027409288872746614,5.306567651755301e-08,3.35608214017444e-25,8.564802106646002e-06,3.93220626803656e-14,0.9972504532448607
2011-01-01,5,0.00018373266348233782,5.8160043823122525e-09,2.1288056700210307e-24,1.4752437051544548e-05,8.675776383873176e-14,0.9998015090832271
2011-02-01,5,0.00024572368028249184,1.0057776286795486e-09,1.7146021209179892e-24,1.3137627530212977e-05,9.938628741317974e-14,0.9997411376865143
2011-03-01,5,0.00041528198744707873,7.361002989767737e-10,1.1440839276645993e-23,7.906642383505349e-06,7.58101520458022e-14,0.9995768106338222
2011-04-01,5,0.00047579464161789177,1.5524029647774125e-09,2.9927672630969313e-24,1.1628996160377622e-05,7.151270556521153e-14,0.9995125748098576
2011-05-01,5,0.0018202543269540366,5.103784543166921e-10,1.8595606899397056e-23,9.949082443674887e-07,2.01022169937273e-14,0.998178750254259
2011-06-01,5,0.0011920122239303596,1.0295500645448102e-09,3.013681779085838e-24,6.41638696201722e-07,7.981097032683044e-16,0.9988073451078079
2011-07-01,5,0.0013808040324973792,4.704681100215224e-09,2.6251930790550555e-25,2.8371691640043856e-06,2.5433557055824826e-15,0.9986163540935832
2011-08-01,5,0.012776006647780435,1.776807464664022e-08,3.093620070803518e-24,9.957805378766216e-07,5.1521119884441285e-15,0.9872229798033981
2011-09-01,5,0.17742407780056782,9.828569264021461e-08,7.789559659962691e-24,1.2953375748073551e-08,4.2460692972902e-17,0.822575810960272
2011-10-01,5,0.14196468276844804,0.00034635174255119203,1.92055907425761e-30,1.0114309729009861e-07,1.0441449150098287e-18,0.8576888643459106
2011-11-01,5,0.0022158530313872646,1.3480101509933112e-07,7.311302960656668e-29,3.0310602001377167e-06,2.7221719212355304e-16,0.9977809811071723
2011-12-01,5,0.000206949854670659,7.678690979860672e-10,1.2705600760615504e-26,2.727197825738343e-06,6.791598609660541e-15,0.9997903221795033
2012-01-01,5,0.00014413934643234475,4.353140470854354e-10,4.3014722390523175e-26,5.0977304499893905e-06,8.106571774652211e-15,0.9998507624875758
2012-02-01,5,0.00034661510941050565,8.551464823559489e-10,2.7512228769702456e-25,1.8181052853424136e-05,6.65740968777351e-14,0.9996352029825873
2012-03-01,5,0.00011603746701512008,2.91031064492592e-10,4.416279338053148e-24,4.399831118382155e-06,8.282987990747957e-14,0.9998795624105382
2012-04-01,5,0.00022185308687090404,6.475631502527597e-11,5.348933984798253e-24,2.9992217127082496e-06,1.1759270701577121e-14,0.9997751476267203
2012-05-01,5,0.08414707210952509,1.957758766971842e-09,2.04801438456537e-23,2.6513055401599054e-08,2.5709765778131446e-16,0.9158528994197724
2012-06-01,5,0.0005572722232302807,6.754328766042417e-08,4.1950055777818006e-27,5.2976575928890445e-06,9.655055414976165e-17,0.999437362575904
2012-07-01,5,0.0004826523986740659,2.267139772518805e-09,7.31232162751253e-27,1.1550849005147462e-05,4.697434114064226e-14,0.9995057944853353
2012-08-01,5,0.00037044601491517074,3.12297750756787e-09,9.12268915845802e-25,1.0891443123604504e-05,5.963663841533017e-14,0.9996186594191129
2012-09-01,5,0.00012104565544811632,2.31372438132604e-10,1.4190978239325856e-24,4.272563788318626e-06,2.8090234274927806e-14,0.9998746815494808
2012-10-01,5,0.00024788463816197425,7.853095109974317e-11,5.9526483138111334e-24,2.0795490145478947e-06,6.570115788352102e-15,0.9997500357341249
2012-11-01,5,0.0002722136128886903,2.875840944265271e-10,2.7881468316316926e-25,4.8965637192952215e-06,6.013569441755141e-15,0.99972288953601
2012-12-01,5,0.00023462893845697187,2.7170206609990744e-10,1.781967045437304e-25,3.762968211996398e-06,9.071204871810808e-15,0.9997616078217524
2013-01-01,5,0.0002511987311521028,2.3272397053945872e-09,3.217949333498121e-25,1.0345349174774274e-05,3.5543240786657386e-14,0.9997384535922197
2013-02-01,5,0.00014748280911510905,9.363976820505811e-11,1.929760515442947e-24,2.2636492615463596e-06,1.9926232734163597e-14,0.9998502534481045
2013-03-01,5,0.00017404260156011426,1.6684789761702118e-10,6.490548281731089e-25,8.651614765076557e-06,1.674306938285399e-14,0.9998173056170031
2013-04-01,5,0.0002587284572855584,7.975494343482193e-11,1.2096551483073999e-24,2.407714528412832e-06,2.0603425988250163e-14,0.9997388637485112
2013-05-01,5,0.00023181344871904782,2.05549007501704e-10,2.3553952420394073e-25,1.8042913201979843e-06,2.156412561750237e-15,0.9997663820544278
2013-06-01,5,0.0001705476181964812,1.1246853465099311e-10,1.8984326229772743e-25,3.927342556639633e-06,4.621622011011622e-15,0.9998255249268974
2013-07-01,5,0.00021100140085171236,7.151404779345096e-10,4.3653532844873625e-26,9.291007949392414e-06,2.411036762651683e-14,0.9997797068759173
2013-08-01,5,0.000594886208478547,4.182344394901461e-10,4.4542593367628665e-24,4.517994929775889e-06,2.53512584294893e-14,0.999400595378554
2013-09-01,5,0.00022026483430375717,3.9808958473241305e-10,8.78018802409973e-25,3.3472188991614554e-06,1.2952593865569892e-14,0.9997763875487902
2013-10-01,5,0.0006993415261269425,5.486722062137766e-10,1.3643320410964967e-24,5.4452299676198654e-06,2.7393484403755765e-14,0.999295212695335
2013-11-01,5,0.00012374742378635972,3.7191539182365235e-10,7.350632248258731e-25,5.357772835080459e-06,2.2486132653230084e-14,0.9998708944315284
2013-12-01,5,0.00013373666155307615,9.89979900468064e-11,3.705252621063693e-25,5.748874493212545e-06,1.7124261756619144e-14,0.9998605143647884
2014-01-01,5,0.001886669387599909,2.8839964891879728e-09,3.888154006128052e-23,4.7922822228264745e-06,2.2947491891479573e-14,0.9981085354461575
2014-02-01,5,0.0002151870315810655,3.849169824961018e-09,1.942817535258691e-25,6.753166312988082e-06,1.9026055656513133e-14,0.9997780559529176
2014-03-01,5,0.0002555608621763178,1.195413914896813e-10,1.1267063202513517e-24,2.889873112754854e-06,1.7310929558022462e-14,0.9997415491450574
2014-04-01,5,0.0006239990730676238,3.5556790772459037e-10,1.4670200896567425e-24,1.4011278854529306e-06,4.462482182751455e-15,0.999374599443314
2014-05-01,5,0.0001302862959189047,2.8748733672846816e-10,1.1928297708410291e-25,4.673468783385307e-06,4.4841820388751694e-15,0.9998650399477556
2014-06-01,5,0.00015626378927330298,1.3819203336513168e-10,5.922634742091599e-26,4.218816897955489e-06,9.407489519953282e-15,0.9998395172554567
2014-07-01,5,0.0006302288516314879,5.816705388762829e-11,1.315418071627085e-24,7.953046773211518e-07,3.277023383300563e-15,0.9993689757855093
2014-08-01,5,0.00013700623166369898,4.6322709009542617e-10,7.989866326120447e-26,4.843358253864776e-06,3.1199871146640184e-15,0.999858149946634
2014-09-01,5,0.0005607374527572676,5.401656664442423e-11,4.536951897159985e-25,6.813612910167188e-07,3.876171661689682e-15,0.9994385811319684
2014-10-01,5,0.00027511381174714645,3.515910724038857e-10,3.6567402211327574e-25,2.165668450280761e-06,1.6518087121707817e-15,0.9997227201682096
2014-11-01,5,0.006011398262499024,1.3767371334395094e-09,2.019458014127217e-24,1.2225304749012966e-06,7.675626069663728e-15,0.9939873778304992
2014-12-01,5,0.026867106988915344,3.334636311183603e-08,2.831826472804268e-23,1.9210571360969464e-07,5.270957955574844e-16,0.9731326675590027
2015-01-01,5,0.006401252185037223,4.625807580476632e-08,2.367713633848143e-25,9.301023536412359e-07,3.5394800316205445e-16,0.9935977714546804
2015-02-01,5,0.001102819051128911,1.3378933380778506e-07,1.4908019347305731e-27,4.7265904736981435e-06,2.5321319146265265e-15,0.9988923205691761
2015-03-01,5,0.0004179931685834463,4.242949723015589e-10,3.491775618860683e-25,1.2011806739356255e-06,5.7540967478975594e-15,0.9995808052262317
2015-04-01,5,0.005155950127599442,8.83679356625849e-08,1.027160471872826e-24,8.918487418088397e-06,7.129622278593084e-15,0.9948350430169786
2015-05-01,5,0.00011804615634988798,3.2845321215624573e-09,3.8053014834056004e-25,3.5099306054332663e-06,2.2169980253208635e-14,0.9998784406286401
2015-06-01,5,0.0002084226946276373,7.187106088372726e-11,2.0657903638436437e-24,4.4286419701168844e-06,1.037200527447056e-14,0.9997871485917303
2015-07-01,5,0.013378261938918168,4.719823326796955e-09,6.607652238126903e-23,1.867495521127588e-07,4.569118760260169e-15,0.9866215465915821
2015-08-01,5,0.009824549755098092,1.3277269409184163e-07,1.2965407794788294e-23,3.732938596406511e-06,6.452286461217203e-16,0.9901715845335818
2015-09-01,5,0.0036360044122073403,2.964915984870682e-08,2.1050150579449143e-25,7.530923788118662e-07,5.480334209418295e-15,0.9963632128462374
2015-10-01,5,0.0010727556791516831,3.158466465861992e-08,1.681543014202134e-25,9.269256288988549e-06,7.197976352814733e-15,0.9989179434799339
2015-11-01,5,0.0013000588714811598,2.97759081747212e-09,5.981293537751318e-24,1.8941393732254471e-06,2.0136794913482636e-14,0.9986980440115895
2015-12-01,5,0.0008578627398910129,8.275499645198761e-10,9.186859338496456e-24,8.346699492586904e-07,2.031389818038083e-15,0.9991413017625023
2016-01-01,5,0.22626935906256745,1.574850498128766e-07,1.3945330975259283e-22,9.09145852274346e-06,1.3202679553610308e-13,0.7737213919936314
2016-02-01,5,0.00815583922433629,5.955455019760971e-07,2.912195897177434e-23,2.1699010329360143e-06,2.642776470498737e-14,0.9918413953289813
2016-03-01,5,0.0024023198624829635,3.9274315755559795e-07,6.436542859939841e-25,9.21232161248446e-06,1.9523872166898773e-14,0.9975880750728399
2016-04-01,5,0.013157988686370848,1.980945496675756e-06,4.141001304712399e-24,3.11458844133299e-05,1.7731495992824336e-13,0.9868088844834982
2016-05-01,5,0.00033402843851868924,3.455965751294501e-08,2.1287733149892186e-23,2.157021028702012e-05,4.985946788280772e-13,0.9996443667908756
2016-06-01,5,0.002484729728844498,4.845013497778489e-09,4.378288834659392e-22,5.2800140154952215e-05,1.5867617433721198e-12,0.997462465284457
2016-07-01,5,0.004106169076783405,1.8951455302318303e-08,3.1885903725539186e-21,4.6294982352279255e-06,7.018565977935689e-13,0.9958891824726263
2016-08-01,5,0.0006321296494091194,1.739914036267628e-08,6.688348110426064e-23,1.306686178065117e-05,2.8918187725792185e-14,0.9993547860898445
2016-09-01,5,0.0005391294209838924,5.981591928745498e-09,3.274237432121756e-24,2.031844948771518e-05,1.290613252185802e-13,0.9994405461479912
2016-10-01,5,0.00031769478151390793,4.1784345676231136e-10,2.4137448509639633e-23,4.986634697628034e-06,7.490020228720796e-14,0.9996773181659163
2016-11-01,5,0.0008002788367439476,2.5556601418990496e-09,2.728667868050278e-24,1.771626570247941e-05,5.994732929736759e-14,0.9991820023419021
2016-12-01,5,0.0004359926938185931,4.964098382604443e-09,1.1445389837195797e-23,2.8415295543963456e-05,4.332611370233856e-13,0.9995355870462144
2017-01-01,5,0.00013734232781823476,4.651990944825728e-10,2.745331195327958e-23,1.1365882320062722e-05,1.958093350490237e-13,0.9998512913245159
2017-02-01,5,0.00015132752770678635,2.8682860562913633e-10,1.6515607124447592e-23,2.399540394846919e-05,2.1397603028292534e-13,0.9998246767813694
2017-03-01,5,0.000867418067654225,4.4058381558318614e-10,1.8098065792588808e-22,1.867223230916919e-05,6.130199307260165e-13,0.9991139092586948
2017-04-01,5,0.00020490946067251904,1.0103913541938149e-09,1.0945568639338837e-22,1.1413068820355812e-05,1.9171238674297137e-13,0.9997836764600966
2017-05-01,5,0.0002439478910977885,4.406429272707756e-10,7.284331598922618e-23,2.705065613612465e-05,3.279481551550959e-13,0.9997290010115749
2017-06-01,5,0.0002248550766540788,7.239695487518365e-10,6.858983797871494e-23,1.5415048771120003e-05,2.205048807444656e-13,0.9997597291503847
2017-07-01,5,0.0002731810700491948,2.0020403756382848e-09,4.4636269302100223e-23,6.793280564618336e-05,7.074534955169601e-13,0.9996588841214916
2017-08-01,5,0.00021935581786747342,9.906749346359245e-10,3.3137228402213375e-22,3.697557929630216e-05,1.5238368321844488e-12,0.9997436676104291
2017-09-01,5,0.00035671798421532756,4.224703329772689e-09,6.800181343364455e-22,0.00014512036281579585,3.3605475082711603e-12,0.9994981574246824
2017-10-01,5,0.0003900930287661466,6.4311088959840065e-09,2.3735655303974415e-21,0.00013582806310629214,1.5727819546746847e-11,0.9994740724611546
2017-11-01,5,0.001936850505839927,2.0631559771562213e-08,4.529976457637329e-20,0.0001279600871797976,2.742831861087453e-11,0.9979351687478537
2017-12-01,5,0.0005322941059957042,2.8533674114156025e-08,3.282171489393903e-20,0.00017343711728473336,1.803424443218572e-11,0.9992942402250741
2018-01-01,5,0.0010765253829774057,5.5444736653395074e-08,2.5965066863615083e-20,0.0005359188934575309,1.0489150568421769e-10,0.9983875001737283
2018-02-01,5,0.008179146720116692,8.448337155461428e-08,4.378779180345673e-18,0.00010186452639924,6.78480835656569e-11,0.9917189042021665
2018-03-01,5,0.0008454234245263037,2.3213160761472517e-07,7.369402707114531e-19,0.00033380511777148463,3.4238051869120565e-11,0.9988205392918189
2018-04-01,5,0.0038008269224003286,6.72244439399919e-07,1.185165689152976e-18,0.0029095851824635665,9.276594125327364e-10,0.9932889147232362
2018-05-01,5,0.0003720112185817605,2.8560471657764595e-07,1.751835393387716e-18,0.0005510195709525621,1.0812930385338887e-09,0.999076682524316
2018-06-01,5,0.0002977140541103591,1.6297280022168914e-08,5.095788080482609e-18,0.000355314005850899,1.8167711569277393e-10,0.999346955461013
2018-07-01,5,0.0009944914144463378,2.4669118449359517e-08,1.9610609543863696e-18,0.00026686712746982864,1.0809288024980356e-10,0.9987386166809035
2018-08-01,5,0.00042839673978782475,4.8901994504606466e-08,2.3028566773559567e-19,0.0004643526096234916,1.1636161640047191e-10,0.9991072016321273
2018-09-01,5,0.0008455820164665503,6.109951266906419e-08,1.303075714660894e-18,0.0007464648580402888,2.861890671527704e-10,0.9984078917397629
2018-10-01,5,0.015420577343788634,4.777519525014534e-07,8.708298888565989e-17,7.536371884595019e-05,9.32126109512716e-11,0.9845035810922882
2018-11-01,5,0.004644600362518678,9.018659023401341e-07,3.102419233841279e-18,5.38294704261534e-05,4.4453696599795034e-12,0.9953006682967298
2018-12-01,5,0.8519220395072651,3.399675605104119e-05,1.0204527206285502e-16,7.316708648427628e-05,5.740562990764266e-11,0.14797079659287998
2019-01-01,5,0.7841531820431416,0.018426113725328878,1.2985895822643612e-18,0.0012635911599498928,2.0908015837800614e-09,0.19615711098094332
2019-02-01,5,0.08334559811146362,0.0007426348285340709,6.244223859698498e-17,0.006408287422236007,1.0715412049344051e-08,0.9095034689224124
2019-03-01,5,0.009416000750241594,3.303595204581576e-05,6.157342964241362e-16,0.008303284142342934,4.66811119787319e-08,0.9822476324742967
2019-04-01,5,0.0014758750652419058,6.077050633238754e-06,1.4173702260007223e-15,0.006844062102999498,4.410349795107252e-08,0.9916739416777764
2019-05-01,5,0.10113118908982888,6.618017641501472e-05,2.6126700308090916e-13,0.0007215540908743204,9.072197020495701e-09,0.8980810675704669
2019-06-01,5,0.3477341054116757,0.001979715006084282,1.658524855073977e-15,0.03311316437503565,8.573097391805e-08,0.6171729294760757
2019-07-01,5,0.00891982832219509,2.685899474929766e-05,3.664534531757721e-15,0.011589085459479084,8.575067601813071e-08,0.9794641414730061
2019-08-01,5,0.053274623809764735,2.3104363208751467e-05,5.3130427854468197e-14,0.005249962246179175,6.18039285414172e-08,0.9414522477769182
2019-09-01,5,0.003376602280736838,5.327878825615538e-06,1.4161130066170356e-15,0.001080970621487796,4.372249813969552e-09,0.9955370948466347
2019-10-01,5,0.02918304918816827,7.264473226003434e-06,9.201936391993602e-16,0.009678782343747765,1.8614339446311476e-08,0.9611308853805831
2019-11-01,5,0.0010543803526718552,8.94177359069157e-07,4.183959219786736e-18,0.000150840643345225,3.318705089242798e-10,0.9987938844946699
2019-12-01,5,0.0008246119100078525,1.3911180839034878e-07,8.278892529915223e-19,0.0006429245810970955,9.260654323959159e-11,0.9985323243040952
2020-01-01,5,0.0028267111276798506,2.8448339250931666e-07,7.396780192068197e-18,1.923951948202848e-05,3.4891343491037186e-11,0.9971537648349288
2020-02-01,0,0.9999690284906643,4.528535886206528e-06,5.384773718275702e-17,3.356997247389572e-06,7.662122483894709e-13,2.308597535778679e-05
2020-03-01,0,0.999999999737156,2.6243478174240947e-10,5.8833810798179616e-27,1.850507436537064e-34,7.653290650328146e-35,8.042117143597496e-42
2020-04-01,0,0.9963482484369205,0.0009173500241545664,6.15486327763666e-36,1.3046541494535402e-09,3.0005928899266098e-33,0.00273440023443394
2020-05-01,0,0.9958250167986326,0.0020304109344525824,1.0905235466494687e-31,7.002042743303383e-08,5.1729968106885514e-18,0.0021445022462609057
2020-06-01,5,0.21297067139188325,0.0001115915005647587,7.864780287714435e-27,1.2852258369096318e-05,1.2783859575128454e-14,0.7869048848489236
2020-07-01,5,0.01955292259921048,1.0700282550797137e-05,5.049374079817036e-24,3.0129536564657965e-05,8.847119965247885e-13,0.9804062475805448
2020-08-01,5,0.019622920233496582,9.313815257236754e-06,3.549487323593098e-22,1.9216383665923987e-06,1.4094648594668839e-13,0.9803658443131437
2020-09-01,5,0.0013711109650166088,3.794382364309966e-08,8.37188887667684e-23,4.1455870882312945e-06,6.028829733872419e-15,0.998624705503721
2020-10-01,5,0.0009768361965779412,1.5719417971594812e-09,1.1421867240837858e-24,2.102459158658297e-06,5.5064601665941174e-15,0.999021059772766
2020-11-01,5,0.0636748828076167,1.6493772173061934e-05,3.496030935837021e-28,1.7771591702458901e-07,3.3364602010653777e-16,0.9363084457043808
2020-12-01,5,0.0019160415618567613,2.048118095123627e-06,4.1660646754489243e-26,1.9378558899082332e-05,3.6993970907804704e-15,0.9980625317607773
2021-01-01,5,0.010338294739190745,1.8026868797128582e-05,2.7354370931406867e-22,4.589746458971609e-06,2.9420073840160917e-13,0.9896390886453978
2021-02-01,5,0.001967771832022521,4.466330603491176e-07,8.898553850721524e-24,5.535844885048457e-06,1.5445429913826424e-14,0.99802624568961
2021-03-01,5,0.04757206095747798,4.749785145764096e-07,6.129220783470504e-23,3.81860171688216e-07,1.0775825492726019e-14,0.9524270822035222
2021-04-01,5,0.0036333502294545344,9.140561638422751e-07,5.199447392846083e-25,7.096045728552579e-06,2.783534440052186e-15,0.9963586396690859
2021-05-01,5,0.0004419240149915314,5.040014526359902e-09,1.7213338842254478e-25,2.507707501289197e-06,1.4741905346183458e-14,0.9995555632378199
2021-06-01,5,0.00017929021042970174,8.970611132634222e-10,2.5320414398345065e-25,7.299952786558998e-06,9.094421622691724e-15,0.9998134089399198
2021-07-01,5,0.004467705312696717,2.82909898632816e-09,1.122675065362934e-24,8.384700822018461e-07,1.2775912320163879e-14,0.9955314533883151
2021-08-01,5,0.00020096989270244515,2.0129108704880773e-09,3.760286827229975e-25,3.314301194681515e-06,2.0731701396472345e-15,0.9997957137929956
2021-09-01,5,0.01914006538497641,3.847867171493483e-08,9.61754404179752e-24,2.284371116190145e-05,5.1686073485675216e-14,0.9808370524250922
2021-10-01,5,0.003262863154965802,3.9030568730286725e-07,6.473114464633306e-24,2.1989611512721336e-05,8.118070337475535e-13,0.9967147569267744
2021-11-01,0,0.8069190169116004,6.362611186909224e-07,1.8837252589312138e-21,5.222695425750572e-09,1.6525981139673718e-15,0.19308034160434484
2021-12-01,0,0.773152369558175,0.0001921276547747212,3.51795713374078e-24,2.4571254764846903e-06,2.088678015548304e-16,0.22665304566200953
2022-01-01,0,0.9992078852676173,0.00040850486583473335,1.1499268146758243e-23,4.6389704849088715e-06,1.0288282146911757e-13,0.00037897089567541655
2022-02-01,0,0.9682316810967936,0.0003266424395355854,5.485484547954464e-22,1.4628370511004067e-06,3.6785981917495365e-13,0.031440213626374065
2022-03-01,0,0.9997517355367952,0.0002413035029475007,2.136770463672406e-20,6.088571800148489e-06,5.401473816884027e-12,8.723828308300296e-07
2022-04-01,0,0.9999373438507225,5.4143880226429566e-05,5.2144712505672657e-20,2.4066876548049716e-09,1.1232430022579207e-14,8.509862566447294e-06
2022-05-01,0,0.9315202468259843,0.00021421951673567712,3.926749388143873e-22,6.365561737134424e-07,5.7449849962332574e-15,0.06826489710138577
2022-06-01,0,0.9999941153255694,5.883773985650668e-06,2.200657655050571e-22,8.392001983676352e-10,8.112717802917205e-16,6.108074728918172e-11
2022-07-01,0,0.9984110284307947,0.0015782481234224667,1.2046010730889336e-23,1.8746954486148744e-08,9.500491125683596e-16,1.0704698564645268e-05
2022-08-01,0,0.9989500946212905,0.0010473960331983947,3.4088214365046855e-21,2.4815943686235903e-06,1.7210907402041106e-14,2.7751318749889247e-08
2022-09-01,0,0.9999328492732101,6.713045158551235e-05,2.001919343341181e-20,1.752652348537269e-08,8.730438467907825e-15,2.7491212288434803e-09
2022-10-01,0,0.9898189970736168,0.010179438369126633,5.655232922748389e-20,1.5645424321967183e-06,6.765214603645729e-12,8.02607238432053e-12
2022-11-01,1,0.956138097677971,0.037331355457417524,1.2698778111186337e-17,0.00021428694642048137,1.0295223279735757e-11,0.006316259907906618
2022-12-01,3,0.9122026290400189,0.019423122824700555,4.492318090972293e-16,0.01865949711794704,8.78536069730262e-09,0.049714742232164016
2023-01-01,3,0.8540386684271835,0.11865879374054779,8.080932217198685e-15,0.024615393988650175,2.9045434249840497e-06,0.002684239300519709
2023-02-01,3,0.6654225952847299,0.02368866080272533,3.0993662414243914e-10,0.30950773898395656,6.10939471131337e-06,0.0013748952240205756
2023-03-01,3,0.43066798753706104,0.05689548503821182,2.3435753611345654e-10,0.5120610418218178,0.0003744232516400754,1.0621171278181078e-06
2023-04-01,3,0.028914398837050687,0.0043055963822620025,1.5849503950691775e-09,0.9650827249339601,5.446160339252592e-05,0.0016428166583047556
2023-05-01,3,0.12946829533873996,0.032702344841279936,1.6866464666758363e-09,0.8377960803457289,1.9991500934217022e-05,1.3286286760503267e-05
2023-06-01,3,0.010399784031993051,0.01993099790036787,1.4853090863214598e-09,0.9678188706267381,0.0018496577831929517,6.881724709502035e-07
2023-07-01,3,0.00017527685746868564,0.00836467121129421,8.197939467011864e-09,0.9906592976540693,0.000800716778702345,2.9300830567232905e-08
2023-08-01,3,0.0001589305548055959,0.0030461065217324552,1.0831429083936803e-08,0.9966867966663452,0.00010807573855949306,7.968737446713746e-08
2023-09-01,3,0.00019962405132536982,0.0036363592739883503,3.3948266843963753e-09,0.9960921722711471,7.180653809698504e-05,3.44706709477168e-08
2023-10-01,3,0.00028462534660649204,0.003906268941084823,1.8617308453567831e-09,0.9957286676304762,8.022779142317835e-05,2.0842823119462738e-07
2023-11-01,3,0.0006727511163111409,0.09581474145811948,1.9313561720738293e-10,0.9032596462834609,0.0002528569397113147,4.009499044663913e-09
2023-12-01,3,0.0006201037086593764,0.07035556581630814,1.3299803801945614e-09,0.9287013750707162,0.0003229520222607791,2.0519324708469527e-09
2024-01-01,3,1.2297076191037025e-05,0.0011488942705428966,1.5398632547020686e-09,0.9985840484444753,0.00025475328337076097,5.385508500538008e-09
2024-02-01,3,8.043075543366667e-05,0.001914834165037747,5.537184296897909e-10,0.9978425511252947,0.0001621831024842422,2.9821766004958725e-10
2024-03-01,3,1.6692080149736866e-05,0.0005174590134382832,3.206551344404033e-10,0.9992423689200064,0.00022347781314318582,1.8529959905515219e-09
2024-04-01,3,8.8257919976128e-05,0.0015807603680525028,1.7678819219980757e-08,0.998177567262239,0.00015339649972874648,2.7121052137483754e-10
2024-05-01,3,7.324165566456817e-05,0.002121489481163814,7.489206602358415e-10,0.9976514479470885,0.00015381370444425774,6.462786086624948e-09
2024-06-01,3,1.9383789902428908e-05,0.00037488129639416423,1.1579638007002845e-10,0.9995200116619607,8.571622908705148e-05,6.9073003870489134e-09
2024-07-01,3,4.665143368219298e-05,0.00102042335051318,8.015533599656673e-10,0.9986585610961461,0.00027436328567169606,3.234335193899285e-11
2024-08-01,3,1.974789221355815e-05,0.000721647983952894,2.7179249457849155e-09,0.9988038027756984,0.00045479861873575563,1.1171295531603182e-11
2024-09-01,3,0.00015662978365416715,0.0016556329728951514,3.4003394614995795e-09,0.9978504714661405,0.0003372623763477369,8.58155452343665e-13
2024-10-01,3,0.00016313327936186254,0.0012816957992625915,5.280108749119576e-09,0.9984808118868554,7.434370278524313e-05,1.0051379253319872e-08
2024-11-01,3,9.152732079776442e-05,0.002949263939287983,2.4818340567174584e-11,0.9968860702263188,7.307997007671603e-05,5.851856791421865e-08
2024-12-01,3,0.0003270081803255415,0.002941588804360939,5.019123894716763e-10,0.9966998158995611,3.143264318538029e-05,1.5397022930698478e-07
2025-01-01,3,3.846557144339018e-05,0.0007968875684096221,1.2053768539636686e-11,0.9991173865523817,4.7103914709250705e-05,1.5638075159538557e-07
2025-02-01,3,0.00016991863694007669,0.0005957254484090453,7.754291298883057e-11,0.9992112927916483,2.2503081836249753e-05,5.599634580394816e-07
2025-03-01,3,0.0014372885755231013,0.007286987915442716,2.6918945176731745e-10,0.9912445076838529,2.9927695671270535e-05,1.287860540320834e-06
2025-04-01,3,0.01952350373321364,0.027331982571758093,5.116325228717841e-10,0.9529189942877122,6.633101019791009e-06,0.0002188857946377006
2025-05-01,3,0.0005031804475244053,0.00397933101973368,4.9952672960660514e-12,0.9954385035323885,6.433393655962911e-05,1.4651059245903875e-05
2025-06-01,3,0.0008657172085336484,0.01549268374267848,7.73307296048215e-12,0.9836116493824296,2.6391177486175346e-05,3.558480945774662e-06
2025-07-01,3,6.638145814963534e-05,0.000556760356107675,7.23743311758324e-12,0.9993515276340373,2.2948086853279785e-05,2.3824576945231933e-06
2025-08-01,3,1.7410323374367066e-05,0.0001957502806151576,1.6492971044724746e-11,0.9997449476228581,4.1829784939912455e-05,6.197157943635608e-08
2025-09-01,3,0.00017416504908002346,0.0012152708719306465,7.305804689245945e-12,0.9985939302412838,1.6489837514530595e-05,1.4399267832773932e-07
