sasdate,state,crisis,p_state0,p_state1,p_state2,p_state3,p_state4,p_state5
1976-03-01,2,0,0.005974332887844452,0.009486611238992314,0.9753956583287668,0.00039706484524342953,9.745742991706675e-08,0.008746235241722605
1976-04-01,2,0,1.4925751411437172e-06,0.001157451299273172,0.8154990313999744,0.0006509113334493511,4.444285469466892e-07,0.1826906689636153
1976-05-01,5,0,7.130952948980052e-15,0.0022850927577878224,0.04453731021114374,0.014913168415541071,0.003326234484548674,0.9349381941309715
1976-06-01,2,0,3.4633858593802993e-07,0.0011609412545657376,0.9917773880195825,0.0011454666251855725,7.630016771192392e-08,0.005915781461912753
1976-07-01,2,0,1.0285905718134846e-05,0.31633779000709406,0.6437083470412068,0.03174499274638571,1.5439621246124463e-06,0.008197040337469983
1976-08-01,2,0,1.280865127111202e-06,0.0021971353207720736,0.9905768837485115,0.0006510682949612697,6.112270052371565e-08,0.006573570647927739
1976-09-01,2,0,4.226513153682023e-05,0.0023571497305303504,0.9664788439274629,0.00034361134497323543,1.3234979192468263e-07,0.03077799751570493
1976-10-01,2,0,9.259880907499631e-08,0.0033374811798571515,0.9774719983540123,0.001919334965627639,9.466526938119509e-08,0.017270998236423914
1976-11-01,2,0,1.6964354658643873e-10,0.1681528727182572,0.7983047597749151,0.033356365162985915,9.4750777576217e-09,0.000185992699119789
1976-12-01,2,0,0.002862206707477132,0.08357131987429643,0.8845125910802806,0.006819374629165284,4.251989745613474e-07,0.022234082509806023
1977-01-01,5,0,1.1541541254251254e-13,0.28172221355015276,0.000982632540248385,0.036019272497541,0.0012578105818627726,0.6800180708300794
1977-02-01,2,0,0.0005605946917348232,0.005560062594809859,0.6086921812050908,0.0006511570892163139,4.131301914453953e-07,0.38453559128895626
1977-03-01,2,0,4.216201491161333e-05,0.005494382752221984,0.8666331968674809,0.0013156989341880025,1.8479720921400415e-07,0.12651437463398743
1977-04-01,2,0,0.010972924865430505,0.04017404327663812,0.6614862684213939,0.0016383436319934307,1.8093441495613128e-06,0.2857266104603939
1977-05-01,5,0,0.005744755719772089,0.10924482931799678,0.4239863157596787,0.0017646124810995136,6.225816815854024e-06,0.4592532609046369
1977-06-01,2,0,0.00029587904585426123,0.2044525906249722,0.7846338537444896,0.00665186533502877,1.0339058667944985e-06,0.0039647773437883485
1977-07-01,5,0,4.367319169751566e-08,0.1412146946385074,0.05821455628219509,0.01270087741831378,0.0006065763738054852,0.7872632516139867
1977-08-01,2,0,0.001157728017005642,0.04451140046201314,0.8123382344875654,0.001655654788981779,3.835896586184423e-06,0.14033314634784766
1977-09-01,5,0,7.223487029561401e-07,0.002546318447045157,0.16317017052519092,0.0004968532411378358,8.231607435220057e-06,0.8337777038304887
1977-10-01,5,0,9.368553517435662e-10,0.0011079615615093336,0.044234280354735284,0.0005339233702573381,1.6395050881943832e-05,0.9541074387257612
1977-11-01,2,0,4.1685914565972445e-05,0.01012331947342434,0.9376897678952084,0.0015527106629986756,2.0825068065805135e-07,0.05059230780312237
1977-12-01,5,0,1.9286616906322654e-07,0.0008138112598211055,0.40652424810023996,0.0005111610441919707,2.035960583685032e-06,0.5921485507689945
1978-01-01,5,0,1.4792521642404588e-06,0.06536814896965959,0.07656574181290322,0.005564417410251359,2.3462819291847364e-05,0.8524767497357306
1978-02-01,5,0,0.0006225141345839565,0.023247433676439267,0.3571688001408032,0.001109246015052791,1.2480368833752953e-06,0.6178507579962379
1978-03-01,2,0,9.715876815156045e-08,0.010567852545994775,0.5274282160905615,0.015192938483192505,1.5915066265057924e-05,0.4467949806552189
1978-04-01,2,0,1.5397985076943433e-10,0.0017600299352271485,0.9731440960712818,0.009903630506098009,4.03261984717259e-05,0.015151917134942136
1978-05-01,5,0,8.802506605095439e-09,0.005881199833830073,0.18642668511235488,0.0035743897196041795,3.137932716946828e-05,0.804086337204535
1978-06-01,5,0,3.425435146320735e-07,0.05369366461127382,0.17835438541955648,0.008560886758524197,0.00015748528204066303,0.7592332353850909
1978-07-01,2,0,4.0802687829538936e-10,0.00027080797240458754,0.9794446542306375,0.0012130979849696178,5.098173589445788e-07,0.019070929586601896
1978-08-01,5,0,7.186849522771556e-11,0.1125143075234499,0.19562020353703863,0.1463523123464258,0.0014211320896237594,0.5440920444315938
1978-09-01,5,0,1.1168228230087377e-12,0.001818644970452238,0.12718539791796735,0.007434401155073294,0.00034153835228473384,0.8632200176031053
1978-10-01,4,0,2.3609286259100132e-52,2.9056945882299176e-08,1.1899400357781513e-09,0.2920253462335436,0.7079746212938315,2.2257404159266322e-09
1978-11-01,2,0,1.1808415533119074e-09,0.028592191920567826,0.8894565808769653,0.030040158175016454,6.71820269172937e-05,0.05184388581969108
1978-12-01,5,0,1.1764504821659555e-20,3.3030944715189046e-05,0.058170505478991476,0.01394452488941639,0.0025956952831333036,0.9252562434037438
1979-01-01,2,0,1.7095119251394478e-13,0.007059645524165619,0.9093204096589655,0.07977706286166299,2.6190872366895444e-06,0.0038402628677984625
1979-02-01,5,0,1.3124765229103446e-18,5.183132056947998e-05,0.11989784313988784,0.015477719065132104,0.00021663038276873619,0.8643559760916425
1979-03-01,2,0,3.072947611708315e-15,0.00041507622464030853,0.9290058178388673,0.015781762081192068,1.3748447681031971e-05,0.05478359540761677
1979-04-01,5,0,4.640176157103324e-16,6.176057574900367e-05,0.1426524795007658,0.0031677849886404905,4.659644457138068e-05,0.8540713784902736
1979-05-01,2,0,2.561565335374776e-18,0.00014146821045768438,0.9515153122454837,0.026448430659206004,4.980891976017655e-06,0.02188980799287602
1979-06-01,2,0,5.927743305816838e-24,6.309324482083803e-05,0.6089665573538651,0.3898635059491506,3.232037451387803e-06,0.0011036114147116097
1979-07-01,5,0,1.0549463906527262e-13,0.0006341788526417382,0.1956065985748137,0.005455751035698296,0.00021743264260108182,0.798086038894139
1979-08-01,5,0,1.9944085587988237e-27,1.529467294097017e-05,0.021890832135296114,0.1969931805238176,0.07423541438846748,0.7068652782794786
1979-09-01,5,0,1.8849502781334226e-29,1.5875380956797425e-06,0.013941372875353986,0.2624987201432084,0.025320925183751505,0.6982373942595921
1979-10-01,4,0,2.9523484560397516e-111,2.312537034073775e-16,5.673795745273659e-23,0.008937566140463106,0.9910624338595353,6.107871173702492e-18
1979-11-01,3,1,2.260456112529441e-50,9.333059038326948e-09,0.0004988129380918782,0.9995010718243695,1.019415724535848e-07,3.96290881981245e-09
1979-12-01,3,1,7.318788559724364e-31,5.111962018323157e-06,0.001752799833225317,0.983639212727238,0.011822604834205478,0.002780270643314352
1980-01-01,3,1,1.2391473883723404e-41,5.805405022309018e-09,1.3838941729990105e-05,0.9976091572399052,0.002363989696423969,1.3008316535017017e-05
1980-02-01,4,0,7.585968781149863e-131,6.684555722584405e-18,4.002414288704461e-27,0.026122611016222368,0.9738773889837793,4.0523383232405e-23
1980-03-01,3,1,6.088953176550539e-40,5.012635228338901e-07,9.3623041733642e-10,0.9964031300374988,0.0035963677627385616,1.0025493568659163e-14
1980-04-01,3,1,2.8114572152925143e-120,5.272879693525535e-18,2.273423500588045e-28,0.9999999999987779,1.2226134023030226e-12,8.000229496674705e-39
1980-05-01,3,1,5.520267796192254e-38,3.881489904903012e-05,0.0002002786612547586,0.9997608169232985,8.831338528815812e-08,1.2030122635400043e-09
1980-06-01,2,0,3.338460204278941e-14,0.0002238637443846309,0.9802770714736292,0.006487000210324423,9.947286472682859e-07,0.013011069842981948
1980-07-01,3,1,2.2541768396382306e-35,2.070623074461921e-05,9.548177288510814e-05,0.6295833335885616,0.3689338110610592,0.0013666673467491622
1980-08-01,4,0,5.304762935575036e-77,1.261154348578971e-09,2.0086100183289608e-14,0.016147946380288908,0.983852051500729,8.578079175381423e-10
1980-09-01,4,0,7.82500104559292e-46,1.2446355752140303e-06,2.2140562111271133e-11,0.1244919198320496,0.8755068350534237,4.5681031314740195e-10
1980-10-01,4,0,7.59903587757856e-66,7.652027747425822e-11,6.408436225445844e-11,0.015476428915456558,0.9845232658596177,3.0508432104276916e-07
1980-11-01,4,0,3.5462866049861563e-90,1.9914522770285742e-16,6.698918045318318e-19,0.02133155577862579,0.9786684442213732,1.6864005557767659e-19
1980-12-01,3,1,2.956997218969924e-50,1.540404148572855e-08,1.9384661378373688e-05,0.9999798625597056,7.355264331857696e-07,1.8484424922501004e-09
1981-01-01,3,1,1.5838244785394663e-33,1.843954958742061e-05,2.386618200265397e-07,0.9988077771480113,0.0011729795752532107,5.650653267885191e-07
1981-02-01,3,1,3.7130070264746905e-58,6.008344439211527e-12,6.070086213150282e-09,0.9528750346802756,0.04712417593050761,7.833131226391766e-07
1981-03-01,3,1,6.97046003380668e-96,1.2712706994995022e-15,2.2148514871798534e-17,0.9999999999522053,4.7794746047893935e-11,2.3451298459494235e-24
1981-04-01,4,0,5.634152510625285e-92,3.4518017879052196e-15,3.4806250546481065e-17,0.06411715014135078,0.9358828498290249,2.9621537777725744e-11
1981-05-01,3,1,2.678116335994324e-47,1.055717178006355e-08,0.0006454895721390641,0.9992203614476917,0.00012565763258975648,8.480790406194089e-06
1981-06-01,3,1,1.1044672692487e-45,1.193412519085568e-08,6.835894889138971e-08,0.9988943359859317,0.001105583082275062,6.387190936460461e-10
1981-07-01,4,0,2.1988256976876607e-96,2.863836295982212e-19,1.0675992063503558e-12,0.09229548155768795,0.9077045102638615,8.177381893302542e-09
1981-08-01,4,0,2.2354532802551702e-67,1.75544417472071e-12,9.692301903661728e-10,0.17507189755681737,0.8249256352261982,2.466245997529736e-06
1981-09-01,3,1,5.842087838048556e-61,1.963825184049499e-12,3.8283648252201866e-10,0.9999738047131067,2.619474709536437e-05,1.5499757788961731e-10
1981-10-01,3,1,5.204931246994447e-153,6.546428353679454e-20,5.183146519676234e-23,1.0,2.6968789324994687e-16,1.6891769949354904e-36
1981-11-01,3,1,1.3233316634157282e-115,1.1511951093414446e-14,6.188792338839899e-17,0.9999999999992326,7.553299623319837e-13,1.1329428328348805e-27
1981-12-01,4,0,3.9573330522535174e-55,1.3786975714038552e-07,2.1083883314837037e-09,0.04864983726537382,0.9513130904666554,3.693228982532148e-05
1982-01-01,3,1,6.051423892156787e-32,0.00020802599673753,7.263936706692925e-06,0.5760325404843626,0.42351942595859005,0.0002327436236018783
1982-02-01,3,1,9.159212074462915e-21,0.004741914991697701,0.003810960783733167,0.990380621397813,0.0007247118279706047,0.0003417909987864308
1982-03-01,3,1,3.8750550149721726e-32,8.668304709588948e-06,0.004754892911926604,0.9389067094697218,0.032934275952412766,0.023395453361230997
1982-04-01,3,1,8.184459493740577e-58,6.421695849191463e-11,3.337293114260936e-05,0.9999660817804941,5.398178343684185e-07,5.406311973227384e-09
1982-05-01,3,1,5.734691584378944e-51,3.9271844698305206e-09,5.176968466356231e-07,0.9999982961287429,1.1808212999129946e-06,1.4259251233068158e-09
1982-06-01,4,0,3.5127338017346565e-61,8.358272766072691e-09,6.220808636122027e-11,0.03312432329244012,0.9668755046127064,1.6367437179318837e-07
1982-07-01,3,1,4.9325120546395466e-61,1.0793148040173392e-07,2.0592932517967046e-07,0.9999996859616682,1.774980573667261e-10,2.9590510018625283e-14
1982-08-01,3,1,1.963982470278933e-83,4.342508851820242e-11,4.079813180053423e-12,0.9999999999517826,7.138283725933542e-13,9.194857339457952e-25
1982-09-01,3,1,2.934296104738529e-35,0.0016171724208775796,1.2256340224557217e-05,0.9983705680486368,3.165590138098235e-09,2.4671786714859057e-11
1982-10-01,3,1,8.233275716832817e-68,2.2239465811937285e-10,2.5656909453829764e-10,0.9999999881889821,1.1332055605035106e-08,1.6685038240577682e-16
1982-11-01,2,0,4.071162341199658e-12,0.00420150814085487,0.7570614261747683,0.027507361863971642,5.347280956441275e-05,0.21117623100677008
1982-12-01,3,1,1.6219335984726336e-27,7.484878822107462e-05,0.0005397773206958339,0.9993682392181451,1.049701430329582e-05,6.637658635778643e-06
1983-01-01,3,1,1.7349235296509823e-43,6.212227250409465e-09,2.70865866962288e-06,0.9993553874415597,0.0006414576035387857,4.400840057130013e-07
1983-02-01,2,0,8.911865863258085e-11,0.09269777467304637,0.8577902916732382,0.04833425200556776,4.6936245464148343e-07,0.0011772121965738045
1983-03-01,3,1,2.783164928710189e-25,0.0025296829866246584,7.093857361898694e-05,0.7542647868337584,0.22169129285566552,0.02144329875033194
1983-04-01,3,1,6.104583482683748e-32,1.4886819884191105e-05,0.017896073961329587,0.9820882450210422,2.9603837048802334e-07,4.981593726154534e-07
1983-05-01,5,0,6.421108709345484e-23,0.0013854918421249646,0.0036146847628157324,0.09005316331387264,0.029357465561696952,0.875589194519489
1983-06-01,2,0,1.0865513429669962e-11,0.0065116023673626846,0.6131110674118199,0.0325576205009922,0.000928403496819413,0.34689130621214026
1983-07-01,3,1,1.07193105707218e-32,6.577775642786986e-05,0.00027647844957939046,0.715290195268531,0.156653162982792,0.1277143855426706
1983-08-01,2,0,1.7214871755491177e-22,2.858748273635324e-05,0.4658718861494527,0.32833185256176833,0.0016883807435422943,0.2040792930624995
1983-09-01,3,1,1.5305288311086567e-22,0.00758427041682254,0.15771526829663646,0.8346865483471237,7.352970828006875e-07,1.3177642333847615e-05
1983-10-01,3,1,5.434374763180424e-20,0.0025504786841629903,0.012448559137928446,0.9839167002857455,0.0007664677168739564,0.0003177941752895405
1983-11-01,2,0,1.6578142229878309e-12,0.000618608555433367,0.5634219742156187,0.004836573210953975,3.7432792258460445e-05,0.4310854112240771
1983-12-01,5,0,4.4818331748978777e-13,0.0001916640712208901,0.21052577396968852,0.0021597995708428647,2.8612425691361162e-05,0.787094149962108
1984-01-01,2,0,1.4545223939767352e-13,0.07769303577192518,0.508274614558975,0.4106588246648047,2.4326972917991353e-05,0.0033491980312323477
1984-02-01,5,0,3.0497318112245918e-18,6.212546658304208e-05,0.037486254425380915,0.005135138745657103,0.0003097581864428975,0.9570067231759354
1984-03-01,5,0,2.0734920803079288e-22,5.10782629014633e-05,0.010395183326408961,0.01013625276331186,0.006308792382096883,0.9731086932652805
1984-04-01,5,0,9.786197176066703e-17,0.0006319996177004413,0.31821538364794355,0.04354809119901946,0.0016058911000453107,0.6359986344352906
1984-05-01,4,0,9.190242659984528e-50,1.9196190472289186e-08,3.077675277260065e-07,0.31773737913284206,0.679553648406626,0.002708645496814637
1984-06-01,2,0,1.6731860236161975e-14,0.0006939569356461106,0.914103923804855,0.017404592760711747,0.00012356143641234114,0.06767396506235782
1984-07-01,3,1,6.7853204013487975e-25,0.005540075380545951,0.00013116259729197937,0.9942994217800107,2.933945293535837e-05,7.892158082583935e-10
1984-08-01,2,0,1.5152795474548146e-22,9.772876287164076e-06,0.9069623070212316,0.08465053527626464,0.00024662731958454293,0.008130757506631971
1984-09-01,2,0,1.1232639556777606e-19,0.0036752793457935293,0.6519038351564058,0.3433596201080984,3.5988743297316924e-06,0.0010576665153716354
1984-10-01,3,1,3.5964057839972903e-65,7.114288223086997e-10,5.436712157340937e-07,0.9999994542932843,1.3238034500277519e-09,2.674775295182893e-13
1984-11-01,3,1,2.152368882651201e-21,0.003509626673761504,0.34929901020568443,0.6470171749309374,1.0574817269914493e-06,0.00017313070788935552
1984-12-01,2,0,1.096613933087576e-15,0.002469587086851773,0.9208563427132971,0.07565445977089348,1.6010592619334245e-06,0.0010180093696950682
1985-01-01,2,0,2.3341592367475225e-13,0.003949704790174435,0.9442306086635178,0.05025773740328772,1.169907119842742e-05,0.0015502500715877784
1985-02-01,5,0,2.7369299847617027e-20,0.0010994167555236959,0.0057379359317897335,0.02197677431913566,0.013729378898476413,0.9574564940950748
1985-03-01,2,0,1.3577614375569075e-14,0.0015604638252929807,0.9173208456246202,0.0708447574140226,1.8783522003075533e-06,0.010272054783849797
1985-04-01,2,0,2.293219095792188e-14,0.006069887526168262,0.9609741027407095,0.030875225115261355,4.5778608917433894e-07,0.002080326831748512
1985-05-01,3,1,1.7004042008418255e-46,2.5391855065493624e-05,0.0007707457067130748,0.9992038616329467,8.00056449687611e-10,5.2181751210786525e-12
1985-06-01,2,0,6.755846331024593e-09,0.00276496598584114,0.9736251285182669,0.003190475554406799,5.814274545319416e-07,0.020418841758185095
1985-07-01,5,0,1.1625028478805978e-12,0.0008097462432801783,0.030271534895897716,0.0013208188106764419,0.00012776437625859155,0.9674701356727242
1985-08-01,2,0,9.059209354491189e-10,0.005656739423495101,0.9690955339532027,0.007149957582115217,6.204801676204518e-07,0.018097147655098476
1985-09-01,2,0,2.2075029419795437e-11,0.002225521628307182,0.5089644509559349,0.01947163463806757,2.0657865026235194e-05,0.4693177348905888
1985-10-01,2,0,4.257078380588616e-19,3.234845860122214e-05,0.9619298189241475,0.021469724900286456,1.7280480161849663e-05,0.01655082723680335
1985-11-01,2,0,2.0305706338832173e-11,0.0012884319130000196,0.9920836433313234,0.005705964366029333,1.240928550073254e-06,0.0009207194407913859
1985-12-01,2,0,1.7876847447594877e-14,0.0009863535495851477,0.9895116568326442,0.009041137620891093,3.816030075712606e-07,0.0004604703938549509
1986-01-01,2,0,4.049298447209901e-06,0.023007201582424107,0.9076070497756129,0.007346723650569416,7.728188566887719e-06,0.062027247504380045
1986-02-01,2,0,1.8993578154474063e-14,0.10955312159756501,0.6457725980612311,0.24465587682439896,5.616730759842286e-06,1.2786786027109822e-05
1986-03-01,2,0,4.126051226032101e-22,0.014815689167428878,0.6132639274444585,0.371918712317107,3.229251593875959e-08,1.6387784889560412e-06
1986-04-01,2,0,1.8291404549104963e-13,0.0038361871256634692,0.9244607771269017,0.054449903177832736,8.628780523571708e-06,0.017244503788895353
1986-05-01,5,0,5.563610309390061e-13,0.007788058849736501,0.37129033089362873,0.06761847563586232,0.003206856109185039,0.5500962785110303
1986-06-01,2,0,2.3152945948866027e-12,0.16688969037977613,0.7299045248070241,0.1031373913124775,1.8921895465441e-07,6.820427945267911e-05
1986-07-01,3,1,5.5909379487789755e-15,0.019229081845935046,0.4760400698799261,0.5011501924291671,2.7684931373710307e-05,0.003552970913592555
1986-08-01,3,1,2.031331420486689e-21,0.005305651214563816,0.12008796077206152,0.8746063271607945,4.437320221793291e-08,1.6479376857148296e-08
1986-09-01,5,0,1.6019993441220808e-13,0.03622456281744465,0.002531294216117329,0.06648138684676978,0.0005820497282677939,0.894180706391241
1986-10-01,2,0,5.471145184743198e-11,0.000541483027508161,0.9943206976595718,0.0033939611225096075,4.4286520828586396e-07,0.0017434152704905435
1986-11-01,2,0,0.0012448890876177816,0.008967223233007448,0.9570212623888028,0.0005031310034652409,5.138126690591223e-07,0.03226298047443794
1986-12-01,5,0,2.2263082667154425e-07,0.0020619280293051336,0.27805504050537916,0.0006071516199207224,6.131182140106695e-06,0.7192695260324278
1987-01-01,2,0,8.334605203806756e-10,0.0005165046336538207,0.9950785875624144,0.004240764483311408,7.718705010095839e-07,0.0001633706166589038
1987-02-01,2,0,1.6962489101612653e-05,0.15756203012023595,0.8005002931663099,0.031101390933113357,7.426415992236682e-06,0.010811896875247683
1987-03-01,5,0,1.0479604652988869e-07,0.0048240194297845115,0.1859114778142358,0.0025964480949157574,1.6897665325264443e-05,0.8066510521996926
1987-04-01,5,0,4.804436847989365e-27,7.553769287033848e-06,0.00041263213011246005,0.08584307585115608,0.012019994936420942,0.9017167433130227
1987-05-01,5,0,1.1845349278436453e-09,0.002347630677445356,0.4062834423182882,0.008487384315303517,3.0908374742596617e-05,0.5828506331296847
1987-06-01,2,0,4.663069434794045e-07,0.0010685909832321646,0.9923866067859004,0.0005902517391620383,1.2741333221972508e-07,0.005953956771430523
1987-07-01,2,0,8.461408084509018e-06,0.0053196007940781755,0.7753131462517618,0.001228401596430027,1.1162316048182628e-05,0.21811922763359673
1987-08-01,2,0,8.559808780947545e-08,0.008093805760631154,0.7629394885953624,0.005399938792642039,0.00012375232343586626,0.22344292892984108
1987-09-01,5,0,6.7463843510323345e-18,0.0015949203707540862,0.0016868066850399084,0.009203292354949488,0.0020601916233844073,0.9854547889658718
1987-10-01,3,1,8.151828957587969e-73,9.327867799263811e-09,3.6039856273886e-16,0.9999999906193402,5.279189321689046e-11,9.776334850289325e-25
1987-11-01,5,0,9.328051715033476e-05,0.16704706754250898,0.12364769876087163,0.010249290526182684,7.177234073276853e-06,0.6989554854192137
1987-12-01,2,0,1.3029785306683842e-08,0.023794309659266294,0.9430428738259105,0.02659617193387806,5.432215450862973e-05,0.00651230939665182
1988-01-01,1,0,8.787796327706246e-07,0.5047849301645101,0.4675100451704942,0.027665781457327825,4.916754122700753e-08,3.8315260494522256e-05
1988-02-01,2,0,4.0307577203481014e-05,0.026797198567834336,0.9440938562227807,0.0021684184603224612,3.763963679643963e-07,0.026899842775490793
1988-03-01,5,0,4.266070294269877e-06,0.13095113479042694,0.06039411746015473,0.007680610765811075,2.999806820361254e-05,0.8009398728451098
1988-04-01,5,0,3.328851324654337e-07,0.002451025407745829,0.09822188453219062,0.0004841529717862908,7.696005808734857e-06,0.8988349081973352
1988-05-01,5,0,6.160278372457838e-14,0.0007065260805244482,0.1050607052376061,0.005691515795441592,0.0006839700773536921,0.8878572828090134
1988-06-01,2,0,6.6746581718885e-09,0.025848010668293012,0.9378271260496963,0.029912740792683187,6.350815861301613e-06,0.0064057649988085675
1988-07-01,5,0,7.237221392961206e-11,0.03238088628074389,0.1133910097077682,0.02760409187263343,0.00112139888741961,0.8255026131790635
1988-08-01,5,0,1.7277243321670769e-09,0.003995924652012433,0.12673686317911811,0.002224118666970676,5.361979187054531e-05,0.8669894719823041
1988-09-01,2,0,2.7123903994780814e-09,0.008200310418276626,0.9861965076378651,0.004855592176164371,1.2909996900385366e-06,0.0007462960556128321
1988-10-01,2,0,7.254203118378967e-12,0.0003750793775871234,0.9818203610203261,0.0027439250642275087,1.8501880467933575e-06,0.015058784342559141
1988-11-01,5,0,2.9844978410775807e-16,0.00040103790445410956,0.028778328647139143,0.004332783351059047,0.0007738623581961274,0.9657139877391513
1988-12-01,5,0,1.1181175830450224e-13,0.00011871928990585522,0.11274038817966653,0.0016382480613784044,5.506938077700475e-05,0.8854475750881602
1989-01-01,2,0,5.424844242759972e-08,0.0031222764328827485,0.9919057548693571,0.002143012155855103,6.745046551427608e-06,0.002822157246911594
1989-02-01,5,0,4.4009008004001087e-11,0.0010226892237315756,0.022106969439285272,0.0010241306989684004,2.6762080729530447e-05,0.9758194485132756
1989-03-01,5,0,5.277549461146081e-13,0.00010062231254409533,0.3517830309291429,0.0014202747087044328,1.7346591539814473e-05,0.6466787254575409
1989-04-01,2,0,7.235548817019087e-19,0.00016889333413708506,0.9792610091463257,0.020287796115180876,1.3865451325794252e-07,0.00028216274984280067
1989-05-01,2,0,8.784555957145265e-14,0.001632036935421586,0.977458836743655,0.018306791761003048,5.395760753263414e-06,0.0025969387990793513
1989-06-01,3,1,1.9857364552740447e-26,0.0008880859608142381,0.3333133196736376,0.6657832287675299,1.1921793875851516e-07,1.524638007901317e-05
1989-07-01,2,0,6.493883609345763e-23,7.510824532336062e-05,0.9133570793067564,0.08655675076040778,2.2614882503262206e-06,8.800199262169933e-06
1989-08-01,5,0,3.2782911448324223e-24,4.0737057547245985e-06,0.014508146894626426,0.009070024837351648,0.0018898795463579427,0.9745278750159099
1989-09-01,5,0,1.3453847271320657e-11,0.00013382558492303537,0.35090859501402605,0.0008718611037596341,6.917069015167578e-06,0.6480788012148223
1989-10-01,2,0,4.3247511973923142e-19,0.0007028168279495585,0.946930999761384,0.05195806050922224,9.711056148207408e-07,0.0004071517958299055
1989-11-01,2,0,4.151867245433478e-14,7.696369656081032e-05,0.9721813330983372,0.0031403699455519064,9.606331967259855e-07,0.024600372626311824
1989-12-01,2,0,2.1603797261115707e-14,5.772313688962192e-05,0.8765404932773474,0.005246493686279593,9.980585959560273e-06,0.11814530931350188
1990-01-01,5,0,5.1487567307430347e-14,0.001501154322657991,0.015534059370575708,0.009112171749597886,0.00045375955299600644,0.973398855004121
1990-02-01,2,0,4.8224633451834415e-08,0.0004911451480993299,0.6299953345959318,0.0005371857272281212,1.3179460277607653e-06,0.3689749683580793
1990-03-01,5,0,1.8162688406214299e-12,0.00027985294247477707,0.4844299947273331,0.0028797884847811717,3.354555632570058e-05,0.5123768182872696
1990-04-01,5,0,6.3494513827872424e-18,5.0383902508582105e-05,0.1057061286228314,0.010279469600046914,0.0004541732426534676,0.88350984463196
1990-05-01,2,0,2.4318310467951984e-18,0.00034731492433775466,0.9679094378289962,0.031725924108453915,1.3226585464464467e-06,1.6000479665735106e-05
1990-06-01,2,0,3.036954268177912e-09,0.00164153540073793,0.9430443779336847,0.002074460432480831,7.641620112671458e-07,0.05323885903413177
1990-07-01,2,0,7.911637444845969e-17,0.00022148489108450762,0.9567371749357096,0.03330689021256208,2.6083503189118342e-06,0.009731841610324383
1990-08-01,3,1,3.749047649515246e-28,1.410416305602078e-05,0.002917920240786526,0.9588051109172343,0.0053432030626935755,0.03291966161623004
1990-09-01,3,1,4.7469495587040354e-26,2.2733473141344365e-05,0.014432331471123225,0.9830900272249434,0.00019000913006777116,0.002264898700724416
1990-10-01,2,0,2.8578413303008365e-12,0.06544437065395534,0.5154051209914331,0.41851189599412414,0.0003375918813237043,0.0003010204763059101
1990-11-01,3,1,2.9412106117862447e-29,3.2439427828688437e-05,0.008698434331687958,0.9912207492079834,4.458648039781292e-05,3.790552101500367e-06
1990-12-01,3,1,5.355571285056298e-32,7.66262092214772e-06,0.004954637038761694,0.9950349356678675,1.1968951249819304e-06,1.5677773235687988e-06
1991-01-01,3,1,1.4256694656190682e-25,0.0033104225962459232,6.776409359886672e-07,0.9966422330709459,4.6666573018904235e-05,1.188535246498959e-10
1991-02-01,2,0,1.581292975119788e-10,0.008055195562644188,0.9279777055320182,0.04834533650335998,3.5554030980257086e-06,0.015618206840750565
1991-03-01,2,0,3.5330644066728485e-10,0.04063618444451649,0.72713450812812,0.20838203812732328,1.0163489203462923e-05,0.023837105457530382
1991-04-01,2,0,1.4144211699807136e-06,0.0047428125377627925,0.9201589036630288,0.0016636212432679222,3.0741969254605946e-07,0.07343294071507751
1991-05-01,2,0,3.1747149653533723e-07,0.002088657400190405,0.9420301245470626,0.0012448498581192242,2.8100991578278034e-06,0.05463324062397393
1991-06-01,5,0,0.00018867896510267978,0.062483398908545804,0.21438473978151987,0.0032936356424037166,1.1227298178838667e-05,0.7196383194042488
1991-07-01,2,0,2.0533559155129246e-14,4.285034318674382e-05,0.9853128705685772,0.003943096571425279,8.76473583096815e-07,0.010700306043206539
1991-08-01,2,0,2.215756459179289e-09,0.007926619671083395,0.9885334635853547,0.002468466939603102,1.8228203577310457e-08,0.0010714293599987858
1991-09-01,2,0,1.3849694459406262e-07,0.01798879666102635,0.9705607167556003,0.004609827356272696,7.500537309178239e-08,0.006840445724783053
1991-10-01,2,0,5.457356770128231e-06,0.00576880291135769,0.9813986859418002,0.001760685472880804,5.950761721103782e-08,0.011066308809573369
1991-11-01,2,0,3.0532348342153986e-08,0.058051582188592396,0.9109432274722142,0.025302871490029466,3.2386384502749153e-07,0.005701964452970901
1991-12-01,3,1,5.812922409324955e-23,0.008695800868056092,0.10588038327606848,0.8854236746401262,1.3706079509155562e-07,4.154953767914287e-09
1992-01-01,1,0,2.3646687262306739e-07,0.9754903619290473,0.000105185559887351,0.02389587560610237,7.855553277135722e-06,0.0005004848848133907
1992-02-01,1,0,0.12940488426767657,0.40624037731217355,0.3755342101438326,0.004904177783519086,1.3186766787947207e-06,0.08391503181611999
1992-03-01,5,0,0.00037230074608437456,0.02515838760329153,0.22346277875425027,0.0015125448706860116,6.239060223045687e-06,0.7494877489654644
1992-04-01,2,0,4.843068880261723e-07,0.01595715782420944,0.967293078787767,0.01639039425593692,3.6301905144419284e-07,0.00035852180614625976
1992-05-01,2,0,0.008202534619411367,0.03129435919413784,0.9451753811621209,0.0009458274300877841,4.8932165695418014e-08,0.014381848662077017
1992-06-01,2,0,0.00014118644565297423,0.06310479006025727,0.9228848377216516,0.005250628523606692,2.314773922557546e-07,0.008618325771440106
1992-07-01,2,0,4.732411917933338e-12,0.006913690214436662,0.978424352492578,0.014551940249605601,1.7542384046625685e-08,0.00010999949626319143
1992-08-01,2,0,0.011743763128432802,0.11385748830029424,0.8645501402201657,0.001922443584452695,3.154635693886416e-07,0.007925849303084428
1992-09-01,2,0,2.8679882061107473e-08,0.0751298375472994,0.8752113012660266,0.04361680725015328,3.3440514564740926e-07,0.006041690851493503
1992-10-01,3,1,4.57682073623588e-14,0.04673658371847224,0.01847375052562257,0.5393472450233654,0.007365079294771984,0.3880773414377203
1992-11-01,5,0,0.01490164471022366,0.19522698356335527,0.2726302338170383,0.002629056877128587,1.2738816564145159e-05,0.5145993422156891
1992-12-01,2,0,0.0016733764990568335,0.10420963384341667,0.8835368323396985,0.0033794917642964535,3.971999784867295e-08,0.007200625833534466
1993-01-01,1,0,0.0009214163524127308,0.8872478168725149,0.09939717431597918,0.012238906216617329,1.9708732076639722e-08,0.00019466653374347324
1993-02-01,1,0,0.00028161286306022614,0.9013244503102227,0.08180716438610712,0.016555769179679613,2.0612868543160805e-07,3.07971322451546e-05
1993-03-01,2,0,0.1918031923741395,0.021422624245767168,0.6748755958112257,0.0006805571509843573,2.1222008677130606e-07,0.11121781819779701
1993-04-01,1,0,0.0007498276866172499,0.627063019220935,0.33789944734106697,0.02975287650021804,2.1809551830456412e-06,0.004532648295978919
1993-05-01,2,0,0.14631380114668768,0.08422085004710567,0.4478970238778285,0.001275702135564748,4.688835241254182e-06,0.32028793395757177
1993-06-01,2,0,0.011869062671335964,0.26285041160456485,0.7088120475752588,0.006106653235779345,1.6353899065544652e-07,0.010361661374069766
1993-07-01,2,0,0.05688913587660862,0.2923725171203403,0.5650855846752885,0.008783002278264163,1.5226559110245907e-06,0.07686823739358777
1993-08-01,2,0,0.044536079490196,0.08135553269074425,0.871901786582085,0.0009885559826529166,2.6769916752469442e-08,0.0012180184844051006
1993-09-01,2,0,0.17817974626242158,0.2383101707933997,0.4405592441990808,0.00283317733691614,5.715844726925103e-07,0.14011708982370968
1993-10-01,2,0,0.0012245981656595429,0.09443547695285026,0.7176634577324685,0.006057879918310681,3.0575775600446756e-06,0.18061552965315128
1993-11-01,5,0,0.002744988344792256,0.022285539821535975,0.43289857440156454,0.0014166908512453173,8.054406739387393e-06,0.5406461521741222
1993-12-01,2,0,0.18542675575661133,0.016560876021312693,0.7278572223097566,0.00043901743952590925,6.574790863156534e-08,0.06971606272488565
1994-01-01,2,0,0.01434687109230731,0.05856758829522375,0.889489492660747,0.0038066693200474247,3.465998136137595e-07,0.0337890320318611
1994-02-01,5,0,4.974443078477355e-08,0.11865734429651908,0.027994137918654478,0.006705982932724968,0.0002827763972215559,0.846359708710449
1994-03-01,5,0,2.8117580418468984e-09,0.010674937260940572,0.009983718821195472,0.0028793942543529597,7.447210702924671e-05,0.9763874747447241
1994-04-01,5,0,5.618357942575125e-09,0.007507972455588073,0.1194287996214518,0.003787078281068647,8.766771121489038e-05,0.8691884763123194
1994-05-01,5,0,1.575708073405e-06,0.00718831992641363,0.34762981230382267,0.0034594890516133742,4.343531617409757e-05,0.6416773676939027
1994-06-01,5,0,6.279722985903181e-07,0.016594984966694804,0.10929613559297746,0.007279028948563961,1.4305055810953804e-05,0.8668149174636542
1994-07-01,2,0,1.64837786876099e-12,0.012054914740450636,0.8348472437763791,0.15155950715497363,6.500437567061559e-06,0.0015318338889804286
1994-08-01,2,0,0.006140215539019693,0.052411705578164894,0.8067877598240802,0.0016200980379320689,7.534529844325628e-06,0.13303268649095956
1994-09-01,5,0,8.590495061604465e-08,0.006768255106001047,0.01494108281567315,0.0006602560322622557,1.765386343497119e-05,0.9776126662776776
1994-10-01,2,0,3.617689219160965e-08,0.0018202797350779058,0.8123845029940256,0.0025826113633491033,2.1672219623548665e-05,0.1831908975110321
1994-11-01,5,0,2.4711753797892474e-08,0.037359555452975965,0.04832315463293867,0.0032124884755416663,0.00033970686409856457,0.9107650698626909
1994-12-01,2,0,2.6526597406434986e-08,0.0009504043527911486,0.7292129713725827,0.0013901604973461257,2.8119713729965087e-06,0.2684436252793104
1995-01-01,2,0,3.586273329848898e-05,0.04729113162852621,0.9457130947019834,0.005460102205781427,1.1018581764959262e-06,0.0014987068722332726
1995-02-01,2,0,1.682301804372406e-06,0.014265141742084911,0.9835790719565902,0.0014540718096813442,2.2412991809954895e-08,0.0007000097768474299
1995-03-01,2,0,3.7765098096864106e-06,0.0006316311538270414,0.8897352092451993,0.00037887372580555656,3.8317275162985035e-07,0.10925012619260697
1995-04-01,2,0,1.642809335343555e-05,0.0027940015688859084,0.9743046895308145,0.0005128847030318713,8.454726399725883e-08,0.022371911556650012
1995-05-01,2,0,5.10368318139672e-15,0.03602124184531666,0.886275054623339,0.07768427600454988,1.8595225806486788e-07,1.9241574531881228e-05
1995-06-01,2,0,4.453920249078156e-06,0.014082169085920944,0.9634600937627602,0.0031415948136347934,4.572622841141106e-07,0.01931123115515089
1995-07-01,2,0,1.4089843973558964e-06,0.0017986505283674292,0.7531094996240656,0.001155674334740515,2.0008748749288126e-06,0.24393276565355335
1995-08-01,2,0,0.0012286861412269502,0.02003303983295469,0.9043557448550291,0.0012751919965253518,1.8947139422440702e-07,0.07310714770286911
1995-09-01,2,0,5.8090461688327917e-05,0.001497101915600801,0.9761575411159089,0.0003299003272912128,2.4895885179719775e-07,0.021957117220658847
1995-10-01,2,0,3.704433134166256e-09,0.0008984150026458217,0.9889999568039661,0.0016100168939583617,8.341275677828734e-07,0.008490773467429184
1995-11-01,2,0,6.187906871205885e-05,0.005301770340955578,0.9909287402133111,0.0006139767502119859,5.773306485685443e-08,0.003093575893745056
1995-12-01,2,0,6.138351399812585e-12,0.012898747207067882,0.8449028677054872,0.14010764237561799,1.2805646123852647e-06,0.0020894621410763106
1996-01-01,2,0,8.508275839484802e-06,0.012733463199478715,0.972813373924582,0.0041860044802353525,9.637957859088471e-07,0.010257686324079333
1996-02-01,5,0,3.2218723535035418e-09,0.001614784242415404,0.09080422321382146,0.002264257647687025,3.2407058600579226e-05,0.9052843246156036
1996-03-01,5,0,1.1245525957149153e-09,0.0012385738119793793,0.42437203323814265,0.004318956455815766,1.2653639164773547e-05,0.570057781730345
1996-04-01,5,0,6.735379454340239e-09,0.010386161343636492,0.3881907392646746,0.013003885132478686,6.374588219882604e-05,0.5883554616416328
1996-05-01,5,0,0.0002821001679985019,0.014543932944806283,0.4366215709320448,0.0012096598415715413,2.909108438720765e-06,0.5473398270051397
1996-06-01,2,0,8.722564037096357e-07,0.006978283338319433,0.9780643110210145,0.00260809919343182,6.688222258677094e-07,0.012347765368605195
1996-07-01,1,0,9.391777936329676e-09,0.633099864628166,0.056796077970502755,0.28529687508849844,0.0005837977484424882,0.024223375172613377
1996-08-01,2,0,8.09001854887714e-13,0.0023690632982238634,0.8269611285115094,0.10439399046560477,3.4695018244720526e-05,0.06624112270560738
1996-09-01,2,0,5.6034275789512036e-09,0.0036883700434419404,0.9887468997490501,0.006362008318364624,7.069857035667797e-07,0.0012020093000121366
1996-10-01,2,0,1.1889284149748448e-08,0.12732630141736576,0.8337247484994144,0.038450327078893044,1.932077213588661e-06,0.000496679037830031
1996-11-01,2,0,1.6832272996455462e-11,0.00023742075889980106,0.9939613034130182,0.004819741813199694,4.6570553852110914e-07,0.000981068292510871
1996-12-01,5,0,1.2137670417997053e-06,0.010135523654593862,0.04711575105928856,0.0013821193676067244,7.235249502794053e-06,0.9413581569019654
1997-01-01,2,0,6.345480518029786e-11,0.00019525009965264077,0.9792371813823899,0.0030166901325940146,1.6193095896528153e-06,0.017549259012319043
1997-02-01,2,0,0.0022180883760436385,0.15283315586368143,0.7829108091618171,0.007428818508427386,5.452317578170065e-06,0.054603675772453134
1997-03-01,5,0,6.2468388601779916e-12,0.005602461528950224,0.012405138792854823,0.012634865714225745,0.00018371955940650896,0.9691738143983152
1997-04-01,2,0,5.588648326953984e-19,5.4491418989375486e-05,0.911122428118823,0.08859745391898516,4.828558376208351e-06,0.0002207979848265656
1997-05-01,2,0,3.0653679984137755e-08,0.017240579376067426,0.956422428305607,0.019410434297852632,1.8899052496520921e-06,0.006924637461543234
1997-06-01,1,0,0.0007199017644500338,0.6987061360017921,0.28139111475405165,0.017668524058104745,3.0360987773863463e-06,0.0015112873228231801
1997-07-01,2,0,3.9733000625558157e-16,0.0004172319099971493,0.9693114143987874,0.030197884283018825,8.177881214164278e-07,7.265162007519999e-05
1997-08-01,1,0,1.0788036878173464e-05,0.8520408335243762,0.023053521665586555,0.03156904255529869,3.556824688566687e-05,0.0932902459709741
1997-09-01,2,0,0.00024290771456635075,0.012699292673275886,0.978229245349877,0.001188971132027385,8.21480357133392e-08,0.007639500982216786
1997-10-01,2,0,5.084096425589898e-05,0.07990311703702928,0.8703416552144126,0.004130245192123149,7.611385908407622e-07,0.045573380453588386
1997-11-01,2,0,1.874281446557338e-05,0.029056021028320545,0.9629290832047814,0.00584691974041587,9.116216073590598e-06,0.002140116995942698
1997-12-01,2,0,0.0005588859551727886,0.08918229635958279,0.9008566281992826,0.0031840280764195003,1.8476741113238335e-06,0.006216313735431078
1998-01-01,2,0,4.499918690639318e-08,0.0015817240601659194,0.9940153840310302,0.0008219257602067785,4.534910834496218e-08,0.0035808758003022974
1998-02-01,2,0,0.00032696338645355584,0.04196144708089485,0.945050809449314,0.0038041836849117957,1.1439779420857032e-05,0.008845156619005833
1998-03-01,2,0,0.0015817262614732713,0.005060909625896604,0.975645671447753,0.0005598014681302863,2.9095835832813154e-07,0.017151600238388083
1998-04-01,2,0,0.0004899842100675042,0.008252819416734789,0.9317030169910323,0.0009539360384503112,4.058694278639931e-07,0.0585998374742875
1998-05-01,2,0,0.003198039296916289,0.30935500779948205,0.6694702668151111,0.006305037132677201,2.4348759726299107e-06,0.011669214079840378
1998-06-01,2,0,3.694047296112197e-07,0.04079455712436309,0.9158559804134273,0.04208488542002778,5.6509074600137866e-05,0.001207698562852581
1998-07-01,3,1,3.5320882097890994e-13,0.03166861756168521,0.2325037804655985,0.7339874556838282,0.00034593918769972005,0.001494207100834866
1998-08-01,1,0,4.252388471109439e-17,0.835540426493035,1.1831028633484715e-05,0.16444767303869942,6.898582532289462e-08,4.53805116447891e-10
1998-09-01,3,1,5.450914213181366e-22,0.0006684259787775674,0.47192191477391676,0.5273939301916785,3.729373342641255e-07,1.5356118292262806e-05
1998-10-01,2,0,3.6729569203216693e-07,0.003676737242952311,0.9908700368165531,0.005033609494073499,8.148450768903671e-07,0.00041843430565261056
1998-11-01,1,0,0.00029185951768418523,0.475959825298968,0.47361467221001374,0.027719095590158418,0.00014373998815402927,0.022270807395021047
1998-12-01,2,0,6.21387201858092e-10,0.007066039520602761,0.9483866312665598,0.04377305536515249,1.0527476959470182e-05,0.0007637457493390389
1999-01-01,2,0,8.233431037797053e-08,0.03583365881336703,0.8796809091069597,0.08183269683246015,5.07968315655437e-05,0.002601856081336974
1999-02-01,1,0,5.854956893777993e-10,0.6389492306575549,0.03389201993669453,0.3075830323207451,0.0053900216244992475,0.01418569487500957
1999-03-01,2,0,4.1685687076489617e-19,0.00012425583867042508,0.5241616971238188,0.47419853382491806,8.390523125533909e-05,0.0014316079813360783
1999-04-01,2,0,0.12396568795044212,0.15657733489833417,0.5611299260506362,0.004265107229108937,1.6980340119348096e-06,0.15406024583746655
1999-05-01,1,0,3.2778959690605596e-06,0.7308096581564345,0.013664588189051982,0.029257844018224607,5.113006257860815e-05,0.22621350167774096
1999-06-01,2,0,1.1970881488467288e-07,0.00515388348382874,0.7876620373272857,0.006015457043583501,1.9974706203126527e-05,0.2011485277302833
1999-07-01,5,0,0.027888318814140698,0.10902493355173595,0.3703990096786838,0.002322288608240934,8.893590693608703e-07,0.4903645599881294
1999-08-01,5,0,9.281563658412266e-08,0.0024127258187424485,0.4424015045433239,0.002379904022845388,1.917612032016684e-05,0.5527865966791307
1999-09-01,2,0,2.270451377757728e-06,0.01810491506998984,0.9156766074013595,0.005430011337756784,9.400474319317606e-07,0.06078525569208404
1999-10-01,2,0,4.0206241401881285e-09,0.05061146892198458,0.8615040350104607,0.08726063283304772,0.0006140244323280833,9.83478155471701e-06
1999-11-01,2,0,4.6543111714916016e-05,0.3998640931322432,0.40041370527126835,0.05086054130475399,6.501274607203017e-05,0.14875010443394676
1999-12-01,3,1,3.857798018631393e-23,0.0013067611081968424,3.8074608209126756e-06,0.998593853234105,9.557618392189634e-05,2.0129557540355097e-09
2000-01-01,3,1,2.006935177322698e-22,0.0020656803053136904,2.32936132456242e-05,0.9954016348117981,0.0009241649102812302,0.0015852263593604656
2000-02-01,3,1,8.392042511829904e-55,8.811442376425085e-08,1.0414833362409703e-24,0.9999999118661161,1.9460677590097003e-11,3.1800263672186114e-34
2000-03-01,3,1,3.4121051595199237e-42,7.387123813918775e-08,5.692521756004148e-11,0.9999926807416186,7.245330219766562e-06,2.4755188849347212e-20
2000-04-01,3,1,1.3924602881412028e-12,0.4114365836947838,0.004361114619155175,0.5840699342320204,6.807163808552721e-05,6.429581456279148e-05
2000-05-01,2,0,8.464514265939317e-13,0.005624826082253147,0.4709210274827527,0.14595367593348865,0.0002530778770342364,0.3772473926236253
2000-06-01,3,1,4.939119932385142e-14,0.3757249175358282,7.872475350260248e-05,0.6241959404231497,4.1477476059659935e-07,2.5127109841670616e-09
2000-07-01,1,0,6.328875927720516e-12,0.6002782613034585,0.030888085180468164,0.3622018010942933,0.00026856688777829687,0.006363285527674007
2000-08-01,2,0,3.2750206283167136e-11,0.003316084969467405,0.9361263244164326,0.05782570622846569,1.5388704814576388e-05,0.0027164956480686038
2000-09-01,1,0,1.6589533276889435e-06,0.9151901786692891,0.04123385832037065,0.04111582290525521,1.6599085714763654e-06,0.0024568212431865925
2000-10-01,3,1,1.5998342976093345e-16,0.1451583865071386,0.004127083894502962,0.850241021077371,0.0004074183891978642,6.609013179081005e-05
2000-11-01,3,1,1.1963944346151399e-32,0.05193227664329817,9.052039301597512e-13,0.9480676341586439,8.919715427280003e-08,9.049992078139837e-19
2000-12-01,3,1,2.411095946429242e-15,0.3443791860483906,0.01057717357974897,0.6450414665432712,1.4216118794696845e-07,2.031667399569216e-06
2001-01-01,3,1,9.648247512632295e-28,0.0002148955624976399,7.115185501583735e-06,0.9997775632479159,4.22347082310879e-07,3.6570021514648764e-09
2001-02-01,1,0,7.998168788335546e-22,0.8848714376675949,2.2386957224370086e-10,0.1151285292099313,3.289854514163033e-08,5.937141110132156e-14
2001-03-01,1,0,1.9828466861088286e-09,0.9565673523637753,0.0008199066947953942,0.042603716611971244,7.845043145585665e-08,8.943896179391392e-06
2001-04-01,2,0,3.167551956173687e-14,0.0007850667943490092,0.5871974565054916,0.4094714518136731,8.059020310144757e-05,0.0024654346833521534
2001-05-01,1,0,0.017611325228972057,0.7192825543209431,0.24303449355249582,0.011220900237208382,1.461453637539348e-07,0.008850580515016165
2001-06-01,1,0,8.676414738549905e-05,0.9531999433979437,0.02977471352450881,0.010130149585898984,3.748806828550502e-06,0.006804680537433643
2001-07-01,1,0,1.8438690343458192e-09,0.6606093892832968,0.15540174251163044,0.18384671761352134,1.0849110589872574e-06,0.00014106383662389847
2001-08-01,1,0,7.295670986806826e-05,0.9892299537491456,0.005215783302942357,0.005228623598848411,5.637015793597243e-08,0.00025262626903799885
2001-09-01,3,1,1.621637700438014e-26,0.043496064571019975,1.007838077722263e-05,0.956493853577319,3.450674694984796e-09,2.020936600999654e-11
2001-10-01,1,0,8.567144631268912e-09,0.8803596408518267,0.009780409795480501,0.10985824400702625,1.070098201718162e-07,1.5897687026099753e-06
2001-11-01,2,0,0.0022790593748856568,0.231721833885319,0.667003889948111,0.09717272693367254,1.3546502260279029e-05,0.0018089433557523461
2001-12-01,1,0,0.06852810002741368,0.6869970006316782,0.08677611753209515,0.008011410699665137,3.1071293979636907e-06,0.14968426397974913
2002-01-01,1,0,0.09005299905745968,0.8069055213595813,0.0710415333924269,0.003656742963210276,6.931042373227257e-07,0.028342510123085154
2002-02-01,1,0,8.422930898544133e-06,0.9576853291115708,0.01324925815884699,0.02885352171231105,6.046214507148554e-07,0.0002028634649224546
2002-03-01,5,0,1.8223404989607612e-06,0.26448115034204545,0.11816329094337918,0.12414587809969474,0.0001498639244682049,0.49305799434991315
2002-04-01,1,0,1.0266682856294074e-10,0.9912008723178631,3.377581433505682e-05,0.008765187175003112,6.6206290397822046e-09,1.5796950443796668e-07
2002-05-01,0,0,0.7160209299043409,0.060406468365529445,0.21936232861670124,0.00049051726732909,4.2662967610110906e-08,0.003719713183132178
2002-06-01,1,0,0.00024117568149300482,0.9908580189718972,0.007012031009935393,0.0018528768998390594,1.6069348192923882e-08,3.5881367486902404e-05
2002-07-01,1,0,3.0380646287529065e-08,0.8377436068401051,0.06570672012697172,0.09654755766803957,1.2983109340777985e-06,7.866733015581343e-07
2002-08-01,2,0,0.05767125385443513,0.029777119386775273,0.9016954319571988,0.0008322344146563592,3.576714858949513e-08,0.010023924619786375
2002-09-01,1,0,3.901838564883695e-08,0.9928811155741749,0.0030714053388097074,0.004047232992946755,2.324736878810812e-08,1.838283152490815e-07
2002-10-01,2,0,0.0034962848121506363,0.1129972726984256,0.865443574417273,0.01802149190343846,3.1195315123846024e-06,3.8256637199873955e-05
2002-11-01,1,0,1.6849253189009443e-07,0.928686870646002,2.7645602685694705e-06,0.07130915365214842,1.0423666986534337e-06,2.823495026636169e-10
2002-12-01,1,0,2.1534457713096654e-07,0.9524560458863428,0.02804604445776222,0.01949346130452404,1.8856964943343345e-07,4.044437143330687e-06
2003-01-01,5,0,0.0017881132145190408,0.042755295794034046,0.42641962085234736,0.006592129661945073,1.9151803424690898e-06,0.5224429252968119
2003-02-01,2,0,0.13320289200863478,0.0869777601363178,0.7711883583583112,0.0012927241255464533,6.169421449237394e-08,0.007338203676974765
2003-03-01,0,0,0.5752415668637791,0.3638670156993466,0.05675047396626166,0.001978039241168266,3.590345032687095e-07,0.0021625451949406293
2003-04-01,0,0,0.8854483633044776,0.09193848500840532,0.02206026595958848,0.0005424500262877379,2.636505939682794e-08,1.0409336181672615e-05
2003-05-01,1,0,2.9851553762111826e-07,0.9481856833739365,0.0006167138832950099,0.051197260399934455,1.648472544259302e-08,2.7342571165302206e-08
2003-06-01,0,0,0.9459148370013233,0.018205596380901506,0.03042079060295001,0.0001293740922644618,1.5841551143132292e-08,0.0053293860810096445
2003-07-01,1,0,2.0807205961218336e-07,0.8200195176559795,0.0009709237795831122,0.16286230747656222,0.0001885856993961836,0.015958457316419383
2003-08-01,0,0,0.9878104074469125,0.006360835726299383,0.0050392957274483325,3.5383497153884795e-05,2.5376033321745604e-09,0.00075407506458266
2003-09-01,1,0,0.0025660026444238302,0.5676062306727648,0.42423417274481595,0.004482642810078146,1.9719854107584017e-08,0.001110931408064028
2003-10-01,0,0,0.7974737023335782,0.10022258301328864,0.08031072890260456,0.0021894058119570066,4.6086022598280103e-07,0.01980311907834524
2003-11-01,0,0,0.9892592705946635,0.004593293516520118,0.00431153141758556,1.4859334517791037e-05,1.7226945560473065e-09,0.0018210434140189936
2003-12-01,2,0,0.007821872080386106,0.01416483145105804,0.9697034684422602,0.002938179539997745,8.852685319883138e-08,0.00537155995944495
2004-01-01,0,0,0.7452440977866428,0.23155793446251646,0.02140146789271605,0.0013077939554248623,2.0546832924937097e-08,0.0004886853558671023
2004-02-01,2,0,0.04724643473871405,0.027273816382812194,0.9076873318547372,0.001708047431438025,8.229690962093301e-08,0.016084287295389875
2004-03-01,0,0,0.8291190374122308,0.039470186025186316,0.12449231493303634,0.00018908486180356786,1.380283831979179e-08,0.006729362964904778
2004-04-01,3,1,1.7693380975759701e-10,0.17791343771084936,0.03484670177130002,0.6991360223087288,0.007293514589001102,0.08081032344318552
2004-05-01,0,0,0.8761072806034162,0.010003375931764143,0.08038028739978402,0.00011478215011326771,1.0369747075212287e-07,0.033394170217451634
2004-06-01,1,0,0.2187418031208427,0.5349407360650628,0.15083280437725097,0.002485623618850701,1.6334897209528145e-06,0.09299739932827127
2004-07-01,2,0,0.017662404797753044,0.24807039951106497,0.7149863223656221,0.008515677317027957,1.544666245037856e-06,0.010763651342286653
2004-08-01,2,0,0.3729101046156251,0.17000598738392583,0.4542192269278765,0.0009717254527092344,4.506618315924454e-08,0.0018929105536797304
2004-09-01,2,0,0.2851664630261677,0.10052717783179495,0.36547799755578414,0.0020633810309306417,1.0681349211246118e-06,0.24676391242040116
2004-10-01,0,0,0.9020531527126721,0.008889826315164235,0.08272713408373239,6.579769906120868e-05,1.541087349746626e-08,0.006264073778496323
2004-11-01,5,0,0.0028791472992967977,0.38723778832149014,0.09715313952368786,0.0043984891322417004,1.6693449504535662e-05,0.5083147422737789
2004-12-01,0,0,0.8547504423382568,0.044803654776030474,0.09907694749418484,0.00022652342239171537,4.563275459584382e-08,0.0011423863363822255
2005-01-01,0,0,0.4456237666765885,0.10438585806193655,0.3019444429689475,0.0009106307185313743,2.126430524367868e-06,0.14713317514347202
2005-02-01,5,0,0.00043869733031754593,0.006839968218542273,0.40920867721938814,0.00128662053754059,2.629461780029333e-06,0.5822234072324312
2005-03-01,5,0,0.019665909896920023,0.018907347250342935,0.39913652810091454,0.0009309598618004355,1.0865988298493718e-06,0.561358168291193
2005-04-01,2,0,0.10635292981461938,0.39792378856952965,0.4918615649318626,0.0033404244293177474,5.36282707162901e-07,0.0005207559719636706
2005-05-01,0,0,0.7295985124565758,0.03553592395070875,0.22347847399950907,0.00024032364257984306,2.855670243035626e-08,0.011146737393924386
2005-06-01,0,0,0.5770614505492948,0.07068944385425388,0.209064711023587,0.000424909590948626,2.1401433251399734e-07,0.1427592709675837
2005-07-01,5,0,0.00015216343338175155,0.017230956223075782,0.22079399342719827,0.0013650465277402464,8.46765615533739e-06,0.7604493727324485
2005-08-01,2,0,1.7269978487790593e-05,0.04574040960470229,0.9028015927951131,0.012609184852075666,2.1433674380205735e-06,0.038829399402182614
2005-09-01,5,0,9.075252420242911e-06,0.0011629300134268822,0.21296237792425893,0.00042803862226890545,2.1871621994705537e-06,0.7854353910254257
2005-10-01,1,0,0.004986870781580192,0.4621256810814417,0.34672659751351115,0.008285360091743667,0.00010786067354702328,0.17776762985817557
2005-11-01,2,0,0.07995389693682542,0.00900160205694376,0.8728041728814967,0.0002812143979198647,1.1225230146115934e-07,0.03795900147451247
2005-12-01,2,0,0.010361766163785828,0.008032628905325318,0.8418644234315081,0.00036594282272519284,2.405647766201004e-07,0.13937499811187862
2006-01-01,5,0,0.0024600687844010863,0.20018719622296755,0.2218522882903995,0.003965582621779224,8.135644116045634e-06,0.5715267284363361
2006-02-01,2,0,0.076018691275362,0.32251253040542566,0.5064091380218027,0.004078004168468677,7.07541037470012e-06,0.0909745607185661
2006-03-01,5,0,0.0013672433734812385,0.016081118806541818,0.29187948171341155,0.0008777634272591336,1.7540552467122712e-06,0.6897926386240595
2006-04-01,2,0,5.217751774447756e-07,0.0009512191102839402,0.6654236019438851,0.001145620539623053,1.5207506822464302e-06,0.3324775158803478
2006-05-01,2,0,2.302925139963406e-05,0.009372236682825068,0.646232448805956,0.0016433609316507712,5.63049394470867e-06,0.34272329383422295
2006-06-01,2,0,0.001724581515788008,0.009995450919752815,0.6858431327559232,0.00046327330749646606,1.350682582576401e-06,0.3019722108184572
2006-07-01,2,0,5.299821580700978e-06,0.005045619023446551,0.9731421119391954,0.0017055519253769567,5.319273655027249e-07,0.02010088536303412
2006-08-01,2,0,0.002292939702115178,0.05846306802156826,0.9314599223733164,0.0018377646387705995,1.6958438988547072e-07,0.005946135679839863
2006-09-01,2,0,0.0024026207344511334,0.05830620435359633,0.9334255581144725,0.0019015290721873448,4.3834656486296366e-07,0.003963649378728287
2006-10-01,2,0,0.00022511356697085548,0.004701828303100137,0.7741166039069547,0.0006264378418310148,6.541359681243183e-07,0.22032936224517438
2006-11-01,2,0,3.026914434340573e-06,0.0011383364904353722,0.9316765396709155,0.0005650865548902525,1.799506558675372e-07,0.06661683041866942
2006-12-01,2,0,0.010305699387892452,0.1993696024271258,0.7067462963018728,0.0067267596921478595,8.855344948888085e-06,0.0768427868460122
2007-01-01,2,0,0.00036598221325297723,0.002705310930332231,0.690404157072341,0.0002963604235825239,8.445718209728402e-07,0.3062273447886699
2007-02-01,2,0,0.0001416883353587664,0.020030088962088233,0.946609860665732,0.0012827894453286376,1.4506250612669642e-07,0.031935427528986725
2007-03-01,2,0,2.2047957883655937e-05,0.00144600000397126,0.8708684113400241,0.00042566352903737354,2.899758628891483e-07,0.1272375871932209
2007-04-01,2,0,3.1945847007306784e-06,0.000566973440381772,0.9772590425703048,0.0003463943590152527,2.1066892948583562e-07,0.021824184376667943
2007-05-01,2,0,7.496994453662115e-07,0.0035401743741242204,0.7636020621355606,0.003697896134733398,7.080128509555281e-06,0.2291520375276261
2007-06-01,2,0,0.005494899367937817,0.014727975518603774,0.6570469530799995,0.0005724279135155618,7.239327012208016e-07,0.32215702018724135
2007-07-01,2,0,2.5303359662787324e-08,0.012221889033249951,0.9755318733881024,0.008555620019575914,3.7132181085750544e-06,0.003686879037603246
2007-08-01,3,1,1.0222710358570074e-15,0.062490314605605966,0.2596005549538317,0.677865590573732,2.5645634923383927e-07,4.3283410480460846e-05
2007-09-01,2,0,1.2200769213711094e-12,6.696108251470515e-05,0.9850051424740135,0.007918925382066457,7.367794306137191e-07,0.007008234280755385
2007-10-01,2,0,0.002821464089938343,0.004673109870274837,0.9386723331536504,0.00037636306493302,1.7325095796232662e-07,0.05345655657024556
2007-11-01,3,1,1.20074464602866e-19,0.12970723257954447,0.16558732531845033,0.7047030310446203,4.126145365553126e-08,2.3697959318139338e-06
2007-12-01,2,0,1.3772642415526393e-11,0.011344994071447423,0.8161249769512476,0.13274170220742437,4.301652258082434e-05,0.03974531023352675
2008-01-01,3,1,1.9569852040606558e-43,2.8620770026785557e-05,3.7125369832113526e-08,0.9999713419952673,1.0888398113179295e-10,4.5226694457220855e-13
2008-02-01,2,0,1.6781969498534752e-09,0.04586256472866623,0.8268867493559506,0.12557685802162405,9.937951716571185e-07,0.0016728324203893266
2008-03-01,1,0,0.012253241279534354,0.7910216861807348,0.18065892709073317,0.013253637849141086,1.5644212523340376e-07,0.0028123511577313213
2008-04-01,2,0,6.661541092454081e-08,0.003502454749078384,0.6832834172180234,0.013677674265293246,4.328508382499946e-05,0.29949310206836827
2008-05-01,5,0,2.6802833874802903e-05,0.04151908634018834,0.1153747833286583,0.0021100169194208924,1.7219431385020244e-05,0.840952091146473
2008-06-01,1,0,8.292014942512986e-08,0.8814982029086758,0.04440471904725957,0.07375951160812004,5.871249540338292e-05,0.00027877102039076306
2008-07-01,1,0,1.33965609885679e-09,0.9034491615483304,0.00031150147396491847,0.0962256952992315,5.095766540101929e-07,1.313076216297623e-05
2008-08-01,1,0,0.00014093988287171335,0.8996313590757378,0.0795332116754294,0.013446289706069096,6.810529239822799e-07,0.007247518606968217
2008-09-01,1,0,1.5777598886779293e-12,0.910005388661356,6.904485945022001e-06,0.08998761401689842,4.317582786735506e-08,4.965839571800404e-08
2008-10-01,3,1,3.315943403551299e-38,0.0011851827418658458,1.4084738857343355e-18,0.9988146237042925,1.9355384285021906e-07,2.8425705701694717e-21
2008-11-01,1,0,3.1358568480346943e-16,0.9274940707445196,0.0001470271050159317,0.07235889987073532,2.2193359006979393e-09,6.039229461026336e-11
2008-12-01,1,0,2.4544165236084446e-06,0.8748394751273666,0.10809143207319138,0.016869758870971672,2.3771711305382016e-08,0.0001968557402349914
2009-01-01,1,0,4.422475279103059e-08,0.7963697599641572,0.0001423551174638371,0.20291285512035853,0.0005472431675394398,2.774240572967133e-05
2009-02-01,1,0,0.0006259389156186457,0.9854631908796966,0.001394806652820826,0.012408823316860971,8.207204694565188e-06,9.903303030921328e-05
2009-03-01,2,0,0.32194760392260185,0.20876846675808008,0.4653868203386159,0.003817422551349055,1.9948506648970022e-08,7.966648084673582e-05
2009-04-01,1,0,1.541546027802893e-06,0.9690595981351313,0.0002722317922240107,0.030662526501212685,5.868713402886882e-07,3.515154064130806e-06
2009-05-01,2,0,1.4777379712199421e-08,0.0024621829218921965,0.8395715883221948,0.11955816159106952,8.621125785947941e-06,0.03839943126167768
2009-06-01,0,0,0.9737813236898628,0.01418125287452925,0.008025393615993786,6.444520334790312e-05,1.5867113975611687e-08,0.003947568749151914
2009-07-01,0,0,0.7929517689662259,0.18737249470032566,0.01806601543073083,0.001522958183903633,1.2565938922282297e-08,8.67501528747185e-05
2009-08-01,1,0,0.03324849532765837,0.9516444312110534,0.01017350344619234,0.004928816557500221,2.7210557410789303e-08,4.726247038145322e-06
2009-09-01,0,0,0.9664225104425128,0.011240099509625961,0.021151484791767285,5.647097707175622e-05,1.6256133194203605e-09,0.0011294326534089748
2009-10-01,2,0,0.0001008872659066433,0.04347249392862995,0.9116520488657289,0.04114774815111017,4.047881236213516e-06,0.003622773907388005
2009-11-01,2,0,0.13654272141290713,0.03134879855940774,0.8299681295952914,0.0014557746335862526,2.3567031635315628e-08,0.0006845522317752505
2009-12-01,1,0,0.00013988157899636727,0.9195447082305251,0.008889616910426897,0.023855726729525288,1.4755105109556985e-05,0.047555311445417255
2010-01-01,1,0,0.001419295973252436,0.9435274828035134,0.04619353619475422,0.008343889435206548,6.34768699821456e-08,0.0005157321164036697
2010-02-01,0,0,0.9895834425388959,0.004075116027649221,0.0058577780985336805,2.296154432364967e-05,9.228108719675749e-10,0.0004607008677867965
2010-03-01,0,0,0.9447126193041271,0.04023037526342147,0.013905487916978796,0.00021800230690875594,2.912698861392311e-08,0.0009334860815759231
2010-04-01,0,0,0.5878092272323833,0.3740699635998761,0.03174312296801091,0.0012789147929372832,1.987100958177761e-08,0.005098751535783169
2010-05-01,1,0,0.0005635685280841636,0.9900251224082726,0.0052564618886072915,0.004127226832925373,6.61909191782539e-08,2.755415119183656e-05
2010-06-01,1,0,0.005071050732874562,0.7758668110902043,0.20553402673874158,0.013314169963445062,5.513165010103828e-07,0.0002133901582341976
2010-07-01,0,0,0.697274626615476,0.024918110329654648,0.2744038232496267,0.0009935159423653305,1.82990920185661e-08,0.0024099055637857277
2010-08-01,1,0,0.3130631798831865,0.47344706022932065,0.2101441697873641,0.0029995096612505418,1.1237108125642746e-07,0.0003459680677970341
2010-09-01,0,0,0.8048529396108377,0.04960501851020127,0.1423187035248178,0.001475106569810928,3.325498614451639e-08,0.001748198529346205
2010-10-01,0,0,0.6999615262384535,0.010504090832584478,0.2801957032878336,0.00031243941169900916,1.5953951792587965e-08,0.009026224275477928
2010-11-01,0,0,0.9624241436185027,0.021011088358123927,0.006063162859238439,6.784939923627653e-05,1.3231170934060898e-08,0.010433742533727395
2010-12-01,1,0,0.003254725545266835,0.7194134101449176,0.055501005474581894,0.22115978470891184,8.23333166840219e-06,0.0006628407946517714
2011-01-01,0,0,0.964297596802405,0.0030463929278641403,0.032131300525953095,3.4222905040249435e-05,2.9187327414489228e-09,0.0004904839200043839
2011-02-01,0,0,0.9959366097359801,0.00143246974057931,0.002385095685914885,7.01048043948249e-06,5.414255876542297e-10,0.0002388138156603625
2011-03-01,0,0,0.9723288824390306,0.007994193309870098,0.016235638452947995,4.275335261079934e-05,5.054070835182775e-09,0.0033985273914695704
2011-04-01,2,0,0.4847569777568239,0.02275491028672518,0.4895879901310306,0.0004888857956757029,9.875466290182141e-09,0.002411226154277607
2011-05-01,0,0,0.72623986627108,0.2045612743068634,0.06829717864791333,0.0006323776838334812,2.3649048979082857e-08,0.00026927944126069414
2011-06-01,0,0,0.9422168183117203,0.04449018008291411,0.012020767659529284,0.00016632558680355704,2.6658914241145e-08,0.0011058817001185172
2011-07-01,2,0,0.22620841752669998,0.3013939221873412,0.46792306653500354,0.002834421059031199,1.1083548336364536e-07,0.0016400618564414106
2011-08-01,1,0,0.002319285731416597,0.7565211270268828,0.23093095387270876,0.010131983956701349,1.0737348226350691e-07,9.654203880759802e-05
2011-09-01,1,0,3.451320888777728e-07,0.9844675378570842,1.1696590125049099e-05,0.015519704444119842,7.010091542430359e-07,1.4967428641011107e-08
2011-10-01,0,0,0.8541132423320116,0.07221650284972629,0.07100296405727781,0.0024062039670775747,5.097766350848776e-08,0.0002610358162436783
2011-11-01,0,0,0.9869683464618072,0.005246941633371345,0.007239935557495463,1.634765337122735e-05,1.1854461814400704e-09,0.0005284275085086317
2011-12-01,0,0,0.793337751725422,0.14475730419542385,0.05963890653238268,0.0005137469352546322,1.5779462596615813e-08,0.0017522748320544428
2012-01-01,0,0,0.9833564194520544,0.003474959402275585,0.012904010213748493,2.4464330780112704e-05,1.0259923294063868e-09,0.00024014557514937524
2012-02-01,0,0,0.9061193227291799,0.003174154473903113,0.0880597994363216,8.782945050924276e-05,1.423685994869675e-08,0.002558879673225865
2012-03-01,0,0,0.9839550865843991,0.009503382830767898,0.006285450679112107,4.137863184977833e-05,6.02581774632472e-09,0.00021469524805330697
2012-04-01,0,0,0.9579822158103272,0.013474013874777665,0.027811089767811548,4.789211813833147e-05,1.9742286516417977e-09,0.0006847864547169946
2012-05-01,1,0,0.00023512381929132535,0.9901715713232988,0.0033122160637114235,0.006157886435437712,1.2266630425919593e-07,0.0001230796919566338
2012-06-01,0,0,0.9718147180580409,0.002684872594026925,0.023753158918950433,4.380971801615741e-05,2.930678598391747e-09,0.0017034377802868594
2012-07-01,2,0,0.03556692704253567,0.024433878417168126,0.9244375153310412,0.002651345944902207,1.1114213260396171e-07,0.012910222122220563
2012-08-01,0,0,0.9926930935999279,0.0008777295458020038,0.0061215834324965185,5.7893468576733385e-06,4.3048447024721337e-10,0.000301803644431448
2012-09-01,0,0,0.9946523615735069,0.001534100910260391,0.0035889913535717237,7.953027266042824e-06,4.598975622370356e-10,0.00021659267549757583
2012-10-01,0,0,0.6963592522729101,0.27696370697815204,0.023798562214159023,0.0010978186571526632,7.161278085831221e-08,0.0017805882648443787
2012-11-01,0,0,0.9905386693463663,0.0017820966204364352,0.007264375200957812,7.16225176091582e-06,3.6246285164042906e-10,0.0004076962180161139
2012-12-01,0,0,0.9690173418514039,0.02454467062736665,0.0055378592274929195,8.625315427887142e-05,4.367924364151742e-09,0.0008138707715325518
2013-01-01,0,0,0.9907079739489919,0.002730882816238657,0.006373322877189505,2.472620918085338e-05,1.916423031496835e-09,0.00016309223197646542
2013-02-01,0,0,0.9613149362409441,0.020854574054746427,0.017415909216657328,6.802031723922106e-05,3.650270926455882e-09,0.0003465565201419191
2013-03-01,0,0,0.994010838266882,0.0010665163919622981,0.004721770118571569,5.423273339193315e-06,2.3365623680200565e-10,0.00019545171558914146
2013-04-01,0,0,0.9809909465572958,0.004867350172725923,0.01404640497728547,2.1161575853469062e-05,1.078410770511949e-09,7.413563842839855e-05
2013-05-01,0,0,0.9384584961977577,0.04577384740536954,0.011382950548170935,0.00032267964498490216,6.524662638041812e-08,0.004061960957090359
2013-06-01,0,0,0.8403575642880564,0.12389812414215182,0.014476967506471334,0.0006672277727019394,2.0449293599877827e-07,0.02059991179768183
2013-07-01,0,0,0.9949173927077617,0.001416447480259187,0.003573442086604497,7.326704748450565e-06,2.665616782986364e-10,8.539075406491521e-05
2013-08-01,2,0,0.1430336710868757,0.0965997859337715,0.6042306624996368,0.004716214147602403,1.550741866911561e-06,0.1514181155902461
2013-09-01,0,0,0.9013875326169781,0.05024901416562005,0.047420022978908,0.00019582967272609432,4.684529782766006e-09,0.0007475958812383232
2013-10-01,0,0,0.8825644970556543,0.025492609622268028,0.09090671247518893,0.00022251269883688868,1.3313736637582104e-08,0.0008136548343146865
2013-11-01,0,0,0.9943016540634598,0.0014589115205292046,0.0037279916788571627,6.0063724627057056e-06,6.872415706967907e-10,0.0005054356774498064
2013-12-01,0,0,0.9468699597461485,0.00479247612772281,0.040060207071337485,9.142322527012139e-05,2.32459811768778e-08,0.008185910583539735
2014-01-01,1,0,0.007925163903148324,0.7890429255789434,0.18680968235545264,0.014573616484299246,2.4326954314370784e-07,0.0016483684086135405
2014-02-01,0,0,0.7775956472969825,0.007339295483043882,0.20757314563347412,0.0002809924376457782,1.8197383443922212e-08,0.007210900951470122
2014-03-01,0,0,0.9446677553369349,0.02792447962008429,0.024194035547501158,0.00020654564163310186,1.6650061030656465e-08,0.0030071672037849935
2014-04-01,2,0,0.2983861244496407,0.04514749028914882,0.646853508732172,0.002138155012019574,1.0769161700089933e-07,0.007474613825401605
2014-05-01,0,0,0.9776211080844531,0.004864088443359521,0.017429016915601534,2.212676770530753e-05,1.2536891308041235e-09,6.365853519169668e-05
2014-06-01,0,0,0.9901126116954675,0.0038114362890883675,0.005367162592444849,1.8812818577234485e-05,1.5632882049175225e-09,0.0006899750411334331
2014-07-01,0,0,0.9521728157598441,0.031451232369092516,0.01596476028732286,0.00021819435783590184,3.9259590491526566e-08,0.00019295796631381784
2014-08-01,0,0,0.979921093805976,0.003738339341448439,0.01621017520707731,1.741814934826752e-05,6.069158802151689e-10,0.00011297288923415726
2014-09-01,0,0,0.9425331121755979,0.045021619248777164,0.011899364783210714,0.0003476332745036876,9.85556539349996e-08,0.00019817196225740364
2014-10-01,0,0,0.9418917006416507,0.03396876244658227,0.022697876250087425,0.00010571042878022357,2.6575147922116836e-09,0.0013359475753840031
2014-11-01,0,0,0.9762305144001537,0.007535893406406629,0.016157890445507528,3.6878342412436914e-05,2.718484250854853e-09,3.882068703566476e-05
2014-12-01,1,0,0.006040400825220851,0.9614742487360931,0.015146355589910211,0.008974135861771513,7.619919878471513e-07,0.00836409699501612
2015-01-01,1,0,0.048021077772682025,0.8057057595732664,0.14281824767762114,0.003368739677126598,4.044029033278102e-08,8.613485901302786e-05
2015-02-01,0,0,0.6285600267812084,0.022368054707907193,0.3289496477397405,0.0011960500052237678,2.5898429973680335e-07,0.018925961781620333
2015-03-01,1,0,0.41391328115810716,0.5122878317412267,0.06157179986575602,0.0018072742517969192,9.492765327547497e-08,0.010419718055460306
2015-04-01,2,0,0.052526730071922906,0.012926121929903781,0.8947656847759302,0.002039822530422204,1.5862966986881085e-07,0.03774148206215091
2015-05-01,0,0,0.9899915597068774,0.004394349148763871,0.0052170594669738645,1.988610057398666e-05,2.0662241321475953e-09,0.0003771435105865807
2015-06-01,0,0,0.9582494853750345,0.016894488030761264,0.016327737991734093,8.102885343660746e-05,1.72020241907072e-08,0.008447242547010188
2015-07-01,1,0,0.10710941483289368,0.8819733234811195,0.005838872277917449,0.005077677575500584,5.855527050220985e-07,1.2627986422181718e-07
2015-08-01,0,0,0.8651600245556333,0.10852754871518724,0.016105240989238292,0.0002901091622258381,3.2437032778480193e-08,0.009917044140682861
2015-09-01,0,0,0.8733031520077078,0.057832844426260285,0.06813089017084432,0.0003163406658640078,8.232843109513318e-09,0.00041676449648008363
2015-10-01,0,0,0.889353179530341,0.010734017173226959,0.09938569444541828,0.0001867844654396482,3.538017743667185e-08,0.0003402890053958941
2015-11-01,1,0,0.008072101779757722,0.9499388081794288,0.020966297368117774,0.01035045440873616,2.073606885942845e-06,0.010670264657073833
2015-12-01,0,0,0.9536809706096329,0.018360198485335363,0.02648447548814501,0.0001761671271395439,5.4012912289554435e-08,0.0012981342768357644
2016-01-01,1,0,0.0018902944336756493,0.9579876136410763,0.034412320413219795,0.005607785738247775,4.815475006312286e-08,0.00010193761902989302
2016-02-01,0,0,0.8887613004610568,0.06548095753221013,0.041462155933581636,0.00020348139226573488,1.6388747149282686e-08,0.004092088292138769
2016-03-01,0,0,0.8892805553413502,0.008279142071502597,0.10112572702075096,0.00019063418966481873,4.356424898607565e-09,0.001123937020306656
2016-04-01,0,0,0.5735155826549657,0.2824945441269914,0.1260558188617718,0.007541664296953534,2.551889495654414e-07,0.010392134870368103
2016-05-01,0,0,0.9777230415357365,0.002798236292744334,0.01866285801191364,2.465042305288487e-05,8.060619971852183e-09,0.0007912056759329571
2016-06-01,2,0,0.14540576891471657,0.22224072294724223,0.625657839219349,0.0023615323958941226,1.3486023631287514e-08,0.004334123036773587
2016-07-01,0,0,0.6381861230472049,0.27554254599031375,0.0811790426853169,0.0013237075298646096,1.428120612156074e-07,0.003768437935237974
2016-08-01,0,0,0.9823753563269393,0.009714106683927231,0.00547313274898063,3.393716035966325e-05,6.527806837713613e-09,0.002403460551986673
2016-09-01,0,0,0.9489217886476994,0.012990808563705441,0.03434258361783887,0.00011498724267890859,5.847283422095128e-09,0.00362982608079368
2016-10-01,0,0,0.8623738651989472,0.02998514043900479,0.10021513185402568,0.000420782295333701,1.2713206039839952e-07,0.007004953080628268
2016-11-01,1,0,4.5642722915641943e-07,0.9837527069814325,2.6237070041381776e-05,0.016205835240486747,9.173885293459888e-07,1.3846892282029575e-05
2016-12-01,0,0,0.97825785153035,0.003361059382299827,0.015301555138126583,2.334955680905968e-05,3.3208505903820227e-09,0.0030561810715638766
2017-01-01,0,0,0.9402051465834391,0.003336488074997594,0.05550500477287292,4.3797756293824266e-05,6.549283634441244e-09,0.0009095562631131294
2017-02-01,0,0,0.8815474825297855,0.0035030941058452197,0.1142252490162849,6.808467750325739e-05,1.0724861009126766e-08,0.0006560789457200916
2017-03-01,0,0,0.9812513072935763,0.009299988506303569,0.008146951000941153,2.7627480615764812e-05,1.7220443515356458e-08,0.0012741084981199673
2017-04-01,0,0,0.9694701454894948,0.006532638334237958,0.023348104764253527,2.902966834008427e-05,4.538234543528981e-09,0.0006200772054393104
2017-05-01,0,0,0.8778627799504368,0.013598481100336506,0.1078220724054939,0.000186812297582597,6.888670333291539e-08,0.0005297853594462485
2017-06-01,0,0,0.9773577116363958,0.009545481214941694,0.008546443094607802,4.249844488859906e-05,7.16069332643547e-09,0.004507858448472533
2017-07-01,0,0,0.860677240590656,0.004332776758939084,0.1318834494744935,7.418044088404157e-05,9.134146083860483e-09,0.0030323436008812097
2017-08-01,2,0,0.4716383827425249,0.018651666623456437,0.5056400112919313,0.0004082920380879789,4.127592215022074e-08,0.003661606028076881
2017-09-01,0,0,0.8229367995718112,0.1512261463831327,0.012975950349468343,0.0005836350802122809,8.34264973349844e-08,0.01227738518887787
2017-10-01,2,0,0.2505964890665844,0.007931670404124418,0.7133957049373386,0.00042781705164913233,2.2514927830619153e-07,0.027648093391025825
2017-11-01,0,0,0.6558804605952006,0.03676995183589431,0.2710324159098443,0.0005074534120545658,3.186229178782694e-07,0.035809399624089217
2017-12-01,0,0,0.9126343095448305,0.0057705616615718915,0.06694446169000312,6.453061935936448e-05,2.317240822069137e-08,0.014586113311826854
2018-01-01,2,0,0.0041170081912047015,0.009508518101627231,0.9671196447254089,0.002386407490509895,2.718581566479589e-06,0.01686570290968194
2018-02-01,0,0,0.8199192549061867,0.057480465942657336,0.08104832749937721,0.0003198068532172887,5.532428325442295e-07,0.0412315915557297
2018-03-01,0,0,0.8252595817284223,0.09901921045697307,0.05425086725014489,0.00031911061191945207,3.623096283309678e-08,0.021151193721577963
2018-04-01,0,0,0.6843250367687805,0.047630667773953174,0.14786726539363107,0.000602851095760036,4.247352362359296e-07,0.11957375423263883
2018-05-01,0,0,0.801257232093294,0.0889574099891311,0.10443507982143777,0.0005277581638223266,3.633285766517948e-08,0.004822483599457644
2018-06-01,0,0,0.9760335288597242,0.00604068958687102,0.015263389323871598,2.485724596420518e-05,9.949325462759816e-09,0.0026375250342435654
2018-07-01,0,0,0.736952314774608,0.014594816998859984,0.23881620753585114,0.0001926877883536387,1.5281589106342756e-07,0.009443820086435583
2018-08-01,0,0,0.7308779661132601,0.027179262298260395,0.23948852481986893,0.0002869043960738841,6.532481541567008e-08,0.0021672770477219002
2018-09-01,2,0,0.13094019341312496,0.01537985777996931,0.6418017547337403,0.0007122983467636909,8.621863724977421e-07,0.21116503354002905
2018-10-01,1,0,0.00643020955837069,0.9146542220924246,0.06351091588608979,0.010245973140169147,3.842848111875206e-06,0.0051548364748345045
2018-11-01,0,0,0.8518703679275633,0.007722614943501337,0.137630186862122,5.997043788048747e-05,8.939923929561627e-09,0.0027168508890092953
2018-12-01,1,0,4.961869565893495e-05,0.974875649991669,0.012157160925789237,0.012891970784465726,6.553045435274418e-07,2.4944297873960785e-05
2019-01-01,2,0,0.05797634270644371,0.03470931663599502,0.8975125272252501,0.00213024451743282,1.0774665532714063e-07,0.007671461168223469
2019-02-01,0,0,0.6227947114640112,0.01280098882915289,0.32976431811519474,0.00022232333489117503,9.2469473392566e-08,0.034417565787276914
2019-03-01,2,0,0.0020843820648776814,0.020953245156177688,0.9751066016319615,0.0013192815511599359,7.405432723066493e-08,0.0005364155414960826
2019-04-01,2,0,0.09428776753350233,0.012232066180682163,0.8730749063221296,0.000463759349557686,2.1325317473460405e-07,0.019941287360952766
2019-05-01,1,0,0.0002627899581618308,0.7882417838557105,0.19778479436535656,0.012834351955552808,2.5363948249254417e-07,0.0008760262257360687
2019-06-01,2,0,0.007760800470092954,0.011952161386261383,0.9781480736447496,0.0008343675508332769,1.02336119970616e-08,0.0013045867144502042
2019-07-01,0,0,0.7650444353484375,0.006533900871811541,0.21716330360488773,0.00010385386860092038,4.271261802231581e-08,0.011154463593643959
2019-08-01,2,0,4.049936375846001e-05,0.32874516164369155,0.6589916624752583,0.01215255823326411,1.084235062842422e-07,7.000986052173778e-05
2019-09-01,1,0,0.3509010766997966,0.4833402847616198,0.14991706897880258,0.006171327868203703,3.5351145283456623e-07,0.00966988818012472
2019-10-01,2,0,0.01310538349422008,0.013352787463707822,0.9590900340237025,0.0012793135858348275,3.077263367403912e-08,0.013172450659901561
2019-11-01,0,0,0.9669020115514118,0.005373803452653798,0.026772117619341496,4.0292784562650706e-05,1.4505272645948666e-08,0.0009117600867575392
2019-12-01,0,0,0.8442871362222714,0.007066743976935436,0.12938039481096544,0.00014645898401551778,1.672324574184945e-08,0.019119249282566822
2020-01-01,1,0,0.0007086507417466709,0.9174831063606735,0.06468060014525773,0.017126724646476653,4.3730265097242126e-07,4.808031945731553e-07
2020-02-01,1,0,5.321808707518175e-09,0.905354176775042,0.016831057502834437,0.07780571985204601,1.1766190445236851e-07,8.922886364779822e-06
2020-03-01,3,1,3.1718603417689302e-52,2.766883255556972e-06,1.2288286905667539e-18,0.9999972302394571,2.8772872548754274e-09,1.1829001412508958e-25
2020-04-01,1,0,0.00017279961846197083,0.7957696976765057,0.1502034406333862,0.05378654422123281,1.140482965438484e-06,6.637736744620346e-05
2020-05-01,2,0,0.29247175133134834,0.09652152357573215,0.603500525227346,0.0034182459723950632,2.6784934093910405e-07,0.0040876860438380375
2020-06-01,0,0,0.9916640502164619,0.001328530910104051,0.006289732868205201,6.865157468972946e-06,5.159140425480612e-10,0.0007108203318454867
2020-07-01,2,0,0.021819420958563065,0.01008597274832803,0.9640982087058727,0.002131501825759642,5.179126207298827e-08,0.001864843970214349
2020-08-01,2,0,3.226740640897748e-05,0.01281101143062316,0.954515327655065,0.026282128665479385,1.6283161919481449e-06,0.006357636526230656
2020-09-01,0,0,0.8228187452947718,0.13071326199599087,0.04269153522467474,0.0008917681932687375,1.086203831959465e-07,0.0028845806709107687
2020-10-01,0,0,0.932323093826959,0.05676180576055069,0.005582258981753214,0.00014528132310804654,8.938810959638815e-09,0.005187551168817334
2020-11-01,1,0,0.03018595046541806,0.9554847830681854,0.0038763493550148555,0.010444221881421122,4.840916778664557e-08,8.646820792126006e-06
2020-12-01,0,0,0.9805764354160701,0.011895628694467024,0.0069288467798602265,7.2738997640894e-05,2.3936091637003494e-09,0.0005263477183532597
2021-01-01,1,0,0.003947019698508893,0.9884783586181666,0.0002661243402905546,0.007266971459153257,3.325738119478345e-08,4.149262649962131e-05
2021-02-01,0,0,0.6650630862624857,0.2751647402298431,0.04476888919010741,0.0034499216138637262,1.9940497092920687e-07,0.01155316329872954
2021-03-01,1,0,8.235502733644701e-07,0.9354431685419728,0.003245674767363856,0.061266525673931295,1.5014101317175705e-06,4.23060563268978e-05
2021-04-01,2,0,9.66852156345333e-06,0.00305285418944629,0.9818417424405628,0.01182868981490485,4.0432664889161434e-07,0.0032666407068731034
2021-05-01,1,0,0.2822943810485439,0.6747893160689452,0.03559849545641205,0.00413676094093881,5.672820361617522e-08,0.0031809897569560416
2021-06-01,2,0,0.30482059687349333,0.17932557523205847,0.5034672056208607,0.006802924404352343,8.531689929391139e-07,0.005582844700241644
2021-07-01,2,0,0.00680692989799264,0.08954229334112071,0.8888129264900989,0.014166160020916982,4.808883707072167e-07,0.0006712093615004452
2021-08-01,0,0,0.9875971098578583,0.0009460411386205878,0.011133903213210998,8.66150389221559e-06,1.0904577627429097e-09,0.00031428319596025854
2021-09-01,1,0,0.43085775405307974,0.49074069833312906,0.04093145434997015,0.005243515224394155,3.272472991458128e-07,0.032226250792127376
2021-10-01,2,0,0.10793452021984913,0.011421362833152152,0.8742476600224456,0.0017175428706400248,2.403240169817602e-07,0.004678673729896686
2021-11-01,1,0,0.0002480961239075132,0.9859562671271335,0.004220289085415176,0.009549239442617987,7.013670965294276e-07,2.5406853829189785e-05
2021-12-01,1,0,0.0454513318318852,0.6281380829571502,0.2729245555803875,0.027039758051889056,1.545073977363678e-06,0.026444726504711108
2022-01-01,1,0,2.762760769314053e-13,0.8125432252277994,2.994288291075285e-07,0.18745340799915203,3.0646633242668997e-06,2.6806199234060566e-09
2022-02-01,1,0,0.2397324162015074,0.7154909803886792,0.021437081638407993,0.004367012571896106,4.822856543871451e-07,0.018972026913855432
2022-03-01,5,0,9.243258445890063e-11,0.05798532798713258,0.12063834937218867,0.29638753824681097,0.001148000086298569,0.5238407842151351
2022-04-01,1,0,9.39700822131158e-10,0.9758907221719679,6.075452169576601e-05,0.02355591878102055,1.267124656053501e-05,0.00047993233905402544
2022-05-01,1,0,0.000943029388149404,0.9841003777674756,0.004583827080089088,0.009774700035075476,4.0025962181964595e-07,0.0005976654695889695
2022-06-01,1,0,9.688571750226334e-12,0.9791573249838038,5.431875169762041e-07,0.02055695437414051,0.0002851665512011073,1.0893647864637152e-08
2022-07-01,1,0,1.234072323981342e-06,0.85830587228042,0.00451705421393423,0.1371226651288304,5.029715703209506e-05,2.8771474586042677e-06
2022-08-01,1,0,5.686501103243222e-10,0.7369186102229882,0.007179871835353395,0.08204824319985339,0.0014054839120823828,0.1724477902610721
2022-09-01,1,0,5.1070813547943563e-14,0.7151965617986036,0.00018593057000170112,0.24303697786387088,0.018143777626281554,0.02343675214119122
2022-10-01,3,1,3.649781641038541e-21,0.05670853743705136,5.33997973092716e-06,0.9374519296841763,0.005795770854927059,3.842204411255558e-05
2022-11-01,1,0,6.966451513016943e-07,0.6931145725649124,0.11509075611276963,0.1911071544946838,2.4310986465033932e-05,0.0006625091960170774
2022-12-01,1,0,0.011504012454017923,0.5278140430157221,0.15483040782140647,0.008415238821786183,4.749389427565343e-06,0.29743154849764
2023-01-01,2,0,1.1747362987592313e-05,0.4000542107986617,0.563539717635918,0.03579701559987594,2.1992842270699216e-06,0.0005951093183295913
2023-02-01,5,0,3.22034287603668e-06,0.08934532782094723,0.07281701542174811,0.007463290100206649,0.00024021801805727437,0.8301309282961655
2023-03-01,3,1,1.381664708726802e-14,0.026290842053363555,0.45827663122656115,0.5154258553697646,6.3989750896182415e-06,2.723752079091418e-07
2023-04-01,2,0,0.0023066685211033345,0.032326291229363424,0.8984197326530923,0.0014344247937472798,2.088157595343705e-06,0.06551079464509853
2023-05-01,1,0,7.875342297392623e-09,0.5890729792415075,0.021753734414836946,0.3843857952309334,0.004689747043318114,9.773619406086411e-05
2023-06-01,2,0,3.975338876253898e-09,0.002115865571852221,0.7928463668000876,0.009279466070825755,2.041411380249385e-05,0.19573788346809295
2023-07-01,2,0,0.00037379936479814413,0.027023818122005258,0.6786842181127619,0.003949755598238793,2.485625727539917e-06,0.28996592317646747
2023-08-01,2,0,1.227999192995553e-08,0.0017872973152507265,0.95789388795905,0.004219510105451453,1.1452262657859702e-05,0.03608784007759735
2023-09-01,5,0,4.0435562129849137e-08,0.0035568760969532827,0.1873584489708462,0.003279751578126405,2.621862905697894e-05,0.8057786642894559
2023-10-01,2,0,1.2447714326221117e-09,0.0007277706589876515,0.7890547243007988,0.003833767915628639,1.5154901948119312e-05,0.20636858097786456
2023-11-01,2,0,7.042526608347317e-08,0.11909791827915951,0.8638902783487512,0.01700868455982916,1.4251618400663868e-07,2.9058708100473654e-06
2023-12-01,1,0,7.183515114299188e-10,0.7904511650137983,0.02412820974512343,0.18539030331050563,1.702753846007102e-07,3.0150936834925192e-05
2024-01-01,2,0,5.910970352306893e-11,0.00021906888284938276,0.9890685808966818,0.003834910337377401,7.378972088397373e-06,0.006870060851893889
2024-02-01,2,0,4.902191368327106e-07,0.007375760635319407,0.921654414641992,0.00814178548983027,5.9648830015800755e-05,0.06276790018370572
2024-03-01,2,0,2.6532784940328213e-05,0.004113956736841459,0.9486136883636179,0.0011321818819550735,4.734132530164116e-07,0.04611316681939189
2024-04-01,5,0,5.1997798518142704e-14,0.00013211537088601968,0.0726962390555564,0.005073121516588821,0.00010001850117240236,0.9219985055557444
2024-05-01,2,0,1.2825957539739039e-08,0.0029932454328450843,0.9870930719950022,0.003202664044140318,1.173740730165588e-06,0.006709831961325285
2024-06-01,2,0,2.3185995260986764e-07,0.001496791500362151,0.9966363334203309,0.0013729607702522005,5.12860848099292e-07,0.0004931695882547713
2024-07-01,1,0,7.809680157764681e-11,0.8532719134053839,0.009814190237665969,0.13679115978245815,4.563522147677011e-07,0.0001222801441786139
2024-08-01,2,0,4.1221964816136355e-09,0.000751218277140737,0.9971123832399569,0.0009853382296046997,7.118796815014147e-08,0.0011509849431325038
2024-09-01,2,0,2.5174644034933115e-12,0.00035791807265857163,0.9878801726650296,0.00817046366560102,8.305766121903878e-08,0.0035913625365316605
2024-10-01,5,0,1.694048037655482e-06,0.028507528999325626,0.17916898821826596,0.01110845897794198,9.962621614431176e-05,0.7811137035402853
2024-11-01,2,0,0.0018755405395239181,0.0695947025128377,0.9048098687412943,0.004127219272941556,5.760313900076406e-07,0.01959209290201319
2024-12-01,2,0,4.505369041500202e-11,0.001047545775967797,0.7689199981870002,0.038684704685081804,4.932023984831377e-05,0.19129843106704808
2025-01-01,2,0,4.4827590018209625e-06,0.0007888447936649758,0.9724058653485301,0.00063290596819947,3.928368616114531e-07,0.02616750829374186
2025-02-01,2,0,0.0006242547658400518,0.1395488030625319,0.839022843460446,0.010233037630959198,3.346889154337223e-06,0.01056771419106804
2025-03-01,2,0,5.656794181024572e-05,0.020189730382459928,0.7470115768584936,0.002452996338453019,2.133301479084348e-06,0.23028699517730372
2025-04-01,2,0,0.000898803278310577,0.1382445022144387,0.8393210192188467,0.013947622803770106,1.3328013365061311e-05,0.00757472447126803
2025-05-01,2,0,0.0036749909742648545,0.004838126543284518,0.9700479346972167,0.00032474445053739696,2.5174818270679985e-07,0.021113951586513857
2025-06-01,2,0,0.010300420740508182,0.01912755108175769,0.9572138168536387,0.001305476619720525,5.055736046954784e-07,0.012052229130769468
2025-07-01,2,0,0.0073905901710445395,0.005614226348443261,0.9335160534918833,0.000336138449540334,3.1344118703445984e-07,0.05314267809790187
2025-08-01,1,0,0.09681110812537436,0.4291214595618928,0.34479657248739254,0.005656571569885002,1.0066125722797833e-06,0.12361328164288234
2025-09-01,2,0,4.7697487368955205e-05,0.0018305141526557783,0.9881173595424628,0.0007150579566447314,5.584026545377424e-07,0.00928881245821279
