rebalance_month,strategy,SPY,XLB,XLE,XLF,XLI,XLK,XLP,XLU,XLV,XLY
2014-01-01,SAA_CVaR,0.0,0.0,0.0,0.0,0.0,0.0,0.5503790154010851,0.10642342520870686,0.343197559390208,0.0
2014-01-01,RS_CVaR,0.0,0.0,0.0,0.0,0.0,0.0,0.5979583435485373,0.1954489493100007,0.20659270714146202,0.0
2014-01-01,DR_CVaR_l1,0.0,0.0,0.0,0.0,0.0,0.0,0.25864670761435155,0.25864670761435155,0.25864670761435155,0.2240598771569453
2014-01-01,RSDR_CVaR_l1,0.0,0.08838569243833982,0.08917680792608,0.0,0.0,0.11938405572983393,0.2343511479685821,0.2343511479685821,0.2343511479685821,0.0
2014-02-01,SAA_CVaR,0.0,0.0,0.0,0.0,0.0,0.0,0.5503790154010851,0.10642342520870686,0.343197559390208,0.0
2014-02-01,RS_CVaR,0.0,0.0,0.0,0.0,0.0,0.0,0.666255750985097,0.0,0.33374424901490296,0.0
2014-02-01,DR_CVaR_l1,0.0,0.0,0.0,0.0,0.0,0.0,0.25864670761435155,0.25864670761435155,0.25864670761435155,0.2240598771569453
2014-02-01,RSDR_CVaR_l1,0.0,0.12121436145396841,0.0,0.0,0.0,0.08193604101354156,0.19921239938312252,0.19921239938312252,0.19921239938312252,0.19921239938312257
2014-03-01,SAA_CVaR,0.0,0.0,0.0,0.0,0.0,0.0,0.5503790154010851,0.10642342520870686,0.343197559390208,0.0
2014-03-01,RS_CVaR,0.0,0.0,0.0,0.0,0.0,0.0,0.5979583435485373,0.1954489493100007,0.20659270714146202,0.0
2014-03-01,DR_CVaR_l1,0.0,0.0,0.0,0.0,0.0,0.0,0.25864670761435155,0.25864670761435155,0.25864670761435155,0.2240598771569453
2014-03-01,RSDR_CVaR_l1,0.0,0.006747448807875894,0.09106133832292512,0.0,0.0,0.21461129484855218,0.21461129484855218,0.21461129484855218,0.21461129484855218,0.04374603347499046
2014-04-01,SAA_CVaR,0.0,0.0,0.0,0.0,0.0,0.0,0.5503790154010851,0.10642342520870686,0.343197559390208,0.0
2014-04-01,RS_CVaR,0.0,0.0,0.0,0.0,0.0,0.0,0.5979583435485373,0.1954489493100007,0.20659270714146202,0.0
2014-04-01,DR_CVaR_l1,0.0,0.0,0.0,0.0,0.0,0.0,0.25864670761435155,0.25864670761435155,0.25864670761435155,0.2240598771569453
2014-04-01,RSDR_CVaR_l1,0.0,0.08838569243834055,0.08917680792608013,0.0,0.0,0.1193840557298334,0.23435114796858203,0.23435114796858203,0.23435114796858203,0.0
2014-05-01,SAA_CVaR,0.0,0.0,0.0,0.0,0.0,0.0,0.5503790154010851,0.10642342520870686,0.343197559390208,0.0
2014-05-01,RS_CVaR,0.0,0.0,0.0,0.0,0.0,0.0,0.5979583435485373,0.1954489493100007,0.20659270714146202,0.0
2014-05-01,DR_CVaR_l1,0.0,0.0,0.0,0.0,0.0,0.0,0.25864670761435155,0.25864670761435155,0.25864670761435155,0.2240598771569453
2014-05-01,RSDR_CVaR_l1,0.0,0.12694336972744086,0.10383773830613785,0.0,0.0,0.046448168892040564,0.240923574358127,0.240923574358127,0.240923574358127,0.0
2014-06-01,SAA_CVaR,0.0,0.0,0.0,0.0,0.0,0.0,0.5503790154010851,0.10642342520870686,0.343197559390208,0.0
2014-06-01,RS_CVaR,0.0,0.0,0.0,0.0,0.0,0.0,0.7875893220778258,0.21241067792217416,0.0,0.0
2014-06-01,DR_CVaR_l1,0.0,0.0,0.0,0.0,0.0,0.0,0.25864670761435155,0.25864670761435155,0.25864670761435155,0.2240598771569453
2014-06-01,RSDR_CVaR_l1,0.0,0.0,0.0,0.0,0.0,0.04081037142023436,0.2397974071449414,0.2397974071449414,0.2397974071449414,0.2397974071449414
2014-07-01,SAA_CVaR,0.0,0.0,0.0,0.0,0.0,0.0,0.5503790154010851,0.10642342520870686,0.343197559390208,0.0
2014-07-01,RS_CVaR,0.0,0.0,0.0,0.0,0.0,0.0,0.7875893220778258,0.21241067792217416,0.0,0.0
2014-07-01,DR_CVaR_l1,0.0,0.0,0.0,0.0,0.0,0.0,0.25864670761435155,0.25864670761435155,0.25864670761435155,0.2240598771569453
2014-07-01,RSDR_CVaR_l1,0.0,0.0,0.0,0.0,0.0,0.04081037142023434,0.2397974071449414,0.2397974071449414,0.2397974071449414,0.2397974071449414
2014-08-01,SAA_CVaR,0.0,0.0,0.0,0.0,0.0,0.0,0.510273860012493,0.0,0.489726139987507,0.0
2014-08-01,RS_CVaR,0.0,0.0,0.0,0.0,0.0,0.0,0.6702701622572137,0.0,0.3297298377427863,0.0
2014-08-01,DR_CVaR_l1,0.0,0.0,0.0,0.0,0.0,0.0,0.25864670761435155,0.25864670761435155,0.25864670761435155,0.22405987715694536
2014-08-01,RSDR_CVaR_l1,0.0,0.0,0.0,0.0,0.0,0.19999999999999987,0.200000000000001,0.20000000000000173,0.20000000000000112,0.20000000000000087
2014-09-01,SAA_CVaR,0.0,0.0,0.0,0.0,0.0,0.0,0.510273860012493,0.0,0.489726139987507,0.0
2014-09-01,RS_CVaR,0.0,0.0,0.0,0.0,0.0,0.0,0.7875893220778258,0.21241067792217416,0.0,0.0
2014-09-01,DR_CVaR_l1,0.0,0.0,0.0,0.0,0.0,0.0,0.25864670761435155,0.25864670761435155,0.25864670761435155,0.22405987715694536
2014-09-01,RSDR_CVaR_l1,0.0,0.0,0.0,0.0,0.0,0.040810371420234685,0.23979740714493905,0.23979740714494197,0.23979740714494271,0.23979740714494152
2014-10-01,SAA_CVaR,0.0,0.0,0.0,0.0,0.0,0.0,0.510273860012493,0.0,0.489726139987507,0.0
2014-10-01,RS_CVaR,0.0,0.0,0.0,0.0,0.0,0.0,0.7875893220778258,0.21241067792217416,0.0,0.0
2014-10-01,DR_CVaR_l1,0.0,0.0,0.0,0.0,0.0,0.0,0.25864670761435155,0.25864670761435155,0.25864670761435155,0.22405987715694536
2014-10-01,RSDR_CVaR_l1,0.0,0.0,0.0,0.0,0.0,0.040810371420234956,0.2397974071449413,0.2397974071449413,0.2397974071449413,0.23979740714494155
2014-11-01,SAA_CVaR,0.0,0.0,0.0,0.0,0.0,0.0,0.510273860012493,0.0,0.489726139987507,0.0
2014-11-01,RS_CVaR,0.0,0.0,0.0,0.0,0.0,0.0,0.6702701622572137,0.0,0.3297298377427863,0.0
2014-11-01,DR_CVaR_l1,0.0,0.0,0.0,0.0,0.0,0.0,0.25864670761435155,0.25864670761435155,0.25864670761435155,0.22405987715694536
2014-11-01,RSDR_CVaR_l1,0.0,0.0,0.0,0.0,0.0,0.2000000000000051,0.2,0.19999999999997958,0.20000000000002185,0.19999999999999596
2014-12-01,SAA_CVaR,0.0,0.0,0.0,0.0,0.0,0.0,0.510273860012493,0.0,0.489726139987507,0.0
2014-12-01,RS_CVaR,0.0,0.0,0.0,0.0,0.0,0.0,0.6702701622572137,0.0,0.3297298377427863,0.0
2014-12-01,DR_CVaR_l1,0.0,0.0,0.0,0.0,0.0,0.0,0.25864670761435155,0.25864670761435155,0.25864670761435155,0.22405987715694536
2014-12-01,RSDR_CVaR_l1,0.0,0.0,0.0,0.0,0.0,0.2000000000000009,0.1999999999999999,0.200000000000001,0.19999999999999976,0.20000000000000126
2015-01-01,SAA_CVaR,0.0,0.0,0.0,0.0,0.0,0.0,0.510273860012493,0.0,0.489726139987507,0.0
2015-01-01,RS_CVaR,0.0,0.0,0.0,0.0,0.0,0.0,0.8189479453931929,0.18105205460680707,0.0,0.0
2015-01-01,DR_CVaR_l1,0.0,0.0,0.0,0.0,0.0,0.0,0.25864670761435155,0.25864670761435155,0.25864670761435155,0.22405987715694542
2015-01-01,RSDR_CVaR_l1,0.0,0.0,0.0,0.0,0.0,0.04081037142023414,0.2397974071449414,0.2397974071449414,0.2397974071449414,0.2397974071449414
2015-02-01,SAA_CVaR,0.0,0.0,0.0,0.0,0.0,0.0,0.510273860012493,0.0,0.489726139987507,0.0
2015-02-01,RS_CVaR,0.0,0.0,0.0,0.0,0.0,0.0,0.6702701622572137,0.0,0.3297298377427863,0.0
2015-02-01,DR_CVaR_l1,0.0,0.0,0.0,0.0,0.0,0.0,0.25864670761435155,0.25864670761435155,0.25864670761435155,0.22405987715694542
2015-02-01,RSDR_CVaR_l1,0.0,0.0,0.0,0.0,0.0,0.20000000000000034,0.19999999999999934,0.20000000000000076,0.19999999999999976,0.20000000000000015
2015-03-01,SAA_CVaR,0.0,0.0,0.0,0.0,0.0,0.0,0.510273860012493,0.0,0.489726139987507,0.0
2015-03-01,RS_CVaR,0.0,0.0,0.0,0.0,0.0,0.0,0.7875893220778258,0.21241067792217416,0.0,0.0
2015-03-01,DR_CVaR_l1,0.0,0.0,0.0,0.0,0.0,0.0,0.25864670761435155,0.25864670761435155,0.25864670761435155,0.22405987715694542
2015-03-01,RSDR_CVaR_l1,0.0,0.0,0.0,0.0,0.0,0.04081037142023389,0.23979740714494158,0.23979740714494147,0.23979740714494158,0.2397974071449416
2015-04-01,SAA_CVaR,0.0,0.0,0.0,0.0,0.0,0.0,0.510273860012493,0.0,0.489726139987507,0.0
2015-04-01,RS_CVaR,0.0,0.0,0.0,0.0,0.0,0.0,0.6702701622572137,0.0,0.3297298377427863,0.0
2015-04-01,DR_CVaR_l1,0.0,0.0,0.0,0.0,0.0,0.0,0.25864670761435155,0.25864670761435155,0.25864670761435155,0.22405987715694542
2015-04-01,RSDR_CVaR_l1,0.0,0.0,0.0,0.0,0.0,0.2,0.2,0.2,0.2,0.2
2015-05-01,SAA_CVaR,0.0,0.0,0.0,0.0,0.0,0.0,0.510273860012493,0.0,0.489726139987507,0.0
2015-05-01,RS_CVaR,0.0,0.0,0.0,0.0,0.0,0.0,0.7875893220778258,0.21241067792217416,0.0,0.0
2015-05-01,DR_CVaR_l1,0.0,0.0,0.0,0.0,0.0,0.0,0.25864670761435155,0.25864670761435155,0.25864670761435155,0.22405987715694542
2015-05-01,RSDR_CVaR_l1,0.0,0.0,0.0,0.0,0.0,0.04081037142023479,0.23979740714493786,0.23979740714494124,0.2397974071449411,0.2397974071449414
2015-06-01,SAA_CVaR,0.0,0.0,0.0,0.0,0.0,0.0,0.510273860012493,0.0,0.489726139987507,0.0
2015-06-01,RS_CVaR,0.0,0.0,0.0,0.0,0.0,0.0,0.7875893220778258,0.21241067792217416,0.0,0.0
2015-06-01,DR_CVaR_l1,0.0,0.0,0.0,0.0,0.0,0.0,0.25864670761435155,0.25864670761435155,0.25864670761435155,0.22405987715694542
2015-06-01,RSDR_CVaR_l1,0.0,0.0,0.0,0.0,0.0,0.04081037142023483,0.23979740714494122,0.23979740714494133,0.23979740714494116,0.2397974071449415
2015-07-01,SAA_CVaR,0.0,0.0,0.0,0.0,0.0,0.0,0.510273860012493,0.0,0.489726139987507,0.0
2015-07-01,RS_CVaR,0.0,0.0,0.0,0.0,0.0,0.0,0.6702701622572137,0.0,0.3297298377427863,0.0
2015-07-01,DR_CVaR_l1,0.0,0.0,0.0,0.0,0.0,0.0,0.25864670761435155,0.25864670761435155,0.25864670761435155,0.22405987715694542
2015-07-01,RSDR_CVaR_l1,0.0,0.0,0.0,0.0,0.0,0.2,0.2,0.2,0.2,0.2
2015-08-01,SAA_CVaR,0.0,0.0,0.0,0.0,0.0,0.0,0.510273860012493,0.0,0.489726139987507,0.0
2015-08-01,RS_CVaR,0.0,0.0,0.0,0.0,0.0,0.0,0.7875893220778258,0.21241067792217416,0.0,0.0
2015-08-01,DR_CVaR_l1,0.0,0.0,0.0,0.0,0.0,0.0,0.25864670761435155,0.25864670761435155,0.25864670761435155,0.22405987715694536
2015-08-01,RSDR_CVaR_l1,0.0,0.0,0.0,0.0,0.0,0.040810371420234325,0.2397974071449414,0.2397974071449414,0.2397974071449414,0.2397974071449414
2015-09-01,SAA_CVaR,0.0,0.0,0.0,0.0,0.0,0.0,0.6443128499623921,0.35568715003760787,0.0,0.0
2015-09-01,RS_CVaR,0.0,0.0,0.0,0.0,0.0,0.0,0.7267950578199887,0.27320494218001135,0.0,0.0
2015-09-01,DR_CVaR_l1,0.0,0.0,0.0,0.0,0.0,0.15295342520377478,0.22153403003322847,0.22153403003322847,0.22153403003322847,0.18244448469654007
2015-09-01,RSDR_CVaR_l1,0.0,0.0,0.0,0.0,0.0,0.19999999999999998,0.19999999999999998,0.19999999999999998,0.19999999999999998,0.19999999999999998
2015-10-01,SAA_CVaR,0.0,0.0,0.0,0.0,0.0,0.0,0.6443128499623921,0.35568715003760787,0.0,0.0
2015-10-01,RS_CVaR,0.0,0.0,0.0,0.0,0.0,0.0,0.7817057271804796,0.1459673187022619,0.07232695411725851,0.0
2015-10-01,DR_CVaR_l1,0.0,0.0,0.0,0.0,0.0,0.15295342520377467,0.22153403003322844,0.22153403003322844,0.22153403003322844,0.18244448469653998
2015-10-01,RSDR_CVaR_l1,0.0,0.0,0.0,0.0,0.0,0.19999999999999984,0.20000000000000004,0.20000000000000004,0.20000000000000004,0.20000000000000004
2015-11-01,SAA_CVaR,0.0,0.0,0.0,0.0,0.0,0.0,0.6443128499623921,0.35568715003760787,0.0,0.0
2015-11-01,RS_CVaR,0.0,0.0,0.0,0.0,0.0,0.0,0.7875893220778258,0.21241067792217416,0.0,0.0
2015-11-01,DR_CVaR_l1,0.0,0.0,0.0,0.0,0.0,0.15295342520377475,0.2215340300332284,0.2215340300332284,0.2215340300332284,0.18244448469653995
2015-11-01,RSDR_CVaR_l1,0.0,0.13909581146198183,0.0,0.0,0.0,0.17218083770760373,0.17218083770760362,0.17218083770760362,0.17218083770760362,0.17218083770760362
2015-12-01,SAA_CVaR,0.0,0.0,0.0,0.0,0.0,0.0,0.6443128499623921,0.35568715003760787,0.0,0.0
2015-12-01,RS_CVaR,0.0,0.0,0.0,0.0,0.0,0.0,0.6751136363636364,0.3248863636363636,0.0,0.0
2015-12-01,DR_CVaR_l1,0.0,0.0,0.0,0.0,0.0,0.15295342520377475,0.2215340300332284,0.2215340300332284,0.2215340300332284,0.18244448469653995
2015-12-01,RSDR_CVaR_l1,0.0,0.0,0.0,0.0,0.0,0.17355775787607292,0.20661056053097762,0.2066105605309827,0.20661056053098661,0.2066105605309827
2016-01-01,SAA_CVaR,0.0,0.0,0.0,0.0,0.0,0.0,0.6443128499623921,0.35568715003760787,0.0,0.0
2016-01-01,RS_CVaR,0.0,0.0,0.0,0.0,0.0,0.0,0.7875893220778258,0.21241067792217416,0.0,0.0
2016-01-01,DR_CVaR_l1,0.0,0.0,0.0,0.0,0.0,0.15295342520377422,0.2215340300332278,0.22153403003322603,0.22153403003322636,0.1824444846965424
2016-01-01,RSDR_CVaR_l1,0.0,0.13909581146198383,0.0,0.0,0.0,0.17218083770760334,0.17218083770760326,0.17218083770760326,0.17218083770760326,0.17218083770760312
2016-02-01,SAA_CVaR,0.0,0.0,0.0,0.0,0.0,0.0,0.6443128499623921,0.35568715003760787,0.0,0.0
2016-02-01,RS_CVaR,0.0,0.0,0.0,0.0,0.0,0.0,0.7817057271804796,0.1459673187022619,0.07232695411725851,0.0
2016-02-01,DR_CVaR_l1,0.0,0.0,0.0,0.0,0.0,0.15295342520377422,0.2215340300332278,0.22153403003322603,0.22153403003322636,0.1824444846965424
2016-02-01,RSDR_CVaR_l1,0.0,0.0,0.0,0.0,0.0,0.20315389193535943,0.20315389193535896,0.203153891935359,0.20315389193536001,0.18738443225856294
2016-03-01,SAA_CVaR,0.0,0.0,0.0,0.0,0.0,0.0,0.6443128499623921,0.35568715003760787,0.0,0.0
2016-03-01,RS_CVaR,0.0,0.0,0.0,0.0,0.0,0.0,0.6751136363636364,0.3248863636363636,0.0,0.0
2016-03-01,DR_CVaR_l1,0.0,0.0,0.0,0.0,0.0,0.15295342520377422,0.2215340300332278,0.22153403003322603,0.22153403003322636,0.1824444846965424
2016-03-01,RSDR_CVaR_l1,0.0,0.0,0.0,0.0,0.0,0.20000000000000023,0.2000000000000002,0.19999999999999885,0.20000000000000237,0.19999999999999993
2016-04-01,SAA_CVaR,0.0,0.0,0.0,0.0,0.0,0.0,0.6443128499623921,0.35568715003760787,0.0,0.0
2016-04-01,RS_CVaR,0.0,0.0,0.0,0.0,0.0,0.0,0.6751136363636364,0.3248863636363636,0.0,0.0
2016-04-01,DR_CVaR_l1,0.0,0.0,0.0,0.0,0.0,0.15295342520377422,0.2215340300332278,0.22153403003322603,0.22153403003322636,0.1824444846965424
2016-04-01,RSDR_CVaR_l1,0.0,0.0,0.0,0.0,0.0,0.17355775787607425,0.20661056053098145,0.20661056053098145,0.20661056053098145,0.20661056053098145
2016-05-01,SAA_CVaR,0.0,0.0,0.0,0.0,0.0,0.0,0.6443128499623921,0.35568715003760787,0.0,0.0
2016-05-01,RS_CVaR,0.0,0.0,0.0,0.0,0.0,0.0,0.6751136363636364,0.3248863636363636,0.0,0.0
2016-05-01,DR_CVaR_l1,0.0,0.0,0.0,0.0,0.0,0.15295342520377422,0.2215340300332278,0.22153403003322603,0.22153403003322636,0.1824444846965424
2016-05-01,RSDR_CVaR_l1,0.0,0.0,0.0,0.0,0.0,0.17355775787607408,0.2066105605309816,0.20661056053098162,0.2066105605309821,0.20661056053098015
2016-06-01,SAA_CVaR,0.0,0.0,0.0,0.0,0.0,0.0,0.6443128499623921,0.35568715003760787,0.0,0.0
2016-06-01,RS_CVaR,0.0,0.0,0.0,0.0,0.0,0.0,0.7875893220778258,0.21241067792217416,0.0,0.0
2016-06-01,DR_CVaR_l1,0.0,0.0,0.0,0.0,0.0,0.15295342520377422,0.2215340300332278,0.22153403003322603,0.22153403003322636,0.1824444846965424
2016-06-01,RSDR_CVaR_l1,0.0,0.1390958114619813,0.0,0.0,0.0,0.1721808377076037,0.1721808377076037,0.1721808377076037,0.1721808377076037,0.1721808377076037
2016-07-01,SAA_CVaR,0.0,0.0,0.0,0.0,0.0,0.0,0.6443128499623921,0.35568715003760787,0.0,0.0
2016-07-01,RS_CVaR,0.0,0.0,0.0,0.0,0.0,0.0,0.6751136363636364,0.3248863636363636,0.0,0.0
2016-07-01,DR_CVaR_l1,0.0,0.0,0.0,0.0,0.0,0.15295342520377503,0.2215340300332284,0.2215340300332284,0.2215340300332284,0.1824444846965398
2016-07-01,RSDR_CVaR_l1,0.0,0.0,0.0,0.0,0.0,0.173557757876074,0.2066105605309815,0.2066105605309815,0.2066105605309815,0.2066105605309815
2016-08-01,SAA_CVaR,0.0,0.0,0.0,0.0,0.0,0.0,0.6443128499623921,0.35568715003760787,0.0,0.0
2016-08-01,RS_CVaR,0.0,0.0,0.0,0.0,0.0,0.0,0.6444902407181623,0.3555097592818377,0.0,0.0
2016-08-01,DR_CVaR_l1,0.0,0.0,0.0,0.0,0.0,0.15295342520377503,0.2215340300332284,0.2215340300332284,0.2215340300332284,0.1824444846965398
2016-08-01,RSDR_CVaR_l1,0.0,0.13909581146198252,0.0,0.0,0.0,0.17218083770760323,0.17218083770760353,0.17218083770760353,0.17218083770760353,0.17218083770760362
2016-09-01,SAA_CVaR,0.0,0.0,0.0,0.0,0.0,0.0,0.6443128499623921,0.35568715003760787,0.0,0.0
2016-09-01,RS_CVaR,0.0,0.0,0.0,0.0,0.0,0.0,0.7875893220778258,0.21241067792217416,0.0,0.0
2016-09-01,DR_CVaR_l1,0.0,0.0,0.0,0.0,0.0,0.15295342520377503,0.2215340300332284,0.2215340300332284,0.2215340300332284,0.1824444846965398
2016-09-01,RSDR_CVaR_l1,0.0,0.13909581146198247,0.0,0.0,0.0,0.1721808377076035,0.1721808377076035,0.1721808377076035,0.1721808377076035,0.1721808377076035
2016-10-01,SAA_CVaR,0.0,0.0,0.0,0.0,0.0,0.0,0.6443128499623921,0.35568715003760787,0.0,0.0
2016-10-01,RS_CVaR,0.0,0.0,0.0,0.0,0.0,0.0,0.7875893220778258,0.21241067792217416,0.0,0.0
2016-10-01,DR_CVaR_l1,0.0,0.0,0.0,0.0,0.0,0.1529534252037746,0.2215340300332285,0.2215340300332285,0.2215340300332285,0.18244448469653984
2016-10-01,RSDR_CVaR_l1,0.0,0.13909581146198222,0.0,0.0,0.0,0.17218083770760353,0.17218083770760353,0.17218083770760353,0.17218083770760365,0.17218083770760353
2016-11-01,SAA_CVaR,0.0,0.0,0.0,0.0,0.0,0.0,0.6443128499623921,0.35568715003760787,0.0,0.0
2016-11-01,RS_CVaR,0.0,0.0,0.0,0.0,0.0,0.0,0.6443128499623921,0.35568715003760787,0.0,0.0
2016-11-01,DR_CVaR_l1,0.0,0.0,0.0,0.0,0.0,0.1529534252037746,0.2215340300332285,0.2215340300332285,0.2215340300332285,0.18244448469653984
2016-11-01,RSDR_CVaR_l1,0.0,0.0,0.0,0.0,0.0,0.17355775787607455,0.20661056053098345,0.20661056053098134,0.20661056053098237,0.2066105605309811
2016-12-01,SAA_CVaR,0.0,0.0,0.0,0.0,0.0,0.0,0.6443128499623921,0.35568715003760787,0.0,0.0
2016-12-01,RS_CVaR,0.0,0.0,0.0,0.0,0.0,0.0,0.16728282661075253,0.0,0.8327171733892474,0.0
2016-12-01,DR_CVaR_l1,0.0,0.0,0.0,0.0,0.0,0.15295342520377317,0.2215340300332284,0.22153403003322858,0.22153403003322847,0.18244448469654
2016-12-01,RSDR_CVaR_l1,0.0,0.0,0.0,0.0,0.0,0.0,0.3333333333333332,0.33333333333333354,0.3333333333333331,0.0
2017-01-01,SAA_CVaR,0.0,0.0,0.0,0.0,0.0,0.0,0.6443128499623921,0.35568715003760787,0.0,0.0
2017-01-01,RS_CVaR,0.0,0.0,0.0,0.0,0.0,0.0,0.7875893220778258,0.21241067792217416,0.0,0.0
2017-01-01,DR_CVaR_l1,0.0,0.0,0.0,0.0,0.0,0.15295342520377317,0.2215340300332284,0.22153403003322858,0.22153403003322847,0.18244448469654
2017-01-01,RSDR_CVaR_l1,0.0,0.16571559381386744,0.005706437116795356,0.0,0.0,0.16571559381386747,0.16571559381386744,0.16571559381386744,0.16571559381386744,0.16571559381386744
2017-02-01,SAA_CVaR,0.0,0.0,0.0,0.0,0.0,0.0,0.6443128499623921,0.35568715003760787,0.0,0.0
2017-02-01,RS_CVaR,0.0,0.0,0.0,0.0,0.0,0.0,0.7875893220778258,0.21241067792217416,0.0,0.0
2017-02-01,DR_CVaR_l1,0.0,0.0,0.0,0.0,0.0,0.15295342520377317,0.2215340300332284,0.22153403003322858,0.22153403003322847,0.18244448469654
2017-02-01,RSDR_CVaR_l1,0.0,0.1657155938138675,0.005706437116795316,0.0,0.0,0.16571559381386747,0.16571559381386744,0.16571559381386747,0.16571559381386747,0.16571559381386747
2017-03-01,SAA_CVaR,0.0,0.0,0.0,0.0,0.0,0.0,0.6443128499623921,0.35568715003760787,0.0,0.0
2017-03-01,RS_CVaR,0.0,0.0,0.0,0.0,0.0,0.0,0.7875893220778258,0.21241067792217416,0.0,0.0
2017-03-01,DR_CVaR_l1,0.0,0.0,0.0,0.0,0.0,0.15295342520377317,0.2215340300332284,0.22153403003322858,0.22153403003322847,0.18244448469654
2017-03-01,RSDR_CVaR_l1,0.0,0.16571559381386744,0.0057064371167952965,0.0,0.0,0.16571559381386744,0.16571559381386744,0.16571559381386744,0.16571559381386744,0.16571559381386744
2017-04-01,SAA_CVaR,0.0,0.0,0.0,0.0,0.0,0.0,0.6443128499623921,0.35568715003760787,0.0,0.0
2017-04-01,RS_CVaR,0.0,0.0,0.0,0.0,0.0,0.0,0.7875893220778258,0.21241067792217416,0.0,0.0
2017-04-01,DR_CVaR_l1,0.0,0.0,0.0,0.0,0.0,0.15295342520377317,0.2215340300332284,0.22153403003322858,0.22153403003322847,0.18244448469654
2017-04-01,RSDR_CVaR_l1,0.0,0.16571559381386744,0.0057064371167952965,0.0,0.0,0.16571559381386744,0.16571559381386744,0.16571559381386744,0.16571559381386744,0.16571559381386744
2017-05-01,SAA_CVaR,0.0,0.0,0.0,0.0,0.0,0.0,0.6443128499623921,0.35568715003760787,0.0,0.0
2017-05-01,RS_CVaR,0.0,0.0,0.0,0.0,0.0,0.0,0.7875893220778258,0.21241067792217416,0.0,0.0
2017-05-01,DR_CVaR_l1,0.0,0.0,0.0,0.0,0.0,0.15295342520377317,0.2215340300332284,0.22153403003322858,0.22153403003322847,0.18244448469654
2017-05-01,RSDR_CVaR_l1,0.0,0.1657155938138674,0.005706437116795649,0.0,0.0,0.16571559381386747,0.1657155938138674,0.1657155938138674,0.1657155938138674,0.1657155938138674
2017-06-01,SAA_CVaR,0.0,0.0,0.0,0.0,0.0,0.0,0.6443128499623921,0.35568715003760787,0.0,0.0
2017-06-01,RS_CVaR,0.0,0.0,0.0,0.0,0.0,0.0,0.7875893220778258,0.21241067792217416,0.0,0.0
2017-06-01,DR_CVaR_l1,0.0,0.0,0.0,0.0,0.0,0.15295342520377464,0.22153403003322844,0.22153403003322844,0.22153403003322844,0.18244448469653998
2017-06-01,RSDR_CVaR_l1,0.0,0.16571559381386736,0.0057064371167954275,0.0,0.0,0.16571559381386744,0.16571559381386744,0.16571559381386744,0.16571559381386744,0.16571559381386744
2017-07-01,SAA_CVaR,0.0,0.0,0.0,0.0,0.0,0.0,0.6443128499623921,0.35568715003760787,0.0,0.0
2017-07-01,RS_CVaR,0.0,0.0,0.0,0.0,0.0,0.0,0.6751136363636364,0.3248863636363636,0.0,0.0
2017-07-01,DR_CVaR_l1,0.0,0.0,0.0,0.0,0.0,0.152953425203777,0.22153403003322641,0.22153403003322647,0.2215340300332278,0.18244448469654112
2017-07-01,RSDR_CVaR_l1,0.0,0.13909581146198255,0.0,0.0,0.0,0.17218083770760478,0.1721808377075983,0.1721808377076053,0.172180837707605,0.17218083770760464
2017-08-01,SAA_CVaR,0.0,0.0,0.0,0.0,0.0,0.0,0.6443128499623921,0.35568715003760787,0.0,0.0
2017-08-01,RS_CVaR,0.0,0.0,0.0,0.0,0.0,0.0,0.7875893220778258,0.21241067792217416,0.0,0.0
2017-08-01,DR_CVaR_l1,0.0,0.0,0.0,0.0,0.0,0.15295342520377417,0.2215340300332308,0.22153403003322858,0.2215340300332276,0.18244448469653998
2017-08-01,RSDR_CVaR_l1,0.0,0.16571559381386738,0.00570643711679542,0.0,0.0,0.16571559381386744,0.16571559381386744,0.16571559381386744,0.16571559381386744,0.16571559381386744
2017-09-01,SAA_CVaR,0.0,0.0,0.0,0.0,0.0,0.0,0.6443128499623921,0.35568715003760787,0.0,0.0
2017-09-01,RS_CVaR,0.0,0.0,0.0,0.0,0.0,0.0,0.7817057271804796,0.1459673187022619,0.07232695411725851,0.0
2017-09-01,DR_CVaR_l1,0.0,0.0,0.0,0.0,0.0,0.15295342520377472,0.22153403003322844,0.22153403003322844,0.22153403003322844,0.18244448469653995
2017-09-01,RSDR_CVaR_l1,0.0,0.0,0.0,0.0,0.0,0.2,0.2,0.2,0.2,0.2
2017-10-01,SAA_CVaR,0.0,0.0,0.0,0.0,0.0,0.0,0.6443128499623921,0.35568715003760787,0.0,0.0
2017-10-01,RS_CVaR,0.0,0.0,0.0,0.0,0.0,0.0,0.7875893220778258,0.21241067792217416,0.0,0.0
2017-10-01,DR_CVaR_l1,0.0,0.0,0.0,0.0,0.0,0.15295342520377472,0.22153403003322844,0.22153403003322844,0.22153403003322844,0.18244448469653995
2017-10-01,RSDR_CVaR_l1,0.0,0.16571559381386752,0.005706437116795264,0.0,0.0,0.16571559381386747,0.16571559381386744,0.16571559381386744,0.16571559381386744,0.16571559381386744
2017-11-01,SAA_CVaR,0.0,0.0,0.0,0.0,0.0,0.0,0.6443128499623921,0.35568715003760787,0.0,0.0
2017-11-01,RS_CVaR,0.0,0.0,0.0,0.0,0.0,0.0,0.7875893220778258,0.21241067792217416,0.0,0.0
2017-11-01,DR_CVaR_l1,0.0,0.0,0.0,0.0,0.0,0.15295342520377472,0.22153403003322844,0.22153403003322844,0.22153403003322844,0.18244448469653995
2017-11-01,RSDR_CVaR_l1,0.0,0.1657155938138674,0.005706437116795495,0.0,0.0,0.1657155938138674,0.1657155938138674,0.1657155938138674,0.1657155938138674,0.1657155938138674
2017-12-01,SAA_CVaR,0.0,0.0,0.0,0.0,0.0,0.0,0.6443128499623921,0.35568715003760787,0.0,0.0
2017-12-01,RS_CVaR,0.0,0.0,0.0,0.0,0.0,0.0,0.7267950578199887,0.27320494218001135,0.0,0.0
2017-12-01,DR_CVaR_l1,0.0,0.0,0.0,0.0,0.0,0.15295342520377472,0.22153403003322844,0.22153403003322844,0.22153403003322844,0.18244448469653995
2017-12-01,RSDR_CVaR_l1,0.0,0.0,0.0,0.0,0.0,0.20000000000000087,0.19999999999999968,0.20000000000000068,0.19999999999999932,0.20000000000000057
2018-01-01,SAA_CVaR,0.0,0.0,0.0,0.0,0.0,0.0,0.6443128499623921,0.35568715003760787,0.0,0.0
2018-01-01,RS_CVaR,0.0,0.0,0.0,0.0,0.0,0.0,0.7875893220778258,0.21241067792217416,0.0,0.0
2018-01-01,DR_CVaR_l1,0.0,0.0,0.0,0.0,0.0,0.15295342520377472,0.22153403003322844,0.22153403003322844,0.22153403003322844,0.18244448469653995
2018-01-01,RSDR_CVaR_l1,0.0,0.16571559381386752,0.005706437116794749,0.0,0.0,0.16571559381386752,0.16571559381386752,0.16571559381386752,0.16571559381386752,0.1657155938138677
2018-02-01,SAA_CVaR,0.0,0.0,0.0,0.0,0.0,0.0,0.6444902407181623,0.3555097592818377,0.0,0.0
2018-02-01,RS_CVaR,0.0,0.0,0.0,0.0,0.0,0.0,0.6440931624731082,0.3559068375268918,0.0,0.0
2018-02-01,DR_CVaR_l1,0.0,0.0,0.0,0.0,0.0,0.2500000000000022,0.24999999999999667,0.2500000000000008,0.24999999999999925,0.0
2018-02-01,RSDR_CVaR_l1,0.0,0.0,0.14576999742153052,0.0,0.0,0.21355750064461737,0.21355750064461737,0.21355750064461737,0.21355750064461737,0.0
2018-03-01,SAA_CVaR,0.0,0.0,0.0,0.0,0.0,0.17483190338710486,0.6120209534336584,0.21314714317923678,0.0,0.0
2018-03-01,RS_CVaR,0.0,0.0,0.0,0.0,0.0,0.20321253519322235,0.5691065030512052,0.2276809617555724,0.0,0.0
2018-03-01,DR_CVaR_l1,0.0,0.0,0.0,0.0,0.0,0.24999999999999398,0.25000000000001177,0.24999999999999073,0.2499999999999965,0.0
2018-03-01,RSDR_CVaR_l1,0.0,0.0,0.060526359987235684,0.0,0.0,0.23486841000319109,0.23486841000319109,0.23486841000319109,0.23486841000319109,0.0
2018-04-01,SAA_CVaR,0.0,0.0,0.0,0.0,0.0,0.17483190338710486,0.6120209534336584,0.21314714317923678,0.0,0.0
2018-04-01,RS_CVaR,0.0,0.0,0.0,0.0,0.0,0.17483190338710486,0.6120209534336584,0.21314714317923678,0.0,0.0
2018-04-01,DR_CVaR_l1,0.0,0.0,0.0,0.0,0.0,0.24999999999999398,0.25000000000001177,0.24999999999999073,0.2499999999999965,0.0
2018-04-01,RSDR_CVaR_l1,0.14444922305951907,0.0,0.0,0.0,0.0,0.21388769423512,0.21388769423511933,0.21388769423512033,0.21388769423512005,0.0
2018-05-01,SAA_CVaR,0.0,0.0,0.0,0.0,0.0,0.17483190338710486,0.6120209534336584,0.21314714317923678,0.0,0.0
2018-05-01,RS_CVaR,0.0,0.0,0.0,0.0,0.0,0.2016197276096291,0.3540590482106589,0.444321224179712,0.0,0.0
2018-05-01,DR_CVaR_l1,0.0,0.0,0.0,0.0,0.0,0.24999999999999398,0.25000000000001177,0.24999999999999073,0.2499999999999965,0.0
2018-05-01,RSDR_CVaR_l1,0.18629672500695302,0.03077413758984965,0.03774223737538237,0.0,0.0,0.18629672500695302,0.18629672500695302,0.18629672500695302,0.18629672500695302,0.0
2018-06-01,SAA_CVaR,0.0,0.0,0.0,0.0,0.0,0.17483190338710486,0.6120209534336584,0.21314714317923678,0.0,0.0
2018-06-01,RS_CVaR,0.0,0.0,0.0,0.0,0.0,0.2016197276096291,0.3540590482106589,0.444321224179712,0.0,0.0
2018-06-01,DR_CVaR_l1,0.0,0.0,0.0,0.0,0.0,0.24999999999999398,0.25000000000001177,0.24999999999999073,0.2499999999999965,0.0
2018-06-01,RSDR_CVaR_l1,0.18629672500695355,0.03077413758984974,0.03774223737538226,0.0,0.0,0.18629672500695355,0.18629672500695355,0.18629672500695357,0.18629672500695355,0.0
2018-07-01,SAA_CVaR,0.0,0.0,0.0,0.0,0.0,0.21427128718139637,0.6048548471414883,0.1808738656771154,0.0,0.0
2018-07-01,RS_CVaR,0.0,0.0,0.0,0.0,0.0,0.3264628962615801,0.3298856669686677,0.3436514367697522,0.0,0.0
2018-07-01,DR_CVaR_l1,0.0,0.0,0.0,0.0,0.0,0.22561553030303585,0.2256155303030422,0.22561553030302509,0.22561553030303463,0.09753787878787723
2018-07-01,RSDR_CVaR_l1,0.18917421589207065,0.0,0.0,0.0,0.0,0.18917421589207065,0.18917421589207065,0.18917421589207065,0.18917421589207065,0.05412892053964671
2018-08-01,SAA_CVaR,0.0,0.0,0.0,0.0,0.0,0.21427128718139637,0.6048548471414883,0.1808738656771154,0.0,0.0
2018-08-01,RS_CVaR,0.0,0.0,0.0,0.0,0.0,0.29489752284547993,0.40707898604011317,0.29802349111440685,0.0,0.0
2018-08-01,DR_CVaR_l1,0.0,0.0,0.0,0.0,0.0,0.22561553030302894,0.22561553030302947,0.22561553030302997,0.22561553030302994,0.09753787878787958
2018-08-01,RSDR_CVaR_l1,0.0,0.0,0.0,0.0,0.0,0.2256155303030386,0.22561553030303955,0.22561553030302234,0.22561553030303275,0.09753787878786961
2018-09-01,SAA_CVaR,0.0,0.0,0.0,0.0,0.0,0.21427128718139637,0.6048548471414883,0.1808738656771154,0.0,0.0
2018-09-01,RS_CVaR,0.0,0.0,0.0,0.0,0.0,0.29489752284547993,0.40707898604011317,0.29802349111440685,0.0,0.0
2018-09-01,DR_CVaR_l1,0.0,0.0,0.0,0.0,0.0,0.22561553030302894,0.22561553030302947,0.22561553030302997,0.22561553030302994,0.09753787878787958
2018-09-01,RSDR_CVaR_l1,0.17447606277314254,0.0,0.0,0.0,0.0,0.17447606277314254,0.17447606277314254,0.17447606277314254,0.17447606277314254,0.12761968613428704
2018-10-01,SAA_CVaR,0.0,0.0,0.0,0.0,0.0,0.29489752284547993,0.40707898604011317,0.29802349111440685,0.0,0.0
2018-10-01,RS_CVaR,0.0,0.0,0.0,0.0,0.0,0.3264628962615801,0.3298856669686677,0.3436514367697522,0.0,0.0
2018-10-01,DR_CVaR_l1,0.03616106513799648,0.0,0.0,0.0,0.0,0.2409597337155009,0.2409597337155009,0.2409597337155009,0.2409597337155009,0.0
2018-10-01,RSDR_CVaR_l1,0.1096054658030152,0.0,0.0,0.0,0.0,0.20292518113329297,0.20292518113329147,0.20292518113329366,0.20292518113329344,0.07869380966381406
2018-11-01,SAA_CVaR,0.0,0.0,0.0,0.0,0.0,0.373632687979145,0.19036627590075786,0.24582102935877048,0.19018000676132674,0.0
2018-11-01,RS_CVaR,0.0,0.0,0.0,0.0,0.0,0.5972423623274752,0.38548112921720284,0.01727650845532197,0.0,0.0
2018-11-01,DR_CVaR_l1,0.18311421963732458,0.0,0.0,0.0,0.0,0.20422144509066886,0.20422144509066886,0.20422144509066886,0.20422144509066886,0.0
2018-11-01,RSDR_CVaR_l1,0.0,0.09082913201217274,0.0,0.0,0.0,0.21118379043887503,0.21118379043887536,0.2111837904388742,0.21118379043887442,0.06443570623233058
2018-12-01,SAA_CVaR,0.0,0.0,0.0,0.0,0.0,0.373632687979145,0.19036627590075786,0.24582102935877048,0.19018000676132674,0.0
2018-12-01,RS_CVaR,0.0,0.0,0.0,0.0,0.0,0.3264628962615801,0.3298856669686677,0.3436514367697522,0.0,0.0
2018-12-01,DR_CVaR_l1,0.18311421963732527,0.0,0.0,0.0,0.0,0.20422144509067303,0.20422144509066717,0.20422144509066656,0.20422144509066667,0.0
2018-12-01,RSDR_CVaR_l1,0.18311421963732524,0.0,0.0,0.0,0.0,0.2042214450906687,0.2042214450906687,0.2042214450906687,0.2042214450906687,0.0
2019-01-01,SAA_CVaR,0.0,0.0,0.0,0.0,0.0,0.22542760427877617,0.309121107011764,0.46545128870945984,0.0,0.0
2019-01-01,RS_CVaR,0.0,0.0,0.0,0.0,0.0,0.20775652217281176,0.3230470233535221,0.4691964544736662,0.0,0.0
2019-01-01,DR_CVaR_l1,0.0,0.09082913201217102,0.0,0.0,0.0,0.21118379043887425,0.21118379043887425,0.21118379043887425,0.21118379043887425,0.06443570623233208
2019-01-01,RSDR_CVaR_l1,0.0,0.06495668240091708,0.0,0.0,0.0,0.20088890249124564,0.20088890249124564,0.20088890249124564,0.20088890249124564,0.13148770763410034
2019-02-01,SAA_CVaR,0.0,0.0,0.0,0.0,0.0,0.22542760427877617,0.309121107011764,0.46545128870945984,0.0,0.0
2019-02-01,RS_CVaR,0.0,0.0,0.0,0.0,0.0,0.446615789153491,0.553384210846509,0.0,0.0,0.0
2019-02-01,DR_CVaR_l1,0.19859556820804913,0.013878539603998671,0.0,0.0,0.0,0.19859556820804913,0.19859556820804913,0.19859556820804913,0.09417302849883402,0.09756615906497086
2019-02-01,RSDR_CVaR_l1,0.18601966303594009,0.0699016848202994,0.0,0.0,0.0,0.1860196630359401,0.1860196630359399,0.18601966303594053,0.0,0.18601966303594022
2019-03-01,SAA_CVaR,0.0,0.0,0.0,0.0,0.0,0.08342779096365213,0.011507723427855731,0.5220744254238905,0.1889025419130687,0.19408751827153287
2019-03-01,RS_CVaR,0.0,0.0,0.0,0.0,0.0,0.10373480766242656,0.15296838995758774,0.5082014545076102,0.03741663454102745,0.19767871333134795
2019-03-01,DR_CVaR_l1,0.19451600012295983,0.0,0.0,0.0,0.0,0.20137099996926006,0.20137099996926006,0.20137099996926006,0.20137099996926006,0.0
2019-03-01,RSDR_CVaR_l1,0.1744760627731426,0.0,0.0,0.0,0.0,0.1744760627731422,0.1744760627731426,0.17447606277314262,0.17447606277314268,0.1276196861342864
2019-04-01,SAA_CVaR,0.0,0.0,0.0,0.0,0.0,0.08342779096365213,0.011507723427855731,0.5220744254238905,0.1889025419130687,0.19408751827153287
2019-04-01,RS_CVaR,0.0,0.0,0.0,0.0,0.0,0.10373480766242656,0.15296838995758774,0.5082014545076102,0.03741663454102745,0.19767871333134795
2019-04-01,DR_CVaR_l1,0.19451600012295983,0.0,0.0,0.0,0.0,0.20137099996926006,0.20137099996926006,0.20137099996926006,0.20137099996926006,0.0
2019-04-01,RSDR_CVaR_l1,0.17447606277314257,0.0,0.0,0.0,0.0,0.17447606277314257,0.17447606277314257,0.17447606277314257,0.17447606277314257,0.1276196861342872
2019-05-01,SAA_CVaR,0.0,0.0,0.0,0.0,0.0,0.08342779096365213,0.011507723427855731,0.5220744254238905,0.1889025419130687,0.19408751827153287
2019-05-01,RS_CVaR,0.0,0.0,0.0,0.0,0.0,0.10373480766242656,0.15296838995758774,0.5082014545076102,0.03741663454102745,0.19767871333134795
2019-05-01,DR_CVaR_l1,0.1945160001229586,0.0,0.0,0.0,0.0,0.20137099996926075,0.20137099996926083,0.20137099996926006,0.20137099996925995,0.0
2019-05-01,RSDR_CVaR_l1,0.1999999999999988,0.0,0.0,0.0,0.0,0.2000000000000006,0.19999999999999923,0.19999999999999937,0.20000000000000162,0.0
2019-06-01,SAA_CVaR,0.0,0.0,0.0,0.0,0.0,0.08342779096365213,0.011507723427855731,0.5220744254238905,0.1889025419130687,0.19408751827153287
2019-06-01,RS_CVaR,0.0,0.0,0.0,0.0,0.0,0.08342779096365213,0.011507723427855731,0.5220744254238905,0.1889025419130687,0.19408751827153287
2019-06-01,DR_CVaR_l1,0.1831142196373249,0.0,0.0,0.0,0.0,0.2042214450906707,0.20422144509067305,0.20422144509066928,0.20422144509066983,0.0
2019-06-01,RSDR_CVaR_l1,0.19999999999999998,0.0,0.0,0.0,0.0,0.19999999999999998,0.19999999999999998,0.19999999999999998,0.19999999999999998,0.0
2019-07-01,SAA_CVaR,0.0,0.0,0.0,0.0,0.0,0.08342779096365213,0.011507723427855731,0.5220744254238905,0.1889025419130687,0.19408751827153287
2019-07-01,RS_CVaR,0.0,0.0,0.0,0.0,0.0,0.10373480766242656,0.15296838995758774,0.5082014545076102,0.03741663454102745,0.19767871333134795
2019-07-01,DR_CVaR_l1,0.1831142196373249,0.0,0.0,0.0,0.0,0.2042214450906707,0.20422144509067305,0.20422144509066928,0.20422144509066983,0.0
2019-07-01,RSDR_CVaR_l1,0.186867221027775,0.0,0.0,0.0,0.0,0.18686722102777462,0.1868672210277765,0.18686722102777387,0.1868672210277755,0.06566389486112459
2019-08-01,SAA_CVaR,0.0,0.0,0.0,0.0,0.0,0.08342779096365213,0.011507723427855731,0.5220744254238905,0.1889025419130687,0.19408751827153287
2019-08-01,RS_CVaR,0.0,0.0,0.0,0.0,0.0,0.10373480766242656,0.15296838995758774,0.5082014545076102,0.03741663454102745,0.19767871333134795
2019-08-01,DR_CVaR_l1,0.1831142196373249,0.0,0.0,0.0,0.0,0.2042214450906707,0.20422144509067305,0.20422144509066928,0.20422144509066983,0.0
2019-08-01,RSDR_CVaR_l1,0.18686722102777426,0.0,0.0,0.0,0.0,0.1868672210277759,0.18686722102777575,0.18686722102777423,0.1868672210277775,0.06566389486112219
2019-09-01,SAA_CVaR,0.0,0.0,0.0,0.0,0.0,0.08342779096365213,0.011507723427855731,0.5220744254238905,0.1889025419130687,0.19408751827153287
2019-09-01,RS_CVaR,0.0,0.0,0.0,0.0,0.0,0.10373480766242656,0.15296838995758774,0.5082014545076102,0.03741663454102745,0.19767871333134795
2019-09-01,DR_CVaR_l1,0.1831142196373249,0.0,0.0,0.0,0.0,0.2042214450906707,0.20422144509067305,0.20422144509066928,0.20422144509066983,0.0
2019-09-01,RSDR_CVaR_l1,0.18686722102777448,0.0,0.0,0.0,0.0,0.18686722102777448,0.18686722102777462,0.18686722102777564,0.186867221027775,0.06566389486112585
2019-10-01,SAA_CVaR,0.0,0.0,0.0,0.0,0.0,0.08342779096365213,0.011507723427855731,0.5220744254238905,0.1889025419130687,0.19408751827153287
2019-10-01,RS_CVaR,0.0,0.0,0.0,0.0,0.0,0.10373480766242656,0.15296838995758774,0.5082014545076102,0.03741663454102745,0.19767871333134795
2019-10-01,DR_CVaR_l1,0.1831142196373249,0.0,0.0,0.0,0.0,0.2042214450906707,0.20422144509067305,0.20422144509066928,0.20422144509066983,0.0
2019-10-01,RSDR_CVaR_l1,0.18686722102777534,0.0,0.0,0.0,0.0,0.18686722102777534,0.18686722102777534,0.18686722102777534,0.18686722102777534,0.06566389486112334
2019-11-01,SAA_CVaR,0.0,0.0,0.0,0.0,0.0,0.08342779096365213,0.011507723427855731,0.5220744254238905,0.1889025419130687,0.19408751827153287
2019-11-01,RS_CVaR,0.0,0.0,0.0,0.0,0.0,0.10373480766242656,0.15296838995758774,0.5082014545076102,0.03741663454102745,0.19767871333134795
2019-11-01,DR_CVaR_l1,0.18311421963732472,0.0,0.0,0.0,0.0,0.2042214450906688,0.2042214450906688,0.2042214450906688,0.2042214450906688,0.0
2019-11-01,RSDR_CVaR_l1,0.1868672210277757,0.0,0.0,0.0,0.0,0.18686722102777528,0.18686722102777528,0.18686722102777528,0.18686722102777528,0.06566389486112319
2019-12-01,SAA_CVaR,0.0,0.0,0.0,0.0,0.0,0.08342779096365213,0.011507723427855731,0.5220744254238905,0.1889025419130687,0.19408751827153287
2019-12-01,RS_CVaR,0.0,0.0,0.0,0.0,0.0,0.10373480766242656,0.15296838995758774,0.5082014545076102,0.03741663454102745,0.19767871333134795
2019-12-01,DR_CVaR_l1,0.18311421963732472,0.0,0.0,0.0,0.0,0.2042214450906688,0.2042214450906688,0.2042214450906688,0.2042214450906688,0.0
2019-12-01,RSDR_CVaR_l1,0.1868672210277753,0.0,0.0,0.0,0.0,0.18686722102777534,0.18686722102777534,0.18686722102777534,0.18686722102777534,0.0656638948611232
2020-01-01,SAA_CVaR,0.0,0.0,0.0,0.0,0.0,0.08342779096365213,0.011507723427855731,0.5220744254238905,0.1889025419130687,0.19408751827153287
2020-01-01,RS_CVaR,0.0,0.0,0.0,0.0,0.0,0.10373480766242656,0.15296838995758774,0.5082014545076102,0.03741663454102745,0.19767871333134795
2020-01-01,DR_CVaR_l1,0.18311421963732472,0.0,0.0,0.0,0.0,0.2042214450906688,0.2042214450906688,0.2042214450906688,0.2042214450906688,0.0
2020-01-01,RSDR_CVaR_l1,0.1868672210277743,0.0,0.0,0.0,0.0,0.18686722102777426,0.18686722102774983,0.18686722102778017,0.1868672210277852,0.06566389486111772
2020-02-01,SAA_CVaR,0.0,0.0,0.0,0.0,0.0,0.15517381205885933,0.0,0.547946240017673,0.04767513498230012,0.2492048129411676
2020-02-01,RS_CVaR,0.0,0.0,0.0,0.0,0.0,0.16032668236515696,0.0,0.5561194164187999,0.02753851354639861,0.25601538766964443
2020-02-01,DR_CVaR_l1,0.17405512704773066,0.0,0.0,0.0,0.0,0.20648621823806612,0.20648621823806718,0.20648621823806565,0.20648621823806707,0.0
2020-02-01,RSDR_CVaR_l1,0.19999999999999996,0.0,0.0,0.0,0.0,0.1999999999999993,0.19999999999999948,0.1999999999999999,0.2000000000000011,0.0
2020-03-01,SAA_CVaR,0.0,0.0,0.0,0.0,0.0,0.15517381205885933,0.0,0.547946240017673,0.04767513498230012,0.2492048129411676
2020-03-01,RS_CVaR,0.0,0.0,0.0,0.0,0.0,0.39268238011099094,0.03776358922366155,0.0,0.5695540306653476,0.0
2020-03-01,DR_CVaR_l1,0.186867221027775,0.0,0.0,0.0,0.0,0.1868672210277741,0.18686722102777525,0.18686722102777337,0.1868672210277744,0.06566389486112463
2020-03-01,RSDR_CVaR_l1,0.16666666666666666,0.16666666666666666,0.0,0.0,0.0,0.16666666666666666,0.16666666666666666,0.0,0.16666666666666666,0.16666666666666666
2020-04-01,SAA_CVaR,0.0,0.0,0.0,0.0,0.0,0.0,0.037276927911761154,0.5028137179409183,0.4599093541473205,0.0
2020-04-01,RS_CVaR,0.0,0.0,0.0,0.0,0.0,0.39268238011099094,0.03776358922366155,0.0,0.5695540306653476,0.0
2020-04-01,DR_CVaR_l1,0.09156137371059303,0.0,0.0,0.0,0.0,0.22710965657235174,0.22710965657235174,0.22710965657235174,0.22710965657235174,0.0
2020-04-01,RSDR_CVaR_l1,0.22251719696500988,0.0,0.0,0.0,0.0,0.2591609343449967,0.2591609343449967,0.0,0.2591609343449967,0.0
2020-05-01,SAA_CVaR,0.0,0.0,0.0,0.0,0.0,0.0,0.037276927911761154,0.5028137179409183,0.4599093541473205,0.0
2020-05-01,RS_CVaR,0.0,0.0,0.0,0.0,0.0,0.39268238011099094,0.03776358922366155,0.0,0.5695540306653476,0.0
2020-05-01,DR_CVaR_l1,0.09156137371059303,0.0,0.0,0.0,0.0,0.22710965657235174,0.22710965657235174,0.22710965657235174,0.22710965657235174,0.0
2020-05-01,RSDR_CVaR_l1,0.22251719696500988,0.0,0.0,0.0,0.0,0.2591609343449967,0.2591609343449967,0.0,0.2591609343449967,0.0
2020-06-01,SAA_CVaR,0.0,0.0,0.0,0.0,0.0,0.20078684286597134,0.0,0.41167777255458216,0.3875353845794465,0.0
2020-06-01,RS_CVaR,0.0,0.0,0.0,0.0,0.0,0.2537013390105686,0.05827814701369555,0.36090289860465385,0.32711761537108197,0.0
2020-06-01,DR_CVaR_l1,0.19999999999999968,0.0,0.0,0.0,0.0,0.20000000000000115,0.1999999999999998,0.19999999999999965,0.19999999999999793,0.0
2020-06-01,RSDR_CVaR_l1,0.1999999999999999,0.0,0.0,0.0,0.0,0.19999999999999962,0.20000000000000073,0.2,0.19999999999999946,0.0
2020-07-01,SAA_CVaR,0.0,0.0,0.0,0.0,0.0,0.20078684286597134,0.0,0.41167777255458216,0.3875353845794465,0.0
2020-07-01,RS_CVaR,0.0,0.0,0.0,0.0,0.0,0.20078684286597134,0.0,0.41167777255458216,0.3875353845794465,0.0
2020-07-01,DR_CVaR_l1,0.19999999999999968,0.0,0.0,0.0,0.0,0.20000000000000115,0.1999999999999998,0.19999999999999965,0.19999999999999793,0.0
2020-07-01,RSDR_CVaR_l1,0.19999999999999965,0.0,0.0,0.0,0.0,0.19999999999999998,0.20000000000000254,0.19999999999999815,0.19999999999999798,0.0
2020-08-01,SAA_CVaR,0.0,0.0,0.0,0.0,0.0,0.20078684286597134,0.0,0.41167777255458216,0.3875353845794465,0.0
2020-08-01,RS_CVaR,0.0,0.0,0.0,0.0,0.0,0.0,0.0,0.3045693407281249,0.6954306592718751,0.0
2020-08-01,DR_CVaR_l1,0.19999999999999968,0.0,0.0,0.0,0.0,0.20000000000000115,0.1999999999999998,0.19999999999999965,0.19999999999999793,0.0
2020-08-01,RSDR_CVaR_l1,0.19999999999999996,0.0,0.0,0.0,0.0,0.2,0.20000000000000007,0.2,0.19999999999999996,0.0
2020-09-01,SAA_CVaR,0.0,0.0,0.0,0.0,0.0,0.20078684286597134,0.0,0.41167777255458216,0.3875353845794465,0.0
2020-09-01,RS_CVaR,0.0,0.0,0.0,0.0,0.0,0.2537013390105686,0.05827814701369555,0.36090289860465385,0.32711761537108197,0.0
2020-09-01,DR_CVaR_l1,0.19999999999999968,0.0,0.0,0.0,0.0,0.20000000000000115,0.1999999999999998,0.19999999999999965,0.19999999999999793,0.0
2020-09-01,RSDR_CVaR_l1,0.1999999999999997,0.0,0.0,0.0,0.0,0.20000000000000073,0.1999999999999997,0.20000000000000012,0.19999999999999943,0.0
2020-10-01,SAA_CVaR,0.0,0.0,0.0,0.0,0.0,0.20078684286597134,0.0,0.41167777255458216,0.3875353845794465,0.0
2020-10-01,RS_CVaR,0.0,0.005052202194018544,0.0,0.0,0.0,0.146472243685267,0.0,0.5066917668877023,0.16665277053204566,0.1751310167009664
2020-10-01,DR_CVaR_l1,0.19999999999999968,0.0,0.0,0.0,0.0,0.20000000000000115,0.1999999999999998,0.19999999999999965,0.19999999999999793,0.0
2020-10-01,RSDR_CVaR_l1,0.1838374562360098,0.0,0.0,0.0,0.0,0.20404063594099753,0.20404063594099753,0.20404063594099753,0.20404063594099753,0.0
2020-11-01,SAA_CVaR,0.0,0.0,0.0,0.0,0.0,0.20078684286597134,0.0,0.41167777255458216,0.3875353845794465,0.0
2020-11-01,RS_CVaR,0.0,0.0,0.0,0.0,0.0,0.2537013390105686,0.05827814701369555,0.36090289860465385,0.32711761537108197,0.0
2020-11-01,DR_CVaR_l1,0.19999999999999968,0.0,0.0,0.0,0.0,0.20000000000000115,0.1999999999999998,0.19999999999999965,0.19999999999999793,0.0
2020-11-01,RSDR_CVaR_l1,0.19999999999999865,0.0,0.0,0.0,0.0,0.20000000000000334,0.1999999999999994,0.20000000000000012,0.19999999999999868,0.0
2020-12-01,SAA_CVaR,0.0,0.0,0.0,0.0,0.0,0.20078684286597134,0.0,0.41167777255458216,0.3875353845794465,0.0
2020-12-01,RS_CVaR,0.0,0.0,0.0,0.0,0.0,0.5117757390608744,0.10225587780970191,0.0,0.3859683831294237,0.0
2020-12-01,DR_CVaR_l1,0.19999999999999943,0.0,0.0,0.0,0.0,0.20000000000000198,0.19999999999999948,0.20000000000000592,0.19999999999999807,0.0
2020-12-01,RSDR_CVaR_l1,0.0,0.0,0.0,0.0,0.0,0.3129263229250517,0.3129263229250523,0.061221031224843805,0.3129263229250524,0.0
2021-01-01,SAA_CVaR,0.0,0.0,0.0,0.0,0.0,0.20078684286597134,0.0,0.41167777255458216,0.3875353845794465,0.0
2021-01-01,RS_CVaR,0.0,0.0,0.0,0.0,0.0,0.2507141586725465,0.0,0.44426411108150543,0.30502173024594803,0.0
2021-01-01,DR_CVaR_l1,0.19999999999999943,0.0,0.0,0.0,0.0,0.20000000000000198,0.19999999999999948,0.20000000000000592,0.19999999999999807,0.0
2021-01-01,RSDR_CVaR_l1,0.19999999999999998,0.0,0.0,0.0,0.0,0.19999999999999998,0.19999999999999998,0.19999999999999998,0.19999999999999998,0.0
2021-02-01,SAA_CVaR,0.0,0.0,0.0,0.0,0.0,0.20078684286597134,0.0,0.41167777255458216,0.3875353845794465,0.0
2021-02-01,RS_CVaR,0.0,0.0,0.0,0.0,0.0,0.2537013390105686,0.05827814701369555,0.36090289860465385,0.32711761537108197,0.0
2021-02-01,DR_CVaR_l1,0.19999999999999943,0.0,0.0,0.0,0.0,0.20000000000000198,0.19999999999999948,0.20000000000000592,0.19999999999999807,0.0
2021-02-01,RSDR_CVaR_l1,0.1999999999999995,0.0,0.0,0.0,0.0,0.1999999999999995,0.19999999999999976,0.2000000000000001,0.20000000000000082,0.0
2021-03-01,SAA_CVaR,0.0,0.0,0.0,0.0,0.0,0.20078684286597134,0.0,0.41167777255458216,0.3875353845794465,0.0
2021-03-01,RS_CVaR,0.0,0.0,0.0,0.0,0.0,0.39268238011099094,0.03776358922366155,0.0,0.5695540306653476,0.0
2021-03-01,DR_CVaR_l1,0.19999999999999943,0.0,0.0,0.0,0.0,0.20000000000000198,0.19999999999999948,0.20000000000000592,0.19999999999999807,0.0
2021-03-01,RSDR_CVaR_l1,0.22251719696500988,0.0,0.0,0.0,0.0,0.2591609343449967,0.2591609343449967,0.0,0.2591609343449967,0.0
2021-04-01,SAA_CVaR,0.0,0.0,0.0,0.0,0.0,0.20078684286597134,0.0,0.41167777255458216,0.3875353845794465,0.0
2021-04-01,RS_CVaR,0.0,0.0,0.0,0.0,0.0,0.2537013390105686,0.05827814701369555,0.36090289860465385,0.32711761537108197,0.0
2021-04-01,DR_CVaR_l1,0.19999999999999998,0.0,0.0,0.0,0.0,0.19999999999999998,0.19999999999999998,0.19999999999999998,0.19999999999999998,0.0
2021-04-01,RSDR_CVaR_l1,0.20000000000000034,0.0,0.0,0.0,0.0,0.19999999999999948,0.19999999999999818,0.20000000000000057,0.2000000000000017,0.0
2021-05-01,SAA_CVaR,0.0,0.0,0.0,0.0,0.0,0.20078684286597134,0.0,0.41167777255458216,0.3875353845794465,0.0
2021-05-01,RS_CVaR,0.0,0.0050522021940185395,0.0,0.0,0.0,0.14647224368526698,0.0,0.5066917668877022,0.16665277053204589,0.17513101670096629
2021-05-01,DR_CVaR_l1,0.19999999999999854,0.0,0.0,0.0,0.0,0.19999999999999263,0.200000000000005,0.19999999999999343,0.19999999999999843,0.0
2021-05-01,RSDR_CVaR_l1,0.19999999999999998,0.0,0.0,0.0,0.0,0.19999999999999998,0.19999999999999998,0.19999999999999998,0.19999999999999998,0.0
2021-06-01,SAA_CVaR,0.0,0.0,0.0,0.0,0.0,0.20078684286597134,0.0,0.41167777255458216,0.3875353845794465,0.0
2021-06-01,RS_CVaR,0.0,0.0,0.0,0.0,0.0,0.20078684286597134,0.0,0.41167777255458216,0.3875353845794465,0.0
2021-06-01,DR_CVaR_l1,0.19999999999999854,0.0,0.0,0.0,0.0,0.19999999999999263,0.200000000000005,0.19999999999999343,0.19999999999999843,0.0
2021-06-01,RSDR_CVaR_l1,0.1999999999999998,0.0,0.0,0.0,0.0,0.20000000000000048,0.1999999999999991,0.19999999999999982,0.20000000000000032,0.0
2021-07-01,SAA_CVaR,0.0,0.0,0.0,0.0,0.0,0.20078684286597134,0.0,0.41167777255458216,0.3875353845794465,0.0
2021-07-01,RS_CVaR,0.0,0.0,0.0,0.0,0.0,0.20078684286597134,0.0,0.41167777255458216,0.3875353845794465,0.0
2021-07-01,DR_CVaR_l1,0.19999999999999854,0.0,0.0,0.0,0.0,0.19999999999999263,0.200000000000005,0.19999999999999343,0.19999999999999843,0.0
2021-07-01,RSDR_CVaR_l1,0.1999999999999997,0.0,0.0,0.0,0.0,0.20000000000000098,0.19999999999999768,0.2000000000000018,0.19999999999999998,0.0
2021-08-01,SAA_CVaR,0.0,0.0,0.0,0.0,0.0,0.20078684286597134,0.0,0.41167777255458216,0.3875353845794465,0.0
2021-08-01,RS_CVaR,0.0,0.0,0.0,0.0,0.0,0.2507141586725465,0.0,0.44426411108150543,0.30502173024594803,0.0
2021-08-01,DR_CVaR_l1,0.19999999999973736,0.0,0.0,0.0,0.0,0.19999999999979243,0.19999999999975193,0.20000000000141102,0.19999999999973692,0.0
2021-08-01,RSDR_CVaR_l1,0.1999999999999996,0.0,0.0,0.0,0.0,0.19999999999999962,0.20000000000000112,0.19999999999999898,0.19999999999999712,0.0
2021-09-01,SAA_CVaR,0.0,0.0,0.0,0.0,0.0,0.20078684286597134,0.0,0.41167777255458216,0.3875353845794465,0.0
2021-09-01,RS_CVaR,0.0,0.0050522021940185395,0.0,0.0,0.0,0.14647224368526698,0.0,0.5066917668877022,0.16665277053204589,0.17513101670096629
2021-09-01,DR_CVaR_l1,0.2,0.0,0.0,0.0,0.0,0.2,0.2,0.2,0.2,0.0
2021-09-01,RSDR_CVaR_l1,0.19999999999999998,0.0,0.0,0.0,0.0,0.19999999999999998,0.19999999999999998,0.19999999999999998,0.19999999999999998,0.0
2021-10-01,SAA_CVaR,0.0,0.0,0.0,0.0,0.0,0.25437342718574235,0.07139019551655852,0.3421473904551399,0.3320889868425592,0.0
2021-10-01,RS_CVaR,0.0,0.0,0.0,0.0,0.0,0.18499558399694682,0.4896105495016023,0.32539386650145086,0.0,0.0
2021-10-01,DR_CVaR_l1,0.16666666666666488,0.0,0.0,0.0,0.0,0.16666666666666494,0.16666666666666488,0.1666666666666777,0.1666666666666627,0.16666666666666488
2021-10-01,RSDR_CVaR_l1,0.17174525678847058,0.0,0.0,0.0,0.0,0.17174525678847213,0.1717452567884698,0.17174525678847194,0.171745256788472,0.14127371605764424
2021-11-01,SAA_CVaR,0.0,0.0,0.0,0.0,0.0,0.25437342718574235,0.07139019551655852,0.3421473904551399,0.3320889868425592,0.0
2021-11-01,RS_CVaR,0.0,0.0,0.0,0.0,0.0,0.0,0.260024166796063,0.1389341627869785,0.6010416704169586,0.0
2021-11-01,DR_CVaR_l1,0.16666666666666488,0.0,0.0,0.0,0.0,0.16666666666666494,0.16666666666666488,0.1666666666666777,0.1666666666666627,0.16666666666666488
2021-11-01,RSDR_CVaR_l1,0.1717452567884711,0.0,0.0,0.0,0.0,0.17174525678847158,0.1717452567884712,0.17174525678847108,0.17174525678847033,0.14127371605764577
2021-12-01,SAA_CVaR,0.0,0.0,0.0,0.0,0.0,0.25437342718574235,0.07139019551655852,0.3421473904551399,0.3320889868425592,0.0
2021-12-01,RS_CVaR,0.0,0.0,0.0,0.0,0.0,0.0,0.260024166796063,0.1389341627869785,0.6010416704169586,0.0
2021-12-01,DR_CVaR_l1,0.16666666666666685,0.0,0.0,0.0,0.0,0.1666666666666674,0.16666666666666632,0.1666666666666668,0.166666666666667,0.16666666666666607
2021-12-01,RSDR_CVaR_l1,0.17174525678847086,0.0,0.0,0.0,0.0,0.1717452567884712,0.17174525678847094,0.17174525678847205,0.1717452567884708,0.14127371605764452
2022-01-01,SAA_CVaR,0.0,0.0,0.0,0.0,0.0,0.25437342718574235,0.07139019551655852,0.3421473904551399,0.3320889868425592,0.0
2022-01-01,RS_CVaR,0.0,0.0,0.0,0.0,0.0,0.15517381205885933,0.0,0.547946240017673,0.04767513498230012,0.2492048129411676
2022-01-01,DR_CVaR_l1,0.16666666666666685,0.0,0.0,0.0,0.0,0.1666666666666674,0.16666666666666632,0.1666666666666668,0.166666666666667,0.16666666666666607
2022-01-01,RSDR_CVaR_l1,0.16055562091737313,0.0,0.0,0.03666627449576121,0.0,0.16055562091737313,0.16055562091737313,0.16055562091737313,0.16055562091737288,0.16055562091737313
2022-02-01,SAA_CVaR,0.0,0.0,0.0,0.0,0.0,0.18843960059044187,0.19865761081820327,0.48180043453131616,0.13110235406003884,0.0
2022-02-01,RS_CVaR,0.0,0.0,0.0,0.0,0.0,0.0,0.260024166796063,0.1389341627869785,0.6010416704169586,0.0
2022-02-01,DR_CVaR_l1,0.1973241452369111,0.0,0.013379273815444426,0.0,0.0,0.19732414523691139,0.19732414523691127,0.19732414523691105,0.19732414523691075,0.0
2022-02-01,RSDR_CVaR_l1,0.18747370182046813,0.0,0.0,0.0,0.0,0.18747370182046802,0.1874737018204677,0.18747370182046605,0.18747370182046727,0.0626314908976555
2022-03-01,SAA_CVaR,0.0,0.0,0.0,0.0,0.0,0.18843960059044187,0.19865761081820327,0.48180043453131616,0.13110235406003884,0.0
2022-03-01,RS_CVaR,0.0,0.0,0.0,0.0,0.0,0.39268238011099094,0.03776358922366155,0.0,0.5695540306653476,0.0
2022-03-01,DR_CVaR_l1,0.1973241452369111,0.0,0.013379273815444426,0.0,0.0,0.19732414523691139,0.19732414523691127,0.19732414523691105,0.19732414523691075,0.0
2022-03-01,RSDR_CVaR_l1,0.22251719696500988,0.0,0.0,0.0,0.0,0.2591609343449967,0.2591609343449967,0.0,0.2591609343449967,0.0
2022-04-01,SAA_CVaR,0.0,0.0,0.0,0.0,0.0,0.18843960059044187,0.19865761081820327,0.48180043453131616,0.13110235406003884,0.0
2022-04-01,RS_CVaR,0.0,0.0,0.0,0.0,0.0,0.0,0.3401339395346938,0.44524501255831916,0.214621047906987,0.0
2022-04-01,DR_CVaR_l1,0.1973241452369111,0.0,0.013379273815444426,0.0,0.0,0.19732414523691139,0.19732414523691127,0.19732414523691105,0.19732414523691075,0.0
2022-04-01,RSDR_CVaR_l1,0.18747370182046819,0.0,0.0,0.0,0.0,0.18747370182046805,0.18747370182046882,0.1874737018204678,0.18747370182046777,0.06263149089766107
2022-05-01,SAA_CVaR,0.0,0.0,0.0,0.0,0.0,0.12181821760949901,0.15986168199523776,0.5014850136109398,0.21683508678432362,0.0
2022-05-01,RS_CVaR,0.0,0.0,0.0,0.0,0.0,0.3733434564161412,0.036813122014957504,0.0,0.5898434215689013,0.0
2022-05-01,DR_CVaR_l1,0.16917917730849963,0.15410411345750363,0.0,0.0,0.0,0.16917917730849805,0.1691791773084993,0.16917917730849943,0.16917917730849985,0.0
2022-05-01,RSDR_CVaR_l1,0.22251719696500988,0.0,0.0,0.0,0.0,0.2591609343449967,0.2591609343449967,0.0,0.2591609343449967,0.0
2022-06-01,SAA_CVaR,0.0,0.0,0.0,0.0,0.0,0.12181821760949901,0.15986168199523776,0.5014850136109398,0.21683508678432362,0.0
2022-06-01,RS_CVaR,0.0,0.0,0.0,0.0,0.0,0.18499558399694682,0.4896105495016023,0.32539386650145086,0.0,0.0
2022-06-01,DR_CVaR_l1,0.16917917730849963,0.15410411345750363,0.0,0.0,0.0,0.16917917730849805,0.1691791773084993,0.16917917730849943,0.16917917730849985,0.0
2022-06-01,RSDR_CVaR_l1,0.15822744016216758,0.15822744016216755,0.0,0.0,0.0,0.1582274401621681,0.15822744016216694,0.1582274401621694,0.15822744016216758,0.05063535902699627
2022-07-01,SAA_CVaR,0.0,0.0,0.0,0.0,0.0,0.07381387854308265,0.13190709987335467,0.5156688261683621,0.2786101954152008,0.0
2022-07-01,RS_CVaR,0.0,0.0,0.0,0.0,0.0,0.3733434564161412,0.036813122014957504,0.0,0.5898434215689013,0.0
2022-07-01,DR_CVaR_l1,0.0,0.0,0.0,0.0,0.0,0.24999999999999997,0.24999999999999958,0.2499999999999997,0.25000000000000017,0.0
2022-07-01,RSDR_CVaR_l1,0.22251719696500982,0.0,0.0,0.0,0.0,0.25916093434499665,0.25916093434499665,0.0,0.25916093434499665,0.0
2022-08-01,SAA_CVaR,0.0,0.0,0.0,0.0,0.0,0.07381387854308265,0.13190709987335467,0.5156688261683621,0.2786101954152008,0.0
2022-08-01,RS_CVaR,0.0,0.0,0.0,0.0,0.0,0.12173731957755901,0.3426790540686125,0.0,0.5355836263538285,0.0
2022-08-01,DR_CVaR_l1,0.0,0.0,0.0,0.0,0.0,0.24999999999999997,0.24999999999999958,0.2499999999999997,0.25000000000000017,0.0
2022-08-01,RSDR_CVaR_l1,0.13687658394300128,0.0,0.0,0.0,0.0,0.2157808540142489,0.21578085401424896,0.2157808540142509,0.21578085401425004,0.0
2022-09-01,SAA_CVaR,0.0,0.0,0.0,0.0,0.0,0.07381387854308265,0.13190709987335467,0.5156688261683621,0.2786101954152008,0.0
2022-09-01,RS_CVaR,0.0,0.0,0.0,0.0,0.0,0.18499558399694682,0.4896105495016023,0.32539386650145086,0.0,0.0
2022-09-01,DR_CVaR_l1,0.0,0.0,0.0,0.0,0.0,0.24999999999999997,0.24999999999999958,0.2499999999999997,0.25000000000000017,0.0
2022-09-01,RSDR_CVaR_l1,0.1802336260692168,0.0,0.0,0.0,0.0,0.20494159348269486,0.20494159348269703,0.20494159348269572,0.20494159348269708,0.0
2022-10-01,SAA_CVaR,0.0,0.0,0.0,0.0,0.0,0.0,0.2236079069680276,0.15358274110616968,0.6228093519258028,0.0
2022-10-01,RS_CVaR,0.0,0.0,0.0,0.0,0.0,0.0,0.26126633758540674,0.1436837754376899,0.5950498869769034,0.0
2022-10-01,DR_CVaR_l1,0.13687658394300248,0.0,0.0,0.0,0.0,0.21578085401424826,0.215780854014249,0.21578085401425004,0.21578085401425057,0.0
2022-10-01,RSDR_CVaR_l1,0.18680202605046048,0.0,0.0,0.0,0.0,0.1868020260504631,0.18680202605045917,0.18680202605045906,0.18680202605045917,0.06598986974770243
2022-11-01,SAA_CVaR,0.0,0.0,0.0,0.0,0.0,0.0,0.2236079069680276,0.15358274110616968,0.6228093519258028,0.0
2022-11-01,RS_CVaR,0.0,0.0,0.0,0.0,0.0,0.0,0.26126633758540674,0.1436837754376899,0.5950498869769034,0.0
2022-11-01,DR_CVaR_l1,0.13687658394300248,0.0,0.0,0.0,0.0,0.21578085401424826,0.215780854014249,0.21578085401425004,0.21578085401425057,0.0
2022-11-01,RSDR_CVaR_l1,0.18680202605045879,0.0,0.0,0.0,0.0,0.18680202605045848,0.18680202605046223,0.18680202605045748,0.18680202605045929,0.06598986974770171
2022-12-01,SAA_CVaR,0.0,0.0,0.0,0.0,0.0,0.0,0.2236079069680276,0.15358274110616968,0.6228093519258028,0.0
2022-12-01,RS_CVaR,0.0,0.0,0.0,0.0,0.0,0.1824470777539581,0.027430968641701286,0.0,0.7901219536043407,0.0
2022-12-01,DR_CVaR_l1,0.13687658394300248,0.0,0.0,0.0,0.0,0.21578085401424826,0.215780854014249,0.21578085401425004,0.21578085401425057,0.0
2022-12-01,RSDR_CVaR_l1,0.22251719696500988,0.0,0.0,0.0,0.0,0.2591609343449967,0.2591609343449967,0.0,0.2591609343449967,0.0
