rebalance_month,strategy,var_v,objective,theta_used,max_weight,herfindahl,effective_n_assets,solver,dual_norm,prev_month,prev_hard_regime
2014-01-01,SAA_CVaR,0.043978482034295566,0.07022013165822483,0.0,0.5503790154010851,0.4320275707984165,2.3146670897691357,linprog-highs,0.5503790154010851,2013-12-01,Steady_State
2014-01-01,RS_CVaR,0.044206647933964914,0.05694494050100827,0.0,0.5979583435485373,0.4384350190497317,2.280839706115195,linprog-highs,0.5979583435485373,2013-12-01,Steady_State
2014-01-01,DR_CVaR_l1,0.045987705126199284,0.0940953609047816,0.0030977893312706785,0.25864670761435155,0.25089718663081695,3.98569634609515,linprog-highs,0.25864670761435155,2013-12-01,Steady_State
2014-01-01,RSDR_CVaR_l1,0.03388694791236179,0.07721968304052676,0.0033816243955619935,0.2343511479685821,0.19477846812477068,5.134037707696842,linprog-highs,0.2343511479685821,2013-12-01,Steady_State
2014-02-01,SAA_CVaR,0.043978482034295566,0.07022013165822483,0.0,0.5503790154010851,0.4320275707984165,2.3146670897691357,linprog-highs,0.5503790154010851,2014-01-01,WOI
2014-02-01,RS_CVaR,0.052031010082109766,0.06824611277157153,0.0,0.666255750985097,0.5552819494712372,1.8008869205135192,linprog-highs,0.666255750985097,2014-01-01,WOI
2014-02-01,DR_CVaR_l1,0.045987705126199284,0.0940953609047816,0.0030977893312706785,0.25864670761435155,0.25089718663081695,3.98569634609515,linprog-highs,0.25864670761435155,2014-01-01,WOI
2014-02-01,RSDR_CVaR_l1,0.05108505220151197,0.09038618403785352,0.0034250344103683755,0.19921239938312257,0.18014875651158896,5.550968096389108,linprog-highs,0.19921239938312252,2014-01-01,WOI
2014-03-01,SAA_CVaR,0.043978482034295566,0.07022013165822483,0.0,0.5503790154010851,0.4320275707984165,2.3146670897691357,linprog-highs,0.5503790154010851,2014-02-01,Steady_State
2014-03-01,RS_CVaR,0.044206647933964914,0.057216380470292115,0.0,0.5979583435485373,0.4384350190497317,2.280839706115195,linprog-highs,0.5979583435485373,2014-02-01,Steady_State
2014-03-01,DR_CVaR_l1,0.045987705126199284,0.0940953609047816,0.0030977893312706785,0.25864670761435155,0.25089718663081695,3.98569634609515,linprog-highs,0.25864670761435155,2014-02-01,Steady_State
2014-03-01,RSDR_CVaR_l1,0.03535026453350757,0.07767775966848615,0.0033843938306079026,0.21461129484855218,0.1944834423536609,5.141825894779964,linprog-highs,0.21461129484855218,2014-02-01,Steady_State
2014-04-01,SAA_CVaR,0.043978482034295566,0.07022013165822483,0.0,0.5503790154010851,0.4320275707984165,2.3146670897691357,linprog-highs,0.5503790154010851,2014-03-01,Steady_State
2014-04-01,RS_CVaR,0.044206647933964914,0.05687333046540078,0.0,0.5979583435485373,0.4384350190497317,2.280839706115195,linprog-highs,0.5979583435485373,2014-03-01,Steady_State
2014-04-01,DR_CVaR_l1,0.045987705126199284,0.0940953609047816,0.0030977893312706785,0.25864670761435155,0.25089718663081695,3.98569634609515,linprog-highs,0.25864670761435155,2014-03-01,Steady_State
2014-04-01,RSDR_CVaR_l1,0.033886947912361805,0.07715080325664757,0.0033831691396916147,0.23435114796858203,0.19477846812477057,5.134037707696844,linprog-highs,0.23435114796858203,2014-03-01,Steady_State
2014-05-01,SAA_CVaR,0.043978482034295566,0.07022013165822483,0.0,0.5503790154010851,0.4320275707984165,2.3146670897691357,linprog-highs,0.5503790154010851,2014-04-01,Steady_State
2014-05-01,RS_CVaR,0.044206647933964914,0.05680555630037303,0.0,0.5979583435485373,0.4384350190497317,2.280839706115195,linprog-highs,0.5979583435485373,2014-04-01,Steady_State
2014-05-01,DR_CVaR_l1,0.045987705126199284,0.0940953609047816,0.0030977893312706785,0.25864670761435155,0.25089718663081695,3.98569634609515,linprog-highs,0.25864670761435155,2014-04-01,Steady_State
2014-05-01,RSDR_CVaR_l1,0.034105432818573526,0.07703945351463164,0.003382927186325286,0.240923574358127,0.2031868334522031,4.921578741150254,linprog-highs,0.240923574358127,2014-04-01,Steady_State
2014-06-01,SAA_CVaR,0.043978482034295566,0.07022013165822483,0.0,0.5503790154010851,0.4320275707984165,2.3146670897691357,linprog-highs,0.5503790154010851,2014-05-01,Steady_State
2014-06-01,RS_CVaR,0.046378272872005626,0.05732435064798877,0.0,0.7875893220778258,0.6654152363463668,1.5028210136737428,linprog-highs,0.7875893220778258,2014-05-01,Steady_State
2014-06-01,DR_CVaR_l1,0.045987705126199284,0.0940953609047816,0.0030977893312706785,0.25864670761435155,0.25089718663081695,3.98569634609515,linprog-highs,0.25864670761435155,2014-05-01,Steady_State
2014-06-01,RSDR_CVaR_l1,0.047973891491933804,0.08045373285973217,0.003388712978077916,0.2397974071449414,0.2316766723092047,4.316360339746943,linprog-highs,0.2397974071449414,2014-05-01,Steady_State
2014-07-01,SAA_CVaR,0.043978482034295566,0.07022013165822483,0.0,0.5503790154010851,0.4320275707984165,2.3146670897691357,linprog-highs,0.5503790154010851,2014-06-01,Steady_State
2014-07-01,RS_CVaR,0.046378272872005626,0.05724625758267518,0.0,0.7875893220778258,0.6654152363463668,1.5028210136737428,linprog-highs,0.7875893220778258,2014-06-01,Steady_State
2014-07-01,DR_CVaR_l1,0.045987705126199284,0.0940953609047816,0.0030977893312706785,0.25864670761435155,0.25089718663081695,3.98569634609515,linprog-highs,0.25864670761435155,2014-06-01,Steady_State
2014-07-01,RSDR_CVaR_l1,0.047973891491933804,0.08038269539531998,0.003388460335861051,0.2397974071449414,0.2316766723092047,4.316360339746943,linprog-highs,0.2397974071449414,2014-06-01,Steady_State
2014-08-01,SAA_CVaR,0.04267147269618963,0.07018373851793402,0.0,0.510273860012493,0.5002111043991126,1.9991559387736255,linprog-highs,0.510273860012493,2014-07-01,WOI
2014-08-01,RS_CVaR,0.05227189081608184,0.0732795826264835,0.0,0.6702701622572137,0.5579838563101958,1.7921665451268496,linprog-highs,0.6702701622572137,2014-07-01,WOI
2014-08-01,DR_CVaR_l1,0.04598770512619928,0.0940953609047816,0.0030977893312706785,0.25864670761435155,0.250897186630817,3.985696346095149,linprog-highs,0.25864670761435155,2014-07-01,WOI
2014-08-01,RSDR_CVaR_l1,0.06123979999999984,0.09666258492209696,0.0034476959973332335,0.20000000000000173,0.20000000000000184,4.999999999999954,linprog-highs,0.20000000000000062,2014-07-01,WOI
2014-09-01,SAA_CVaR,0.04267147269618963,0.07018373851793402,0.0,0.510273860012493,0.5002111043991126,1.9991559387736255,linprog-highs,0.510273860012493,2014-08-01,Steady_State
2014-09-01,RS_CVaR,0.046378272872005626,0.056914163069592294,0.0,0.7875893220778258,0.6654152363463668,1.5028210136737428,linprog-highs,0.7875893220778258,2014-08-01,Steady_State
2014-09-01,DR_CVaR_l1,0.04598770512619928,0.0940953609047816,0.0030977893312706785,0.25864670761435155,0.250897186630817,3.985696346095149,linprog-highs,0.25864670761435155,2014-08-01,Steady_State
2014-09-01,RSDR_CVaR_l1,0.04797389149193379,0.0801341712546455,0.0033891207839971634,0.23979740714494271,0.23167667230920452,4.3163603397469466,linprog-highs,0.23979740714494147,2014-08-01,Steady_State
2014-10-01,SAA_CVaR,0.04267147269618963,0.07018373851793402,0.0,0.510273860012493,0.5002111043991126,1.9991559387736255,linprog-highs,0.510273860012493,2014-09-01,Steady_State
2014-10-01,RS_CVaR,0.046378272872005626,0.057631514133100706,0.0,0.7875893220778258,0.6654152363463668,1.5028210136737428,linprog-highs,0.7875893220778258,2014-09-01,Steady_State
2014-10-01,DR_CVaR_l1,0.04598770512619928,0.0940953609047816,0.0030977893312706785,0.25864670761435155,0.250897186630817,3.985696346095149,linprog-highs,0.25864670761435155,2014-09-01,Steady_State
2014-10-01,RSDR_CVaR_l1,0.04797389149193386,0.08078658854351856,0.003391315124013353,0.23979740714494155,0.23167667230920463,4.316360339746944,linprog-highs,0.2397974071449413,2014-09-01,Steady_State
2014-11-01,SAA_CVaR,0.04267147269618963,0.07018373851793402,0.0,0.510273860012493,0.5002111043991126,1.9991559387736255,linprog-highs,0.510273860012493,2014-10-01,WOI
2014-11-01,RS_CVaR,0.05227189081608184,0.0730328220396676,0.0,0.6702701622572137,0.5579838563101958,1.7921665451268496,linprog-highs,0.6702701622572137,2014-10-01,WOI
2014-11-01,DR_CVaR_l1,0.04598770512619928,0.0940953609047816,0.0030977893312706785,0.25864670761435155,0.250897186630817,3.985696346095149,linprog-highs,0.25864670761435155,2014-10-01,WOI
2014-11-01,RSDR_CVaR_l1,0.06123979999999992,0.0965189361450436,0.003444842615161912,0.20000000000002185,0.200000000000001,4.999999999999975,linprog-highs,0.1999999999999997,2014-10-01,WOI
2014-12-01,SAA_CVaR,0.04267147269618963,0.07018373851793402,0.0,0.510273860012493,0.5002111043991126,1.9991559387736255,linprog-highs,0.510273860012493,2014-11-01,WOI
2014-12-01,RS_CVaR,0.05227189081608184,0.07317087625653512,0.0,0.6702701622572137,0.5579838563101958,1.7921665451268496,linprog-highs,0.6702701622572137,2014-11-01,WOI
2014-12-01,DR_CVaR_l1,0.04598770512619928,0.0940953609047816,0.0030977893312706785,0.25864670761435155,0.250897186630817,3.985696346095149,linprog-highs,0.25864670761435155,2014-11-01,WOI
2014-12-01,RSDR_CVaR_l1,0.06123980000000004,0.09692734165128918,0.0034437948368827276,0.20000000000000126,0.20000000000000112,4.999999999999972,linprog-highs,0.20000000000000084,2014-11-01,WOI
2015-01-01,SAA_CVaR,0.04267147269618963,0.07018373851793402,0.0,0.510273860012493,0.5002111043991126,1.9991559387736255,linprog-highs,0.510273860012493,2014-12-01,Steady_State
2015-01-01,RS_CVaR,0.04793102646408934,0.06365605897659346,0.0,0.8189479453931929,0.7034555837410783,1.4215538594232997,linprog-highs,0.8189479453931929,2014-12-01,Steady_State
2015-01-01,DR_CVaR_l1,0.045987705126199284,0.0940953609047816,0.0030977893312706785,0.25864670761435155,0.250897186630817,3.985696346095149,linprog-highs,0.25864670761435155,2014-12-01,Steady_State
2015-01-01,RSDR_CVaR_l1,0.047973891491933804,0.08637063085751798,0.0034107558598592265,0.2397974071449414,0.2316766723092047,4.316360339746943,linprog-highs,0.2397974071449414,2014-12-01,Steady_State
2015-02-01,SAA_CVaR,0.04267147269618963,0.07018373851793402,0.0,0.510273860012493,0.5002111043991126,1.9991559387736255,linprog-highs,0.510273860012493,2015-01-01,WOI
2015-02-01,RS_CVaR,0.05227189081608184,0.07242547418047071,0.0,0.6702701622572137,0.5579838563101958,1.7921665451268496,linprog-highs,0.6702701622572137,2015-01-01,WOI
2015-02-01,DR_CVaR_l1,0.045987705126199284,0.0940953609047816,0.0030977893312706785,0.25864670761435155,0.250897186630817,3.985696346095149,linprog-highs,0.25864670761435155,2015-01-01,WOI
2015-02-01,RSDR_CVaR_l1,0.061239800000000115,0.09603825281724218,0.003438917562489583,0.20000000000000076,0.20000000000000015,4.9999999999999964,linprog-highs,0.20000000000000043,2015-01-01,WOI
2015-03-01,SAA_CVaR,0.04267147269618963,0.07018373851793402,0.0,0.510273860012493,0.5002111043991126,1.9991559387736255,linprog-highs,0.510273860012493,2015-02-01,Steady_State
2015-03-01,RS_CVaR,0.046378272872005626,0.056736492330392865,0.0,0.7875893220778258,0.6654152363463668,1.5028210136737428,linprog-highs,0.7875893220778258,2015-02-01,Steady_State
2015-03-01,DR_CVaR_l1,0.045987705126199284,0.0940953609047816,0.0030977893312706785,0.25864670761435155,0.250897186630817,3.985696346095149,linprog-highs,0.25864670761435155,2015-02-01,Steady_State
2015-03-01,RSDR_CVaR_l1,0.04797389149193377,0.08013378284800549,0.003393896854903033,0.2397974071449416,0.2316766723092049,4.3163603397469394,linprog-highs,0.23979740714494158,2015-02-01,Steady_State
2015-04-01,SAA_CVaR,0.04267147269618963,0.07018373851793402,0.0,0.510273860012493,0.5002111043991126,1.9991559387736255,linprog-highs,0.510273860012493,2015-03-01,WOI
2015-04-01,RS_CVaR,0.05227189081608184,0.07141639961101347,0.0,0.6702701622572137,0.5579838563101958,1.7921665451268496,linprog-highs,0.6702701622572137,2015-03-01,WOI
2015-04-01,DR_CVaR_l1,0.045987705126199284,0.0940953609047816,0.0030977893312706785,0.25864670761435155,0.250897186630817,3.985696346095149,linprog-highs,0.25864670761435155,2015-03-01,WOI
2015-04-01,RSDR_CVaR_l1,0.061239800000000004,0.09492843231809735,0.00343559111697117,0.2,0.20000000000000004,4.999999999999999,linprog-highs,0.2,2015-03-01,WOI
2015-05-01,SAA_CVaR,0.04267147269618963,0.07018373851793402,0.0,0.510273860012493,0.5002111043991126,1.9991559387736255,linprog-highs,0.510273860012493,2015-04-01,Steady_State
2015-05-01,RS_CVaR,0.046378272872005626,0.06275502846871191,0.0,0.7875893220778258,0.6654152363463668,1.5028210136737428,linprog-highs,0.7875893220778258,2015-04-01,Steady_State
2015-05-01,DR_CVaR_l1,0.045987705126199284,0.0940953609047816,0.0030977893312706785,0.25864670761435155,0.250897186630817,3.985696346095149,linprog-highs,0.25864670761435155,2015-04-01,Steady_State
2015-05-01,RSDR_CVaR_l1,0.04797389149193355,0.08554995381717272,0.003408324329524619,0.2397974071449414,0.2316766723092028,4.3163603397469785,linprog-highs,0.2397974071449414,2015-04-01,Steady_State
2015-06-01,SAA_CVaR,0.04267147269618963,0.07018373851793402,0.0,0.510273860012493,0.5002111043991126,1.9991559387736255,linprog-highs,0.510273860012493,2015-05-01,Steady_State
2015-06-01,RS_CVaR,0.046378272872005626,0.056844049688741224,0.0,0.7875893220778258,0.6654152363463668,1.5028210136737428,linprog-highs,0.7875893220778258,2015-05-01,Steady_State
2015-06-01,DR_CVaR_l1,0.045987705126199284,0.0940953609047816,0.0030977893312706785,0.25864670761435155,0.250897186630817,3.985696346095149,linprog-highs,0.25864670761435155,2015-05-01,Steady_State
2015-06-01,RSDR_CVaR_l1,0.04797389149193383,0.08012399895719305,0.003390654008091792,0.2397974071449415,0.2316766723092045,4.3163603397469466,linprog-highs,0.23979740714494133,2015-05-01,Steady_State
2015-07-01,SAA_CVaR,0.04267147269618963,0.07018373851793402,0.0,0.510273860012493,0.5002111043991126,1.9991559387736255,linprog-highs,0.510273860012493,2015-06-01,WOI
2015-07-01,RS_CVaR,0.05227189081608184,0.06874157320025469,0.0,0.6702701622572137,0.5579838563101958,1.7921665451268496,linprog-highs,0.6702701622572137,2015-06-01,WOI
2015-07-01,DR_CVaR_l1,0.045987705126199284,0.0940953609047816,0.0030977893312706785,0.25864670761435155,0.250897186630817,3.985696346095149,linprog-highs,0.25864670761435155,2015-06-01,WOI
2015-07-01,RSDR_CVaR_l1,0.061239800000000004,0.0918310528552774,0.0034285669157736107,0.2,0.20000000000000004,4.999999999999999,linprog-highs,0.2,2015-06-01,WOI
2015-08-01,SAA_CVaR,0.04267147269618963,0.07018373851793402,0.0,0.510273860012493,0.5002111043991126,1.9991559387736255,linprog-highs,0.510273860012493,2015-07-01,Steady_State
2015-08-01,RS_CVaR,0.046378272872005626,0.060972866974794954,0.0,0.7875893220778258,0.6654152363463668,1.5028210136737428,linprog-highs,0.7875893220778258,2015-07-01,Steady_State
2015-08-01,DR_CVaR_l1,0.045987705126199284,0.09409536090478159,0.0030977893312706785,0.25864670761435155,0.250897186630817,3.985696346095149,linprog-highs,0.25864670761435155,2015-07-01,Steady_State
2015-08-01,RSDR_CVaR_l1,0.047973891491933804,0.08387841652174409,0.0034025384184356144,0.2397974071449414,0.2316766723092047,4.316360339746943,linprog-highs,0.2397974071449414,2015-07-01,Steady_State
2015-09-01,SAA_CVaR,0.04703974430210485,0.07222332707529935,0.0,0.6443128499623921,0.5416523973285358,1.8462024813922433,linprog-highs,0.6443128499623921,2015-08-01,WOI
2015-09-01,RS_CVaR,0.052841130391768895,0.07326534276418477,0.0,0.7267950578199887,0.6028719965031439,1.6587269035555297,linprog-highs,0.7267950578199887,2015-08-01,WOI
2015-09-01,DR_CVaR_l1,0.05891810040883796,0.0955490245204364,0.0030977893312706785,0.22153403003322847,0.2039127196660429,4.904058960312752,linprog-highs,0.22153403003322847,2015-08-01,WOI
2015-09-01,RSDR_CVaR_l1,0.0612398,0.09429941865343078,0.0034371592095542866,0.19999999999999998,0.19999999999999996,5.000000000000001,linprog-highs,0.19999999999999998,2015-08-01,WOI
2015-10-01,SAA_CVaR,0.04703974430210485,0.07222332707529935,0.0,0.6443128499623921,0.5416523973285358,1.8462024813922433,linprog-highs,0.6443128499623921,2015-09-01,WOI
2015-10-01,RS_CVaR,0.05745048208422443,0.07496375794030805,0.0,0.7817057271804796,0.63760149032777,1.5683777644339143,linprog-highs,0.7817057271804796,2015-09-01,WOI
2015-10-01,DR_CVaR_l1,0.05891810040883792,0.09554902452043637,0.0030977893312706785,0.22153403003322844,0.20391271966604277,4.904058960312756,linprog-highs,0.22153403003322844,2015-09-01,WOI
2015-10-01,RSDR_CVaR_l1,0.06123979999999998,0.09622068501301664,0.003441642309153917,0.20000000000000004,0.19999999999999998,5.0,linprog-highs,0.20000000000000004,2015-09-01,WOI
2015-11-01,SAA_CVaR,0.04703974430210485,0.07222332707529935,0.0,0.6443128499623921,0.5416523973285358,1.8462024813922433,linprog-highs,0.6443128499623921,2015-10-01,Steady_State
2015-11-01,RS_CVaR,0.046378272872005626,0.057801751047418214,0.0,0.7875893220778258,0.6654152363463668,1.5028210136737428,linprog-highs,0.7875893220778258,2015-10-01,Steady_State
2015-11-01,DR_CVaR_l1,0.05891810040883792,0.09554902452043637,0.0030977893312706785,0.2215340300332284,0.20391271966604277,4.904058960312756,linprog-highs,0.2215340300332284,2015-10-01,Steady_State
2015-11-01,RSDR_CVaR_l1,0.05855889514904406,0.08069157362080485,0.003390547483701966,0.17218083770760373,0.16757884913472793,5.967340181433235,linprog-highs,0.17218083770760362,2015-10-01,Steady_State
2015-12-01,SAA_CVaR,0.04703974430210485,0.07222332707529935,0.0,0.6443128499623921,0.5416523973285358,1.8462024813922433,linprog-highs,0.6443128499623921,2015-11-01,Steady_State
2015-12-01,RS_CVaR,0.049206117613636365,0.060615478513989955,0.0,0.6751136363636364,0.5613295712809918,1.781484623583847,linprog-highs,0.6751136363636364,2015-11-01,Steady_State
2015-12-01,DR_CVaR_l1,0.05891810040883792,0.09554902452043637,0.0030977893312706785,0.2215340300332284,0.20391271966604277,4.904058960312756,linprog-highs,0.2215340300332284,2015-11-01,Steady_State
2015-12-01,RSDR_CVaR_l1,0.0590362621948448,0.08319171167134114,0.0033988566109997872,0.20661056053098661,0.20087399021067656,4.978245311656329,linprog-highs,0.2066105605309827,2015-11-01,Steady_State
2016-01-01,SAA_CVaR,0.04703974430210485,0.07222332707529935,0.0,0.6443128499623921,0.5416523973285358,1.8462024813922433,linprog-highs,0.6443128499623921,2015-12-01,Steady_State
2016-01-01,RS_CVaR,0.046378272872005626,0.05816407614749109,0.0,0.7875893220778258,0.6654152363463668,1.5028210136737428,linprog-highs,0.7875893220778258,2015-12-01,Steady_State
2016-01-01,DR_CVaR_l1,0.05891810040883794,0.09554902452043638,0.0030977893312706785,0.2215340300332278,0.20391271966604124,4.904058960312792,linprog-highs,0.2215340300332257,2015-12-01,Steady_State
2016-01-01,RSDR_CVaR_l1,0.058558895149044034,0.08099035000523963,0.0033915271234868792,0.17218083770760334,0.1675788491347278,5.967340181433239,linprog-highs,0.17218083770760326,2015-12-01,Steady_State
2016-02-01,SAA_CVaR,0.04703974430210485,0.07222332707529935,0.0,0.6443128499623921,0.5416523973285358,1.8462024813922433,linprog-highs,0.6443128499623921,2016-01-01,WOI
2016-02-01,RS_CVaR,0.05745048208422443,0.08909353493047224,0.0,0.7817057271804796,0.63760149032777,1.5683777644339143,linprog-highs,0.7817057271804796,2016-01-01,WOI
2016-02-01,DR_CVaR_l1,0.05891810040883794,0.09554902452043638,0.0030977893312706785,0.2215340300332278,0.20391271966604124,4.904058960312792,linprog-highs,0.2215340300332257,2016-01-01,WOI
2016-02-01,RSDR_CVaR_l1,0.06222345193517763,0.11696697371410364,0.0035056316000408915,0.20315389193536001,0.2001989406867986,4.995031425088561,linprog-highs,0.20315389193535915,2016-01-01,WOI
2016-03-01,SAA_CVaR,0.04703974430210485,0.07222332707529935,0.0,0.6443128499623921,0.5416523973285358,1.8462024813922433,linprog-highs,0.6443128499623921,2016-02-01,WOI
2016-03-01,RS_CVaR,0.049206117613636365,0.07289133716816323,0.0,0.6751136363636364,0.5613295712809918,1.781484623583847,linprog-highs,0.6751136363636364,2016-02-01,WOI
2016-03-01,DR_CVaR_l1,0.05891810040883794,0.09554902452043638,0.0030977893312706785,0.2215340300332278,0.20391271966604124,4.904058960312792,linprog-highs,0.2215340300332257,2016-02-01,WOI
2016-03-01,RSDR_CVaR_l1,0.06123979999999987,0.0941683723206781,0.0034333133372665375,0.20000000000000237,0.20000000000000065,4.999999999999984,linprog-highs,0.2000000000000002,2016-02-01,WOI
2016-04-01,SAA_CVaR,0.04703974430210485,0.07222332707529935,0.0,0.6443128499623921,0.5416523973285358,1.8462024813922433,linprog-highs,0.6443128499623921,2016-03-01,Steady_State
2016-04-01,RS_CVaR,0.049206117613636365,0.0604568486532778,0.0,0.6751136363636364,0.5613295712809918,1.781484623583847,linprog-highs,0.6751136363636364,2016-03-01,Steady_State
2016-04-01,DR_CVaR_l1,0.05891810040883794,0.09554902452043638,0.0030977893312706785,0.2215340300332278,0.20391271966604124,4.904058960312792,linprog-highs,0.2215340300332257,2016-03-01,Steady_State
2016-04-01,RSDR_CVaR_l1,0.05903626219484477,0.08320788164167289,0.0034008091226014623,0.20661056053098145,0.20087399021067542,4.978245311656358,linprog-highs,0.20661056053098145,2016-03-01,Steady_State
2016-05-01,SAA_CVaR,0.04703974430210485,0.07222332707529935,0.0,0.6443128499623921,0.5416523973285358,1.8462024813922433,linprog-highs,0.6443128499623921,2016-04-01,WOI
2016-05-01,RS_CVaR,0.049206117613636365,0.0691447555294138,0.0,0.6751136363636364,0.5613295712809918,1.781484623583847,linprog-highs,0.6751136363636364,2016-04-01,WOI
2016-05-01,DR_CVaR_l1,0.05891810040883794,0.09554902452043638,0.0030977893312706785,0.2215340300332278,0.20391271966604124,4.904058960312792,linprog-highs,0.2215340300332257,2016-04-01,WOI
2016-05-01,RSDR_CVaR_l1,0.05903626219484475,0.09099412308492433,0.003422967078115302,0.2066105605309821,0.20087399021067523,4.978245311656362,linprog-highs,0.2066105605309816,2016-04-01,WOI
2016-06-01,SAA_CVaR,0.04703974430210485,0.07222332707529935,0.0,0.6443128499623921,0.5416523973285358,1.8462024813922433,linprog-highs,0.6443128499623921,2016-05-01,Steady_State
2016-06-01,RS_CVaR,0.046378272872005626,0.05704543669701051,0.0,0.7875893220778258,0.6654152363463668,1.5028210136737428,linprog-highs,0.7875893220778258,2016-05-01,Steady_State
2016-06-01,DR_CVaR_l1,0.05891810040883794,0.09554902452043638,0.0030977893312706785,0.2215340300332278,0.20391271966604124,4.904058960312792,linprog-highs,0.2215340300332257,2016-05-01,Steady_State
2016-06-01,RSDR_CVaR_l1,0.058558895149044075,0.08038195025163263,0.0033942790400300848,0.1721808377076037,0.16757884913472787,5.9673401814332365,linprog-highs,0.1721808377076037,2016-05-01,Steady_State
2016-07-01,SAA_CVaR,0.04703974430210485,0.07222332707529935,0.0,0.6443128499623921,0.5416523973285358,1.8462024813922433,linprog-highs,0.6443128499623921,2016-06-01,Steady_State
2016-07-01,RS_CVaR,0.049206117613636365,0.061282674419747406,0.0,0.6751136363636364,0.5613295712809918,1.781484623583847,linprog-highs,0.6751136363636364,2016-06-01,Steady_State
2016-07-01,DR_CVaR_l1,0.05891810040883793,0.09554902452043637,0.0030977893312706785,0.2215340300332284,0.2039127196660428,4.904058960312755,linprog-highs,0.2215340300332284,2016-06-01,Steady_State
2016-07-01,RSDR_CVaR_l1,0.05903626219484476,0.08393865594901959,0.0034029675012461793,0.2066105605309815,0.20087399021067542,4.978245311656358,linprog-highs,0.2066105605309815,2016-06-01,Steady_State
2016-08-01,SAA_CVaR,0.04703974430210485,0.07222332707529935,0.0,0.6443128499623921,0.5416523973285358,1.8462024813922433,linprog-highs,0.6443128499623921,2016-07-01,Steady_State
2016-08-01,RS_CVaR,0.04702250493628684,0.058591369890053716,0.0,0.6444902407181623,0.541754859325585,1.8458533094559986,linprog-highs,0.6444902407181623,2016-07-01,Steady_State
2016-08-01,DR_CVaR_l1,0.05891810040883793,0.09554902452043637,0.0030977893312706785,0.2215340300332284,0.2039127196660428,4.904058960312755,linprog-highs,0.2215340300332284,2016-07-01,Steady_State
2016-08-01,RSDR_CVaR_l1,0.05855889514904405,0.08157149747015786,0.0033959940428510108,0.17218083770760362,0.16757884913472784,5.967340181433237,linprog-highs,0.17218083770760353,2016-07-01,Steady_State
2016-09-01,SAA_CVaR,0.04703974430210485,0.07222332707529935,0.0,0.6443128499623921,0.5416523973285358,1.8462024813922433,linprog-highs,0.6443128499623921,2016-08-01,Steady_State
2016-09-01,RS_CVaR,0.046378272872005626,0.057310483616558314,0.0,0.7875893220778258,0.6654152363463668,1.5028210136737428,linprog-highs,0.7875893220778258,2016-08-01,Steady_State
2016-09-01,DR_CVaR_l1,0.05891810040883793,0.09554902452043637,0.0030977893312706785,0.2215340300332284,0.2039127196660428,4.904058960312755,linprog-highs,0.2215340300332284,2016-08-01,Steady_State
2016-09-01,RSDR_CVaR_l1,0.05855889514904404,0.08049985272222847,0.0033929684655644764,0.1721808377076035,0.1675788491347279,5.967340181433236,linprog-highs,0.1721808377076035,2016-08-01,Steady_State
2016-10-01,SAA_CVaR,0.04703974430210485,0.07222332707529935,0.0,0.6443128499623921,0.5416523973285358,1.8462024813922433,linprog-highs,0.6443128499623921,2016-09-01,Steady_State
2016-10-01,RS_CVaR,0.046378272872005626,0.058247757130369275,0.0,0.7875893220778258,0.6654152363463668,1.5028210136737428,linprog-highs,0.7875893220778258,2016-09-01,Steady_State
2016-10-01,DR_CVaR_l1,0.05891810040883792,0.09554902452043638,0.0030977893312706785,0.2215340300332285,0.2039127196660428,4.904058960312755,linprog-highs,0.2215340300332285,2016-09-01,Steady_State
2016-10-01,RSDR_CVaR_l1,0.058558895149044034,0.08128154472394086,0.0033951756161459162,0.17218083770760365,0.16757884913472787,5.9673401814332365,linprog-highs,0.17218083770760353,2016-09-01,Steady_State
2016-11-01,SAA_CVaR,0.04703974430210485,0.07222332707529935,0.0,0.6443128499623921,0.5416523973285358,1.8462024813922433,linprog-highs,0.6443128499623921,2016-10-01,Steady_State
2016-11-01,RS_CVaR,0.04703974430210485,0.0591646219696962,0.0,0.6443128499623921,0.5416523973285358,1.8462024813922433,linprog-highs,0.6443128499623921,2016-10-01,Steady_State
2016-11-01,DR_CVaR_l1,0.05891810040883792,0.09554902452043638,0.0030977893312706785,0.2215340300332285,0.2039127196660428,4.904058960312755,linprog-highs,0.2215340300332285,2016-10-01,Steady_State
2016-11-01,RSDR_CVaR_l1,0.05903626219484495,0.0820656174844397,0.003397435380035345,0.20661056053098345,0.20087399021067653,4.97824531165633,linprog-highs,0.2066105605309811,2016-10-01,Steady_State
2016-12-01,SAA_CVaR,0.04703974430210485,0.07222332707529935,0.0,0.6443128499623921,0.5416523973285358,1.8462024813922433,linprog-highs,0.6443128499623921,2016-11-01,Crisis
2016-12-01,RS_CVaR,0.11669561571851605,0.11669561571851605,0.0,0.8327171733892474,0.7214014349362612,1.3861907553432495,linprog-highs,0.8327171733892474,2016-11-01,Crisis
2016-12-01,DR_CVaR_l1,0.05891810040883784,0.09554902452043632,0.0030977893312706785,0.22153403003322858,0.2039127196660424,4.904058960312764,linprog-highs,0.22153403003322858,2016-11-01,Crisis
2016-12-01,RSDR_CVaR_l1,0.1099919999999998,0.1473750743169053,0.0036941230390474564,0.33333333333333354,0.3333333333333332,3.0000000000000013,linprog-highs,0.33333333333333304,2016-11-01,Crisis
2017-01-01,SAA_CVaR,0.04703974430210485,0.07222332707529935,0.0,0.6443128499623921,0.5416523973285358,1.8462024813922433,linprog-highs,0.6443128499623921,2016-12-01,Steady_State
2017-01-01,RS_CVaR,0.046378272872005626,0.05733821345508844,0.0,0.7875893220778258,0.6654152363463668,1.5028210136737428,linprog-highs,0.7875893220778258,2016-12-01,Steady_State
2017-01-01,DR_CVaR_l1,0.05891810040883784,0.09554902452043632,0.0030977893312706785,0.22153403003322858,0.2039127196660424,4.904058960312764,linprog-highs,0.22153403003322858,2016-12-01,Steady_State
2017-01-01,RSDR_CVaR_l1,0.05839753676805716,0.08045411499093436,0.003396468703027253,0.16571559381386747,0.16480251162306414,6.067868688113184,linprog-highs,0.16571559381386744,2016-12-01,Steady_State
2017-02-01,SAA_CVaR,0.04703974430210485,0.07222332707529935,0.0,0.6443128499623921,0.5416523973285358,1.8462024813922433,linprog-highs,0.6443128499623921,2017-01-01,Steady_State
2017-02-01,RS_CVaR,0.046378272872005626,0.05748749979783017,0.0,0.7875893220778258,0.6654152363463668,1.5028210136737428,linprog-highs,0.7875893220778258,2017-01-01,Steady_State
2017-02-01,DR_CVaR_l1,0.05891810040883784,0.09554902452043632,0.0030977893312706785,0.22153403003322858,0.2039127196660424,4.904058960312764,linprog-highs,0.22153403003322858,2017-01-01,Steady_State
2017-02-01,RSDR_CVaR_l1,0.058397536768057166,0.08057465287521737,0.003396807295995788,0.1657155938138675,0.16480251162306417,6.067868688113183,linprog-highs,0.16571559381386747,2017-01-01,Steady_State
2017-03-01,SAA_CVaR,0.04703974430210485,0.07222332707529935,0.0,0.6443128499623921,0.5416523973285358,1.8462024813922433,linprog-highs,0.6443128499623921,2017-02-01,Steady_State
2017-03-01,RS_CVaR,0.046378272872005626,0.05750231609647599,0.0,0.7875893220778258,0.6654152363463668,1.5028210136737428,linprog-highs,0.7875893220778258,2017-02-01,Steady_State
2017-03-01,DR_CVaR_l1,0.05891810040883784,0.09554902452043632,0.0030977893312706785,0.22153403003322858,0.2039127196660424,4.904058960312764,linprog-highs,0.22153403003322858,2017-02-01,Steady_State
2017-03-01,RSDR_CVaR_l1,0.05839753676805714,0.08048651177627078,0.0033949805540714876,0.16571559381386744,0.16480251162306414,6.067868688113184,linprog-highs,0.16571559381386744,2017-02-01,Steady_State
2017-04-01,SAA_CVaR,0.04703974430210485,0.07222332707529935,0.0,0.6443128499623921,0.5416523973285358,1.8462024813922433,linprog-highs,0.6443128499623921,2017-03-01,Steady_State
2017-04-01,RS_CVaR,0.046378272872005626,0.057469201512863735,0.0,0.7875893220778258,0.6654152363463668,1.5028210136737428,linprog-highs,0.7875893220778258,2017-03-01,Steady_State
2017-04-01,DR_CVaR_l1,0.05891810040883784,0.09554902452043632,0.0030977893312706785,0.22153403003322858,0.2039127196660424,4.904058960312764,linprog-highs,0.22153403003322858,2017-03-01,Steady_State
2017-04-01,RSDR_CVaR_l1,0.05839753676805714,0.08045992279958636,0.0033948992291713592,0.16571559381386744,0.16480251162306414,6.067868688113184,linprog-highs,0.16571559381386744,2017-03-01,Steady_State
2017-05-01,SAA_CVaR,0.04703974430210485,0.07222332707529935,0.0,0.6443128499623921,0.5416523973285358,1.8462024813922433,linprog-highs,0.6443128499623921,2017-04-01,Steady_State
2017-05-01,RS_CVaR,0.046378272872005626,0.057398432887319384,0.0,0.7875893220778258,0.6654152363463668,1.5028210136737428,linprog-highs,0.7875893220778258,2017-04-01,Steady_State
2017-05-01,DR_CVaR_l1,0.05891810040883784,0.09554902452043632,0.0030977893312706785,0.22153403003322858,0.2039127196660424,4.904058960312764,linprog-highs,0.22153403003322858,2017-04-01,Steady_State
2017-05-01,RSDR_CVaR_l1,0.05839753676805715,0.08040310183005031,0.0033947254345318813,0.16571559381386747,0.16480251162306414,6.067868688113184,linprog-highs,0.1657155938138674,2017-04-01,Steady_State
2017-06-01,SAA_CVaR,0.04703974430210485,0.07222332707529935,0.0,0.6443128499623921,0.5416523973285358,1.8462024813922433,linprog-highs,0.6443128499623921,2017-05-01,Steady_State
2017-06-01,RS_CVaR,0.046378272872005626,0.057377795706191,0.0,0.7875893220778258,0.6654152363463668,1.5028210136737428,linprog-highs,0.7875893220778258,2017-05-01,Steady_State
2017-06-01,DR_CVaR_l1,0.05891810040883792,0.09554902452043637,0.0030977893312706785,0.22153403003322844,0.20391271966604277,4.904058960312756,linprog-highs,0.22153403003322844,2017-05-01,Steady_State
2017-06-01,RSDR_CVaR_l1,0.05839753676805716,0.0803865324247707,0.0033946747542262074,0.16571559381386744,0.1648025116230641,6.067868688113185,linprog-highs,0.16571559381386744,2017-05-01,Steady_State
2017-07-01,SAA_CVaR,0.04703974430210485,0.07222332707529935,0.0,0.6443128499623921,0.5416523973285358,1.8462024813922433,linprog-highs,0.6443128499623921,2017-06-01,Steady_State
2017-07-01,RS_CVaR,0.049206117613636365,0.0612321569469371,0.0,0.6751136363636364,0.5613295712809918,1.781484623583847,linprog-highs,0.6751136363636364,2017-06-01,Steady_State
2017-07-01,DR_CVaR_l1,0.058918100408838006,0.09554902452043666,0.0030977893312706785,0.2215340300332278,0.20391271966604185,4.904058960312777,linprog-highs,0.2215340300332263,2017-06-01,Steady_State
2017-07-01,RSDR_CVaR_l1,0.058558895149044075,0.08370255561387979,0.0034049334456926704,0.1721808377076053,0.16757884913472806,5.967340181433229,linprog-highs,0.17218083770760456,2017-06-01,Steady_State
2017-08-01,SAA_CVaR,0.04703974430210485,0.07222332707529935,0.0,0.6443128499623921,0.5416523973285358,1.8462024813922433,linprog-highs,0.6443128499623921,2017-07-01,Steady_State
2017-08-01,RS_CVaR,0.046378272872005626,0.057854668457345146,0.0,0.7875893220778258,0.6654152363463668,1.5028210136737428,linprog-highs,0.7875893220778258,2017-07-01,Steady_State
2017-08-01,DR_CVaR_l1,0.058918100408837874,0.09554902452043623,0.0030977893312706785,0.2215340300332308,0.20391271966604338,4.9040589603127405,linprog-highs,0.22153403003322747,2017-07-01,Steady_State
2017-08-01,RSDR_CVaR_l1,0.05839753676805715,0.08072250334160144,0.0033935546893233293,0.16571559381386744,0.1648025116230641,6.067868688113185,linprog-highs,0.16571559381386744,2017-07-01,Steady_State
2017-09-01,SAA_CVaR,0.04703974430210485,0.07222332707529935,0.0,0.6443128499623921,0.5416523973285358,1.8462024813922433,linprog-highs,0.6443128499623921,2017-08-01,WOI
2017-09-01,RS_CVaR,0.05745048208422443,0.07432873152764152,0.0,0.7817057271804796,0.63760149032777,1.5683777644339143,linprog-highs,0.7817057271804796,2017-08-01,WOI
2017-09-01,DR_CVaR_l1,0.05891810040883792,0.09554902452043637,0.0030977893312706785,0.22153403003322844,0.2039127196660428,4.904058960312755,linprog-highs,0.22153403003322844,2017-08-01,WOI
2017-09-01,RSDR_CVaR_l1,0.0612398,0.09518614722885803,0.003443994884701041,0.2,0.20000000000000004,4.999999999999999,linprog-highs,0.2,2017-08-01,WOI
2017-10-01,SAA_CVaR,0.04703974430210485,0.07222332707529935,0.0,0.6443128499623921,0.5416523973285358,1.8462024813922433,linprog-highs,0.6443128499623921,2017-09-01,Steady_State
2017-10-01,RS_CVaR,0.046378272872005626,0.05757952393741257,0.0,0.7875893220778258,0.6654152363463668,1.5028210136737428,linprog-highs,0.7875893220778258,2017-09-01,Steady_State
2017-10-01,DR_CVaR_l1,0.05891810040883792,0.09554902452043637,0.0030977893312706785,0.22153403003322844,0.2039127196660428,4.904058960312755,linprog-highs,0.22153403003322844,2017-09-01,Steady_State
2017-10-01,RSDR_CVaR_l1,0.05839753676805715,0.08044656882184116,0.003393326086161249,0.16571559381386752,0.16480251162306417,6.067868688113183,linprog-highs,0.16571559381386744,2017-09-01,Steady_State
2017-11-01,SAA_CVaR,0.04703974430210485,0.07222332707529935,0.0,0.6443128499623921,0.5416523973285358,1.8462024813922433,linprog-highs,0.6443128499623921,2017-10-01,Steady_State
2017-11-01,RS_CVaR,0.046378272872005626,0.057844182030497224,0.0,0.7875893220778258,0.6654152363463668,1.5028210136737428,linprog-highs,0.7875893220778258,2017-10-01,Steady_State
2017-11-01,DR_CVaR_l1,0.05891810040883792,0.09554902452043637,0.0030977893312706785,0.22153403003322844,0.2039127196660428,4.904058960312755,linprog-highs,0.22153403003322844,2017-10-01,Steady_State
2017-11-01,RSDR_CVaR_l1,0.05839753676805715,0.08055629943731313,0.0033921961445486054,0.1657155938138674,0.1648025116230641,6.067868688113185,linprog-highs,0.1657155938138674,2017-10-01,Steady_State
2017-12-01,SAA_CVaR,0.04703974430210485,0.07222332707529935,0.0,0.6443128499623921,0.5416523973285358,1.8462024813922433,linprog-highs,0.6443128499623921,2017-11-01,WOI
2017-12-01,RS_CVaR,0.052841130391768895,0.07240052895686103,0.0,0.7267950578199887,0.6028719965031439,1.6587269035555297,linprog-highs,0.7267950578199887,2017-11-01,WOI
2017-12-01,DR_CVaR_l1,0.05891810040883792,0.09554902452043637,0.0030977893312706785,0.22153403003322844,0.2039127196660428,4.904058960312755,linprog-highs,0.22153403003322844,2017-11-01,WOI
2017-12-01,RSDR_CVaR_l1,0.06123979999999982,0.09306092507666079,0.003438249509177958,0.20000000000000087,0.20000000000000046,4.9999999999999885,linprog-highs,0.20000000000000018,2017-11-01,WOI
2018-01-01,SAA_CVaR,0.04703974430210485,0.07222332707529935,0.0,0.6443128499623921,0.5416523973285358,1.8462024813922433,linprog-highs,0.6443128499623921,2017-12-01,Steady_State
2018-01-01,RS_CVaR,0.046378272872005626,0.05782079642450584,0.0,0.7875893220778258,0.6654152363463668,1.5028210136737428,linprog-highs,0.7875893220778258,2017-12-01,Steady_State
2018-01-01,DR_CVaR_l1,0.05891810040883792,0.09554902452043637,0.0030977893312706785,0.22153403003322844,0.2039127196660428,4.904058960312755,linprog-highs,0.22153403003322844,2017-12-01,Steady_State
2018-01-01,RSDR_CVaR_l1,0.05839753676805711,0.08053451097308713,0.0033921596270476626,0.1657155938138677,0.16480251162306436,6.067868688113176,linprog-highs,0.16571559381386752,2017-12-01,Steady_State
2018-02-01,SAA_CVaR,0.04702250493628684,0.06974023683387101,0.0,0.6444902407181623,0.541754859325585,1.8458533094559986,linprog-highs,0.6444902407181623,2018-01-01,Steady_State
2018-02-01,RS_CVaR,0.04702429258254607,0.056166013670316706,0.0,0.6440931624731082,0.5415256789430031,1.8466344974662827,linprog-highs,0.6440931624731082,2018-01-01,Steady_State
2018-02-01,DR_CVaR_l1,0.050035500000000004,0.0943071549896868,0.0030977893312706785,0.2500000000000022,0.24999999999999944,4.000000000000009,linprog-highs,0.25000000000000033,2018-01-01,Steady_State
2018-02-01,RSDR_CVaR_l1,0.03815109076521875,0.0787942349626291,0.003391267356224709,0.21355750064461737,0.203676116474576,4.909755828562381,linprog-highs,0.21355750064461737,2018-01-01,Steady_State
2018-03-01,SAA_CVaR,0.05274957014937769,0.07184157659159408,0.0,0.6120209534336584,0.4505675465292723,2.2194230536642356,linprog-highs,0.6120209534336584,2018-02-01,Steady_State
2018-03-01,RS_CVaR,0.05307009212507787,0.05977962843698284,0.0,0.5691065030512052,0.41701616662077057,2.3979885674537598,linprog-highs,0.5691065030512052,2018-02-01,Steady_State
2018-03-01,DR_CVaR_l1,0.05003550000000021,0.09430715498968625,0.0030977893312706785,0.25000000000001177,0.24999999999999648,4.000000000000057,linprog-highs,0.2499999999999965,2018-02-01,Steady_State
2018-03-01,RSDR_CVaR_l1,0.04510087665978066,0.0811774707588376,0.00339377642355009,0.23486841000319109,0.22431612032301274,4.457994363311968,linprog-highs,0.23486841000319109,2018-02-01,Steady_State
2018-04-01,SAA_CVaR,0.05274957014937769,0.07184157659159408,0.0,0.6120209534336584,0.4505675465292723,2.2194230536642356,linprog-highs,0.6120209534336584,2018-03-01,Inflation
2018-04-01,RS_CVaR,0.05274957014937769,0.07091419590144755,0.0,0.6120209534336584,0.4505675465292723,2.2194230536642356,linprog-highs,0.6120209534336584,2018-03-01,Inflation
2018-04-01,DR_CVaR_l1,0.05003550000000021,0.09430715498968625,0.0030977893312706785,0.25000000000001177,0.24999999999999648,4.000000000000057,linprog-highs,0.2499999999999965,2018-03-01,Inflation
2018-04-01,RSDR_CVaR_l1,0.040351999925204274,0.09290773650735698,0.003407737500426344,0.21388769423512033,0.2038573610233633,4.905390685820729,linprog-highs,0.21388769423512002,2018-03-01,Inflation
2018-05-01,SAA_CVaR,0.05274957014937769,0.07184157659159408,0.0,0.6120209534336584,0.4505675465292723,2.2194230536642356,linprog-highs,0.6120209534336584,2018-04-01,Steady_State
2018-05-01,RS_CVaR,0.0422845549001379,0.05612036187857237,0.0,0.444321224179712,0.36342967443777663,2.7515639760209276,linprog-highs,0.444321224179712,2018-04-01,Steady_State
2018-05-01,DR_CVaR_l1,0.05003550000000021,0.09430715498968625,0.0030977893312706785,0.25000000000001177,0.24999999999999648,4.000000000000057,linprog-highs,0.2499999999999965,2018-04-01,Steady_State
2018-05-01,RSDR_CVaR_l1,0.04305818611790511,0.07604796726511436,0.0033826003238153148,0.18629672500695302,0.17590387276808006,5.684923158675688,linprog-highs,0.18629672500695302,2018-04-01,Steady_State
2018-06-01,SAA_CVaR,0.05274957014937769,0.07184157659159408,0.0,0.6120209534336584,0.4505675465292723,2.2194230536642356,linprog-highs,0.6120209534336584,2018-05-01,Steady_State
2018-06-01,RS_CVaR,0.0422845549001379,0.05621554063426227,0.0,0.444321224179712,0.36342967443777663,2.7515639760209276,linprog-highs,0.444321224179712,2018-05-01,Steady_State
2018-06-01,DR_CVaR_l1,0.05003550000000021,0.09430715498968625,0.0030977893312706785,0.25000000000001177,0.24999999999999648,4.000000000000057,linprog-highs,0.2499999999999965,2018-05-01,Steady_State
2018-06-01,RSDR_CVaR_l1,0.04305818611790528,0.07614977064242454,0.0033829093471397257,0.18629672500695357,0.17590387276808106,5.684923158675655,linprog-highs,0.18629672500695355,2018-05-01,Steady_State
2018-07-01,SAA_CVaR,0.05402610775339991,0.07171887092306853,0.0,0.6048548471414883,0.44447692590590876,2.2498355746180847,linprog-highs,0.6048548471414883,2018-06-01,Steady_State
2018-07-01,RS_CVaR,0.03982753960058237,0.055640692025762904,0.0,0.3436514367697522,0.3334988859007769,2.99851076653228,linprog-highs,0.3436514367697522,2018-06-01,Steady_State
2018-07-01,DR_CVaR_l1,0.040408097537878586,0.0921954652353268,0.0030977893312706785,0.2256155303030422,0.21312310785411645,4.692123768599056,linprog-highs,0.22561553030303463,2018-06-01,Steady_State
2018-07-01,RSDR_CVaR_l1,0.0344374256231939,0.07271665165795972,0.0033827708409980835,0.18917421589207065,0.18186435983068616,5.49860346981118,linprog-highs,0.18917421589207065,2018-06-01,Steady_State
2018-08-01,SAA_CVaR,0.05402610775339991,0.07171887092306853,0.0,0.6048548471414883,0.44447692590590876,2.2498355746180847,linprog-highs,0.6048548471414883,2018-07-01,Steady_State
2018-08-01,RS_CVaR,0.04381597240102751,0.060158573030588414,0.0,0.40707898604011317,0.3414958511118659,2.9282932625510107,linprog-highs,0.40707898604011317,2018-07-01,Steady_State
2018-08-01,DR_CVaR_l1,0.04040809753787884,0.0921954652353263,0.0030977893312706785,0.22561553030302997,0.21312310785410812,4.69212376859924,linprog-highs,0.22561553030302994,2018-07-01,Steady_State
2018-08-01,RSDR_CVaR_l1,0.04040809753787873,0.07880101441129532,0.003398069684152049,0.22561553030303955,0.2131231078541129,4.692123768599134,linprog-highs,0.22561553030303275,2018-07-01,Steady_State
2018-09-01,SAA_CVaR,0.05402610775339991,0.07171887092306853,0.0,0.6048548471414883,0.44447692590590876,2.2498355746180847,linprog-highs,0.6048548471414883,2018-08-01,Steady_State
2018-09-01,RS_CVaR,0.04381597240102751,0.0559530146542401,0.0,0.40707898604011317,0.3414958511118659,2.9282932625510107,linprog-highs,0.40707898604011317,2018-08-01,Steady_State
2018-09-01,DR_CVaR_l1,0.04040809753787884,0.0921954652353263,0.0030977893312706785,0.22561553030302997,0.21312310785410812,4.69212376859924,linprog-highs,0.22561553030302994,2018-08-01,Steady_State
2018-09-01,RSDR_CVaR_l1,0.03928580250546285,0.07328134110740464,0.0033808169206298337,0.17447606277314254,0.1684962666931018,5.934849594153885,linprog-highs,0.17447606277314254,2018-08-01,Steady_State
2018-10-01,SAA_CVaR,0.04381597240102751,0.06916566945018322,0.0,0.40707898604011317,0.3414958511118659,2.9282932625510107,linprog-highs,0.40707898604011317,2018-09-01,Steady_State
2018-10-01,RS_CVaR,0.03982753960058237,0.055677894296058926,0.0,0.3436514367697522,0.3334988859007769,2.99851076653228,linprog-highs,0.3436514367697522,2018-09-01,Steady_State
2018-10-01,DR_CVaR_l1,0.03506613007258102,0.08512608414693326,0.0030977893312706785,0.2409597337155009,0.2335539957208948,4.281665132353527,linprog-highs,0.2409597337155009,2018-09-01,Steady_State
2018-10-01,RSDR_CVaR_l1,0.03414511171075797,0.07290459737076911,0.003378266740447893,0.20292518113329366,0.18292059036521943,5.466853119178103,linprog-highs,0.20292518113329255,2018-09-01,Steady_State
2018-11-01,SAA_CVaR,0.03413249387157904,0.0525353040531299,0.0,0.373632687979145,0.2724371179735884,3.670571790797412,linprog-highs,0.373632687979145,2018-10-01,WOI
2018-11-01,RS_CVaR,0.056098929063741206,0.05719157686507459,0.0,0.5972423623274752,0.5055926180854797,1.9778769788741883,linprog-highs,0.5972423623274752,2018-10-01,WOI
2018-11-01,DR_CVaR_l1,0.034721481725980094,0.06828852085248736,0.0030977893312706785,0.20422144509066886,0.20035641197307064,4.991105551113619,linprog-highs,0.20422144509066886,2018-10-01,WOI
2018-11-01,RSDR_CVaR_l1,0.041681772253408834,0.078708098572303,0.0034549718191959357,0.21118379043887536,0.1907962648362662,5.2411927500685636,linprog-highs,0.21118379043887536,2018-10-01,WOI
2018-12-01,SAA_CVaR,0.03413249387157904,0.0525353040531299,0.0,0.373632687979145,0.2724371179735884,3.670571790797412,linprog-highs,0.373632687979145,2018-11-01,Steady_State
2018-12-01,RS_CVaR,0.03982753960058237,0.05394787869647337,0.0,0.3436514367697522,0.3334988859007769,2.99851076653228,linprog-highs,0.3436514367697522,2018-11-01,Steady_State
2018-12-01,DR_CVaR_l1,0.03472148172598032,0.06828852085248739,0.0030977893312706785,0.20422144509067303,0.20035641197307008,4.991105551113633,linprog-highs,0.20422144509066786,2018-11-01,Steady_State
2018-12-01,RSDR_CVaR_l1,0.0347214817259801,0.07105641179336321,0.0033740484924371012,0.2042214450906687,0.20035641197307064,4.991105551113619,linprog-highs,0.2042214450906687,2018-11-01,Steady_State
2019-01-01,SAA_CVaR,0.042555452124904795,0.0580373100856964,0.0,0.46545128870945984,0.3630183657323439,2.7546815654426346,linprog-highs,0.46545128870945984,2018-12-01,Steady_State
2019-01-01,RS_CVaR,0.04369058950880239,0.05877566080942725,0.0,0.4691964544736662,0.36766746469357214,2.7198490375900883,linprog-highs,0.4691964544736662,2018-12-01,Steady_State
2019-01-01,DR_CVaR_l1,0.04168177225340875,0.07512943812887578,0.0030977893312706785,0.21118379043887425,0.19079626483626522,5.24119275006859,linprog-highs,0.21118379043887425,2018-12-01,Steady_State
2019-01-01,RSDR_CVaR_l1,0.04095392794978232,0.07815434938425618,0.0033720718078235263,0.20088890249124564,0.18293379242395302,5.466458584548875,linprog-highs,0.20088890249124564,2018-12-01,Steady_State
2019-02-01,SAA_CVaR,0.042555452124904795,0.0580373100856964,0.0,0.46545128870945984,0.3630183657323439,2.7546815654426346,linprog-highs,0.46545128870945984,2019-01-01,WOI
2019-02-01,RS_CVaR,0.04403427233890102,0.05957553214687382,0.0,0.553384210846509,0.5056997479354091,1.9774579759682338,linprog-highs,0.553384210846509,2019-01-01,WOI
2019-02-01,DR_CVaR_l1,0.03923419505070665,0.07377738215166384,0.0030977893312706785,0.19859556820804913,0.17634112740038477,5.670826849878799,linprog-highs,0.19859556820804913,2019-01-01,WOI
2019-02-01,RSDR_CVaR_l1,0.048480813498959746,0.08029959515585323,0.0034597775823278767,0.18601966303594053,0.17790282072074012,5.621046344002227,linprog-highs,0.18601966303594022,2019-01-01,WOI
2019-03-01,SAA_CVaR,0.036695912304675546,0.04794800374561432,0.0,0.5220744254238905,0.3530084647752735,2.8327932607412225,linprog-highs,0.5220744254238905,2019-02-01,Steady_State
2019-03-01,RS_CVaR,0.04034560274347832,0.05138028595524441,0.0,0.5082014545076102,0.33290583525534195,3.003852423412736,linprog-highs,0.5082014545076102,2019-02-01,Steady_State
2019-03-01,DR_CVaR_l1,0.034744114260244076,0.06430965950198556,0.0030977893312706785,0.20137099996926006,0.20003759281831424,4.999060356161444,linprog-highs,0.20137099996926006,2019-02-01,Steady_State
2019-03-01,RSDR_CVaR_l1,0.039285802505462784,0.0698372473102542,0.003370448299247983,0.17447606277314268,0.16849626669310164,5.934849594153891,linprog-highs,0.1744760627731426,2019-02-01,Steady_State
2019-04-01,SAA_CVaR,0.036695912304675546,0.04794800374561432,0.0,0.5220744254238905,0.3530084647752735,2.8327932607412225,linprog-highs,0.5220744254238905,2019-03-01,Steady_State
2019-04-01,RS_CVaR,0.04034560274347832,0.051319298037640265,0.0,0.5082014545076102,0.33290583525534195,3.003852423412736,linprog-highs,0.5082014545076102,2019-03-01,Steady_State
2019-04-01,DR_CVaR_l1,0.034744114260244076,0.06430965950198556,0.0030977893312706785,0.20137099996926006,0.20003759281831424,4.999060356161444,linprog-highs,0.20137099996926006,2019-03-01,Steady_State
2019-04-01,RSDR_CVaR_l1,0.03928580250546287,0.06979793836889729,0.0033709864168096335,0.17447606277314257,0.1684962666931019,5.934849594153882,linprog-highs,0.17447606277314257,2019-03-01,Steady_State
2019-05-01,SAA_CVaR,0.036695912304675546,0.04794800374561432,0.0,0.5220744254238905,0.3530084647752735,2.8327932607412225,linprog-highs,0.5220744254238905,2019-04-01,Steady_State
2019-05-01,RS_CVaR,0.04034560274347832,0.05087788204301057,0.0,0.5082014545076102,0.33290583525534195,3.003852423412736,linprog-highs,0.5082014545076102,2019-04-01,Steady_State
2019-05-01,DR_CVaR_l1,0.034744114260244055,0.06430965950198547,0.0030977893312706785,0.20137099996926083,0.2000375928183143,4.9990603561614435,linprog-highs,0.20137099996926006,2019-04-01,Steady_State
2019-05-01,RSDR_CVaR_l1,0.034978000000000016,0.06917992278319841,0.0033726520093253763,0.20000000000000162,0.19999999999999984,5.0000000000000036,linprog-highs,0.1999999999999988,2019-04-01,Steady_State
2019-06-01,SAA_CVaR,0.036695912304675546,0.04794800374561432,0.0,0.5220744254238905,0.3530084647752735,2.8327932607412225,linprog-highs,0.5220744254238905,2019-05-01,WOI
2019-06-01,RS_CVaR,0.036695912304675546,0.047042290651310166,0.0,0.5220744254238905,0.3530084647752735,2.8327932607412225,linprog-highs,0.5220744254238905,2019-05-01,WOI
2019-06-01,DR_CVaR_l1,0.03472148172598007,0.06571495354125859,0.0030977893312706785,0.20422144509067305,0.2003564119730738,4.99110555111354,linprog-highs,0.20422144509066856,2019-05-01,WOI
2019-06-01,RSDR_CVaR_l1,0.0354322,0.06700810839204425,0.003473796820085297,0.19999999999999998,0.19999999999999996,5.000000000000001,linprog-highs,0.19999999999999998,2019-05-01,WOI
2019-07-01,SAA_CVaR,0.036695912304675546,0.04794800374561432,0.0,0.5220744254238905,0.3530084647752735,2.8327932607412225,linprog-highs,0.5220744254238905,2019-06-01,Steady_State
2019-07-01,RS_CVaR,0.04034560274347832,0.051182416835207696,0.0,0.5082014545076102,0.33290583525534195,3.003852423412736,linprog-highs,0.5082014545076102,2019-06-01,Steady_State
2019-07-01,DR_CVaR_l1,0.03472148172598007,0.06571495354125859,0.0030977893312706785,0.20422144509067305,0.2003564119730738,4.99110555111354,linprog-highs,0.20422144509066856,2019-06-01,Steady_State
2019-07-01,RSDR_CVaR_l1,0.039738096772739255,0.07053587169420834,0.003367870070167194,0.1868672210277765,0.1789085385615496,5.589448150659236,linprog-highs,0.18686722102777487,2019-06-01,Steady_State
2019-08-01,SAA_CVaR,0.036695912304675546,0.04794800374561432,0.0,0.5220744254238905,0.3530084647752735,2.8327932607412225,linprog-highs,0.5220744254238905,2019-07-01,Steady_State
2019-08-01,RS_CVaR,0.04034560274347832,0.05121718351882664,0.0,0.5082014545076102,0.33290583525534195,3.003852423412736,linprog-highs,0.5082014545076102,2019-07-01,Steady_State
2019-08-01,DR_CVaR_l1,0.03472148172598007,0.06571495354125859,0.0030977893312706785,0.20422144509067305,0.2003564119730738,4.99110555111354,linprog-highs,0.20422144509066856,2019-07-01,Steady_State
2019-08-01,RSDR_CVaR_l1,0.03973809677273924,0.07059190720286566,0.003366254042774904,0.1868672210277775,0.17890853856155006,5.589448150659221,linprog-highs,0.18686722102777426,2019-07-01,Steady_State
2019-09-01,SAA_CVaR,0.036695912304675546,0.04794800374561432,0.0,0.5220744254238905,0.3530084647752735,2.8327932607412225,linprog-highs,0.5220744254238905,2019-08-01,Steady_State
2019-09-01,RS_CVaR,0.04034560274347832,0.05123074391666402,0.0,0.5082014545076102,0.33290583525534195,3.003852423412736,linprog-highs,0.5082014545076102,2019-08-01,Steady_State
2019-09-01,DR_CVaR_l1,0.03472148172598007,0.06571495354125859,0.0030977893312706785,0.20422144509067305,0.2003564119730738,4.99110555111354,linprog-highs,0.20422144509066856,2019-08-01,Steady_State
2019-09-01,RSDR_CVaR_l1,0.03973809677273926,0.07060257815989866,0.0033658453998515548,0.18686722102777564,0.17890853856154929,5.589448150659246,linprog-highs,0.18686722102777475,2019-08-01,Steady_State
2019-10-01,SAA_CVaR,0.036695912304675546,0.04794800374561432,0.0,0.5220744254238905,0.3530084647752735,2.8327932607412225,linprog-highs,0.5220744254238905,2019-09-01,Steady_State
2019-10-01,RS_CVaR,0.04034560274347832,0.051008702334270725,0.0,0.5082014545076102,0.33290583525534195,3.003852423412736,linprog-highs,0.5082014545076102,2019-09-01,Steady_State
2019-10-01,DR_CVaR_l1,0.03472148172598007,0.06571495354125859,0.0030977893312706785,0.20422144509067305,0.2003564119730738,4.99110555111354,linprog-highs,0.20422144509066856,2019-09-01,Steady_State
2019-10-01,RSDR_CVaR_l1,0.03973809677273919,0.07046851400951104,0.0033724522038356217,0.18686722102777534,0.17890853856154984,5.589448150659228,linprog-highs,0.18686722102777534,2019-09-01,Steady_State
2019-11-01,SAA_CVaR,0.036695912304675546,0.04794800374561432,0.0,0.5220744254238905,0.3530084647752735,2.8327932607412225,linprog-highs,0.5220744254238905,2019-10-01,Steady_State
2019-11-01,RS_CVaR,0.04034560274347832,0.0512435459737734,0.0,0.5082014545076102,0.33290583525534195,3.003852423412736,linprog-highs,0.5082014545076102,2019-10-01,Steady_State
2019-11-01,DR_CVaR_l1,0.03472148172598009,0.06571495354125863,0.0030977893312706785,0.2042214450906688,0.20035641197307064,4.991105551113619,linprog-highs,0.2042214450906688,2019-10-01,Steady_State
2019-11-01,RSDR_CVaR_l1,0.03973809677273919,0.07068297077739708,0.003364688052994449,0.1868672210277757,0.17890853856154992,5.5894481506592255,linprog-highs,0.18686722102777528,2019-10-01,Steady_State
2019-12-01,SAA_CVaR,0.036695912304675546,0.04794800374561432,0.0,0.5220744254238905,0.3530084647752735,2.8327932607412225,linprog-highs,0.5220744254238905,2019-11-01,Steady_State
2019-12-01,RS_CVaR,0.04034560274347832,0.051122121485461657,0.0,0.5082014545076102,0.33290583525534195,3.003852423412736,linprog-highs,0.5082014545076102,2019-11-01,Steady_State
2019-12-01,DR_CVaR_l1,0.03472148172598009,0.06571495354125863,0.0030977893312706785,0.2042214450906688,0.20035641197307064,4.991105551113619,linprog-highs,0.2042214450906688,2019-11-01,Steady_State
2019-12-01,RSDR_CVaR_l1,0.039738096772739186,0.07064708685217613,0.003368958133325591,0.18686722102777534,0.17890853856154984,5.589448150659228,linprog-highs,0.18686722102777534,2019-11-01,Steady_State
2020-01-01,SAA_CVaR,0.036695912304675546,0.04794800374561432,0.0,0.5220744254238905,0.3530084647752735,2.8327932607412225,linprog-highs,0.5220744254238905,2019-12-01,Steady_State
2020-01-01,RS_CVaR,0.04034560274347832,0.05109829255950335,0.0,0.5082014545076102,0.33290583525534195,3.003852423412736,linprog-highs,0.5082014545076102,2019-12-01,Steady_State
2020-01-01,DR_CVaR_l1,0.03472148172598009,0.06571495354125863,0.0030977893312706785,0.2042214450906688,0.20035641197307064,4.991105551113619,linprog-highs,0.2042214450906688,2019-12-01,Steady_State
2020-01-01,RSDR_CVaR_l1,0.03973809677273954,0.07063117011988447,0.003369806629306063,0.1868672210277852,0.1789085385615443,5.589448150659401,linprog-highs,0.1868672210277743,2019-12-01,Steady_State
2020-02-01,SAA_CVaR,0.03774531869941327,0.047089765333066594,0.0,0.547946240017673,0.3886999511870064,2.5726784810397176,linprog-highs,0.547946240017673,2020-01-01,WOI
2020-02-01,RS_CVaR,0.038327035045033354,0.046402733687776844,0.0,0.5561194164187999,0.40127569884818803,2.492052229602679,linprog-highs,0.5561194164187999,2020-01-01,WOI
2020-02-01,DR_CVaR_l1,0.034340186783657196,0.0657084599533999,0.0030977893312706785,0.20648621823806718,0.20084142054063536,4.9790526142871725,linprog-highs,0.20648621823806682,2020-01-01,WOI
2020-02-01,RSDR_CVaR_l1,0.04009279999999998,0.06823840609481507,0.0034946081034767694,0.2000000000000011,0.1999999999999999,5.000000000000003,linprog-highs,0.19999999999999996,2020-01-01,WOI
2020-03-01,SAA_CVaR,0.03774531869941327,0.05535832663627213,0.0,0.547946240017673,0.3886999511870064,2.5726784810397176,linprog-highs,0.547946240017673,2020-02-01,Crisis
2020-03-01,RS_CVaR,0.06928611415607414,0.06958348329219503,0.0,0.5695540306653476,0.48001733416783,2.0832581009467606,linprog-highs,0.5695540306653476,2020-02-01,Crisis
2020-03-01,DR_CVaR_l1,0.03973809677273915,0.07271042434882537,0.0030977893312706785,0.18686722102777525,0.1789085385615483,5.589448150659276,linprog-highs,0.18686722102777442,2020-02-01,Crisis
2020-03-01,RSDR_CVaR_l1,0.07685216666666667,0.0900605162800398,0.0039315133165244015,0.16666666666666666,0.16666666666666669,5.999999999999999,linprog-highs,0.16666666666666666,2020-02-01,Crisis
2020-04-01,SAA_CVaR,0.04302126668840789,0.06320111387306314,0.0,0.5028137179409183,0.4657278183363135,2.1471768716161925,linprog-highs,0.5028137179409183,2020-03-01,Crisis
2020-04-01,RS_CVaR,0.06928611415607414,0.06948524845555877,0.0,0.5695540306653476,0.48001733416783,2.0832581009467606,linprog-highs,0.5695540306653476,2020-03-01,Crisis
2020-04-01,DR_CVaR_l1,0.04059877463026638,0.07965614961975123,0.0030977893312706785,0.22710965657235174,0.21469866958941708,4.657690715607918,linprog-highs,0.22710965657235174,2020-03-01,Crisis
2020-04-01,RSDR_CVaR_l1,0.07489606444573182,0.09530675765263226,0.003911744679013565,0.2591609343449967,0.25100707261688004,3.9839514862050573,linprog-highs,0.2591609343449967,2020-03-01,Crisis
2020-05-01,SAA_CVaR,0.04302126668840789,0.06320111387306314,0.0,0.5028137179409183,0.4657278183363135,2.1471768716161925,linprog-highs,0.5028137179409183,2020-04-01,Crisis
2020-05-01,RS_CVaR,0.06928611415607414,0.06948757779635419,0.0,0.5695540306653476,0.48001733416783,2.0832581009467606,linprog-highs,0.5695540306653476,2020-04-01,Crisis
2020-05-01,DR_CVaR_l1,0.04059877463026638,0.07965614961975123,0.0030977893312706785,0.22710965657235174,0.21469866958941708,4.657690715607918,linprog-highs,0.22710965657235174,2020-04-01,Crisis
2020-05-01,RSDR_CVaR_l1,0.07489606444573182,0.09512995045258431,0.0038773279484065463,0.2591609343449967,0.25100707261688004,3.9839514862050573,linprog-highs,0.2591609343449967,2020-04-01,Crisis
2020-06-01,SAA_CVaR,0.03421096280633614,0.058557576477903786,0.0,0.41167777255458216,0.359977618984726,2.777950481533771,linprog-highs,0.41167777255458216,2020-05-01,WOI
2020-06-01,RS_CVaR,0.03418694056765891,0.06284886758108564,0.0,0.36090289860465385,0.3050175483424096,3.27849989429923,linprog-highs,0.36090289860465385,2020-05-01,WOI
2020-06-01,DR_CVaR_l1,0.04009279999999983,0.07601689065841591,0.0030977893312706785,0.20000000000000115,0.1999999999999993,5.000000000000018,linprog-highs,0.19999999999999965,2020-05-01,WOI
2020-06-01,RSDR_CVaR_l1,0.04336480000000005,0.08073338361151994,0.0034914936086110665,0.20000000000000073,0.19999999999999987,5.0000000000000036,linprog-highs,0.1999999999999999,2020-05-01,WOI
2020-07-01,SAA_CVaR,0.03421096280633614,0.058557576477903786,0.0,0.41167777255458216,0.359977618984726,2.777950481533771,linprog-highs,0.41167777255458216,2020-06-01,WOI
2020-07-01,RS_CVaR,0.03421096280633614,0.05420549269008665,0.0,0.41167777255458216,0.359977618984726,2.777950481533771,linprog-highs,0.41167777255458216,2020-06-01,WOI
2020-07-01,DR_CVaR_l1,0.04009279999999983,0.07601689065841591,0.0030977893312706785,0.20000000000000115,0.1999999999999993,5.000000000000018,linprog-highs,0.19999999999999965,2020-06-01,WOI
2020-07-01,RSDR_CVaR_l1,0.04009280000000007,0.07320217486414322,0.0034343394884140824,0.20000000000000254,0.19999999999999932,5.000000000000017,linprog-highs,0.19999999999999982,2020-06-01,WOI
2020-08-01,SAA_CVaR,0.03421096280633614,0.058557576477903786,0.0,0.41167777255458216,0.359977618984726,2.777950481533771,linprog-highs,0.41167777255458216,2020-07-01,WOI
2020-08-01,RS_CVaR,0.043074071138477665,0.06608268812648689,0.0,0.6954306592718751,0.5763862851668795,1.734947596316371,linprog-highs,0.6954306592718751,2020-07-01,WOI
2020-08-01,DR_CVaR_l1,0.04009279999999983,0.07601689065841591,0.0030977893312706785,0.20000000000000115,0.1999999999999993,5.000000000000018,linprog-highs,0.19999999999999965,2020-07-01,WOI
2020-08-01,RSDR_CVaR_l1,0.04336480000000001,0.08397122751716062,0.0035028372967143336,0.20000000000000007,0.2,5.0,linprog-highs,0.2,2020-07-01,WOI
2020-09-01,SAA_CVaR,0.03421096280633614,0.058557576477903786,0.0,0.41167777255458216,0.359977618984726,2.777950481533771,linprog-highs,0.41167777255458216,2020-08-01,WOI
2020-09-01,RS_CVaR,0.03418694056765891,0.06209287048865124,0.0,0.36090289860465385,0.3050175483424096,3.27849989429923,linprog-highs,0.36090289860465385,2020-08-01,WOI
2020-09-01,DR_CVaR_l1,0.04009279999999983,0.07601689065841591,0.0030977893312706785,0.20000000000000115,0.1999999999999993,5.000000000000018,linprog-highs,0.19999999999999965,2020-08-01,WOI
2020-09-01,RSDR_CVaR_l1,0.04336480000000008,0.08007249958252845,0.003489178222210412,0.20000000000000073,0.19999999999999984,5.0000000000000036,linprog-highs,0.1999999999999997,2020-08-01,WOI
2020-10-01,SAA_CVaR,0.03421096280633614,0.058557576477903786,0.0,0.41167777255458216,0.359977618984726,2.777950481533771,linprog-highs,0.41167777255458216,2020-09-01,Steady_State
2020-10-01,RS_CVaR,0.03408811028852175,0.04647708433225525,0.0,0.5066917668877023,0.33666020848570805,2.9703540091595118,linprog-highs,0.5066917668877023,2020-09-01,Steady_State
2020-10-01,DR_CVaR_l1,0.04009279999999983,0.07601689065841591,0.0030977893312706785,0.20000000000000115,0.1999999999999993,5.000000000000018,linprog-highs,0.19999999999999965,2020-09-01,Steady_State
2020-10-01,RSDR_CVaR_l1,0.03428868771164552,0.06535877021810854,0.0033858390627148666,0.20404063594099753,0.2003265347761536,4.991849936991161,linprog-highs,0.20404063594099753,2020-09-01,Steady_State
2020-11-01,SAA_CVaR,0.03421096280633614,0.058557576477903786,0.0,0.41167777255458216,0.359977618984726,2.777950481533771,linprog-highs,0.41167777255458216,2020-10-01,WOI
2020-11-01,RS_CVaR,0.03418694056765891,0.062133095457719695,0.0,0.36090289860465385,0.3050175483424096,3.27849989429923,linprog-highs,0.36090289860465385,2020-10-01,WOI
2020-11-01,DR_CVaR_l1,0.04009279999999983,0.07601689065841591,0.0030977893312706785,0.20000000000000115,0.1999999999999993,5.000000000000018,linprog-highs,0.19999999999999965,2020-10-01,WOI
2020-11-01,RSDR_CVaR_l1,0.04336480000000013,0.08014352316896964,0.0034849880149332327,0.20000000000000334,0.2000000000000001,4.999999999999997,linprog-highs,0.19999999999999996,2020-10-01,WOI
2020-12-01,SAA_CVaR,0.03421096280633614,0.058557576477903786,0.0,0.41167777255458216,0.359977618984726,2.777950481533771,linprog-highs,0.41167777255458216,2020-11-01,WOI
2020-12-01,RS_CVaR,0.06508287290690513,0.06962471924850488,0.0,0.5117757390608744,0.42134226441347844,2.3733674128135025,linprog-highs,0.5117757390608744,2020-11-01,WOI
2020-12-01,DR_CVaR_l1,0.04009280000000009,0.07601689065841594,0.0030977893312706785,0.20000000000000592,0.20000000000000193,4.999999999999952,linprog-highs,0.19999999999999948,2020-11-01,WOI
2020-12-01,RSDR_CVaR_l1,0.06298254607465158,0.09249732139551511,0.0035513323237914216,0.3129263229250524,0.2975166654024153,3.361156252028502,linprog-highs,0.3129263229250523,2020-11-01,WOI
2021-01-01,SAA_CVaR,0.03421096280633614,0.058557576477903786,0.0,0.41167777255458216,0.359977618984726,2.777950481533771,linprog-highs,0.41167777255458216,2020-12-01,Steady_State
2021-01-01,RS_CVaR,0.03197043103713935,0.04954936502902016,0.0,0.44426411108150543,0.35326644567615495,2.830724548678807,linprog-highs,0.44426411108150543,2020-12-01,Steady_State
2021-01-01,DR_CVaR_l1,0.04009280000000009,0.07601689065841594,0.0030977893312706785,0.20000000000000592,0.20000000000000193,4.999999999999952,linprog-highs,0.19999999999999948,2020-12-01,Steady_State
2021-01-01,RSDR_CVaR_l1,0.03543220000000001,0.06827635717020561,0.0034030398114237143,0.19999999999999998,0.19999999999999996,5.000000000000001,linprog-highs,0.19999999999999998,2020-12-01,Steady_State
2021-02-01,SAA_CVaR,0.03421096280633614,0.058557576477903786,0.0,0.41167777255458216,0.359977618984726,2.777950481533771,linprog-highs,0.41167777255458216,2021-01-01,WOI
2021-02-01,RS_CVaR,0.03418694056765891,0.06162285685955707,0.0,0.36090289860465385,0.3050175483424096,3.27849989429923,linprog-highs,0.36090289860465385,2021-01-01,WOI
2021-02-01,DR_CVaR_l1,0.04009280000000009,0.07601689065841594,0.0030977893312706785,0.20000000000000592,0.20000000000000193,4.999999999999952,linprog-highs,0.19999999999999948,2021-01-01,WOI
2021-02-01,RSDR_CVaR_l1,0.04336479999999986,0.07973251941361614,0.003479212118914722,0.20000000000000082,0.1999999999999999,5.000000000000003,linprog-highs,0.19999999999999968,2021-01-01,WOI
2021-03-01,SAA_CVaR,0.03421096280633614,0.058557576477903786,0.0,0.41167777255458216,0.359977618984726,2.777950481533771,linprog-highs,0.41167777255458216,2021-02-01,Crisis
2021-03-01,RS_CVaR,0.06928611415607414,0.06952984204283734,0.0,0.5695540306653476,0.48001733416783,2.0832581009467606,linprog-highs,0.5695540306653476,2021-02-01,Crisis
2021-03-01,DR_CVaR_l1,0.04009280000000009,0.07601689065841594,0.0030977893312706785,0.20000000000000592,0.20000000000000193,4.999999999999952,linprog-highs,0.19999999999999948,2021-02-01,Crisis
2021-03-01,RSDR_CVaR_l1,0.07489606444573182,0.09490889218219124,0.0038291403383322125,0.2591609343449967,0.25100707261688004,3.9839514862050573,linprog-highs,0.2591609343449967,2021-02-01,Crisis
2021-04-01,SAA_CVaR,0.03421096280633614,0.058557576477903786,0.0,0.41167777255458216,0.359977618984726,2.777950481533771,linprog-highs,0.41167777255458216,2021-03-01,WOI
2021-04-01,RS_CVaR,0.03418694056765891,0.059654867420122284,0.0,0.36090289860465385,0.3050175483424096,3.27849989429923,linprog-highs,0.36090289860465385,2021-03-01,WOI
2021-04-01,DR_CVaR_l1,0.040092800000000005,0.076016890658416,0.0030977893312706785,0.19999999999999998,0.19999999999999996,5.000000000000001,linprog-highs,0.19999999999999998,2021-03-01,WOI
2021-04-01,RSDR_CVaR_l1,0.043364799999999995,0.0780356112296344,0.0034782593961249966,0.2000000000000017,0.20000000000000012,4.999999999999997,linprog-highs,0.20000000000000026,2021-03-01,WOI
2021-05-01,SAA_CVaR,0.03421096280633614,0.058557576477903786,0.0,0.41167777255458216,0.359977618984726,2.777950481533771,linprog-highs,0.41167777255458216,2021-04-01,Steady_State
2021-05-01,RS_CVaR,0.03408811028852175,0.045054135520337706,0.0,0.5066917668877022,0.3366602084857079,2.970354009159513,linprog-highs,0.5066917668877022,2021-04-01,Steady_State
2021-05-01,DR_CVaR_l1,0.04009280000000048,0.0760168906584162,0.0030977893312706785,0.200000000000005,0.1999999999999952,5.00000000000012,linprog-highs,0.19999999999999854,2021-04-01,Steady_State
2021-05-01,RSDR_CVaR_l1,0.0342036,0.06404018900337646,0.003382212322011601,0.19999999999999998,0.19999999999999996,5.000000000000001,linprog-highs,0.19999999999999998,2021-04-01,Steady_State
2021-06-01,SAA_CVaR,0.03421096280633614,0.058557576477903786,0.0,0.41167777255458216,0.359977618984726,2.777950481533771,linprog-highs,0.41167777255458216,2021-05-01,Inflation
2021-06-01,RS_CVaR,0.03421096280633614,0.05729963019585661,0.0,0.41167777255458216,0.359977618984726,2.777950481533771,linprog-highs,0.41167777255458216,2021-05-01,Inflation
2021-06-01,DR_CVaR_l1,0.04009280000000048,0.0760168906584162,0.0030977893312706785,0.200000000000005,0.1999999999999952,5.00000000000012,linprog-highs,0.19999999999999854,2021-05-01,Inflation
2021-06-01,RSDR_CVaR_l1,0.040092799999999935,0.07604030987628659,0.003408136266546668,0.20000000000000048,0.19999999999999982,5.000000000000004,linprog-highs,0.1999999999999998,2021-05-01,Inflation
2021-07-01,SAA_CVaR,0.03421096280633614,0.058557576477903786,0.0,0.41167777255458216,0.359977618984726,2.777950481533771,linprog-highs,0.41167777255458216,2021-06-01,WOI
2021-07-01,RS_CVaR,0.03421096280633614,0.05372143744680275,0.0,0.41167777255458216,0.359977618984726,2.777950481533771,linprog-highs,0.41167777255458216,2021-06-01,WOI
2021-07-01,DR_CVaR_l1,0.04009280000000048,0.0760168906584162,0.0030977893312706785,0.200000000000005,0.1999999999999952,5.00000000000012,linprog-highs,0.19999999999999854,2021-06-01,WOI
2021-07-01,RSDR_CVaR_l1,0.03543219999999991,0.07267199029615938,0.0034309143288609916,0.2000000000000018,0.20000000000000007,4.999999999999998,linprog-highs,0.1999999999999997,2021-06-01,WOI
2021-08-01,SAA_CVaR,0.03421096280633614,0.058557576477903786,0.0,0.41167777255458216,0.359977618984726,2.777950481533771,linprog-highs,0.41167777255458216,2021-07-01,Steady_State
2021-08-01,RS_CVaR,0.03197043103713935,0.0505449578501875,0.0,0.44426411108150543,0.35326644567615495,2.830724548678807,linprog-highs,0.44426411108150543,2021-07-01,Steady_State
2021-08-01,DR_CVaR_l1,0.04009280000001395,0.07601689065840618,0.0030977893312706785,0.20000000000141102,0.20000000000017187,4.999999999995703,linprog-highs,0.19999999999973736,2021-07-01,Steady_State
2021-08-01,RSDR_CVaR_l1,0.03543220000000008,0.06926244821421615,0.003409602037850943,0.20000000000000112,0.19999999999999857,5.0000000000000355,linprog-highs,0.19999999999999976,2021-07-01,Steady_State
2021-09-01,SAA_CVaR,0.03421096280633614,0.058557576477903786,0.0,0.41167777255458216,0.359977618984726,2.777950481533771,linprog-highs,0.41167777255458216,2021-08-01,Steady_State
2021-09-01,RS_CVaR,0.03408811028852175,0.04476056598733844,0.0,0.5066917668877022,0.3366602084857079,2.970354009159513,linprog-highs,0.5066917668877022,2021-08-01,Steady_State
2021-09-01,DR_CVaR_l1,0.0400928,0.07601689065841602,0.0030977893312706785,0.2,0.20000000000000004,4.999999999999999,linprog-highs,0.2,2021-08-01,Steady_State
2021-09-01,RSDR_CVaR_l1,0.034203599999999994,0.06382787821167829,0.0033740534503066836,0.19999999999999998,0.19999999999999996,5.000000000000001,linprog-highs,0.19999999999999998,2021-08-01,Steady_State
2021-10-01,SAA_CVaR,0.03468563488037274,0.06237825019978324,0.0,0.3421473904551399,0.2971503324514921,3.3652999535622046,linprog-highs,0.3421473904551399,2021-09-01,WOI
2021-10-01,RS_CVaR,0.050722907418359005,0.06417205147815706,0.0,0.4896105495016023,0.3798230246383964,2.6328051095692047,linprog-highs,0.4896105495016023,2021-09-01,WOI
2021-10-01,DR_CVaR_l1,0.04719399999999831,0.07804310332645764,0.0030977893312706785,0.1666666666666777,0.16666666666666666,6.0,linprog-highs,0.16666666666666488,2021-09-01,WOI
2021-10-01,RSDR_CVaR_l1,0.0479808056532107,0.08073177322544009,0.0034772562312320905,0.17174525678847213,0.1674404289954256,5.9722732795155435,linprog-highs,0.17174525678847058,2021-09-01,WOI
2021-11-01,SAA_CVaR,0.03468563488037274,0.06237825019978324,0.0,0.3421473904551399,0.2971503324514921,3.3652999535622046,linprog-highs,0.3421473904551399,2021-10-01,WOI
2021-11-01,RS_CVaR,0.05223819824626965,0.06558702731307903,0.0,0.6010416704169586,0.44816635848491326,2.2313142900342515,linprog-highs,0.6010416704169586,2021-10-01,WOI
2021-11-01,DR_CVaR_l1,0.04719399999999831,0.07804310332645764,0.0030977893312706785,0.1666666666666777,0.16666666666666666,6.0,linprog-highs,0.16666666666666488,2021-10-01,WOI
2021-11-01,RSDR_CVaR_l1,0.04798080565321076,0.08292251735787808,0.0034719561465130617,0.17174525678847158,0.16744042899542566,5.972273279515542,linprog-highs,0.1717452567884711,2021-10-01,WOI
2021-12-01,SAA_CVaR,0.03468563488037274,0.06237825019978324,0.0,0.3421473904551399,0.2971503324514921,3.3652999535622046,linprog-highs,0.3421473904551399,2021-11-01,WOI
2021-12-01,RS_CVaR,0.05223819824626965,0.06577418047813718,0.0,0.6010416704169586,0.44816635848491326,2.2313142900342515,linprog-highs,0.6010416704169586,2021-11-01,WOI
2021-12-01,DR_CVaR_l1,0.04719400000000004,0.07804310332645778,0.0030977893312706785,0.1666666666666674,0.1666666666666668,5.999999999999996,linprog-highs,0.1666666666666668,2021-11-01,WOI
2021-12-01,RSDR_CVaR_l1,0.047980805653210654,0.0835178845454226,0.0034759088408310365,0.17174525678847205,0.1674404289954255,5.972273279515548,linprog-highs,0.17174525678847086,2021-11-01,WOI
2022-01-01,SAA_CVaR,0.03468563488037274,0.06237825019978324,0.0,0.3421473904551399,0.2971503324514921,3.3652999535622046,linprog-highs,0.3421473904551399,2021-12-01,Steady_State
2022-01-01,RS_CVaR,0.03774531869941327,0.04782211544641195,0.0,0.547946240017673,0.3886999511870064,2.5726784810397176,linprog-highs,0.547946240017673,2021-12-01,Steady_State
2022-01-01,DR_CVaR_l1,0.04719400000000004,0.07804310332645778,0.0030977893312706785,0.1666666666666674,0.1666666666666668,5.999999999999996,linprog-highs,0.1666666666666668,2021-12-01,Steady_State
2022-01-01,RSDR_CVaR_l1,0.03882809223092386,0.06639509561607419,0.0033689227866906405,0.16055562091737313,0.15601306013437777,6.409719796141914,linprog-highs,0.16055562091737313,2021-12-01,Steady_State
2022-02-01,SAA_CVaR,0.04050612501014871,0.06300745997720021,0.0,0.48180043453131616,0.3242938153613308,3.083623407636658,linprog-highs,0.48180043453131616,2022-01-01,WOI
2022-02-01,RS_CVaR,0.05223819824626965,0.06568751759271849,0.0,0.6010416704169586,0.44816635848491326,2.2313142900342515,linprog-highs,0.6010416704169586,2022-01-01,WOI
2022-02-01,DR_CVaR_l1,0.04427007110075534,0.07855093308745525,0.0030977893312706785,0.19732414523691139,0.1948630964352166,5.131808014415166,linprog-highs,0.19732414523691114,2022-01-01,WOI
2022-02-01,RSDR_CVaR_l1,0.05041755072823769,0.08358392942069576,0.00347198179650215,0.18747370182046813,0.17965464802341075,5.566235057106289,linprog-highs,0.18747370182046802,2022-01-01,WOI
2022-03-01,SAA_CVaR,0.04050612501014871,0.06300745997720021,0.0,0.48180043453131616,0.3242938153613308,3.083623407636658,linprog-highs,0.48180043453131616,2022-02-01,Crisis
2022-03-01,RS_CVaR,0.06928611415607414,0.06950226436794128,0.0,0.5695540306653476,0.48001733416783,2.0832581009467606,linprog-highs,0.5695540306653476,2022-02-01,Crisis
2022-03-01,DR_CVaR_l1,0.04427007110075534,0.07855093308745525,0.0030977893312706785,0.19732414523691139,0.1948630964352166,5.131808014415166,linprog-highs,0.19732414523691114,2022-02-01,Crisis
2022-03-01,RSDR_CVaR_l1,0.07489606444573182,0.09501431965882115,0.003853094574346266,0.2591609343449967,0.25100707261688004,3.9839514862050573,linprog-highs,0.2591609343449967,2022-02-01,Crisis
2022-04-01,SAA_CVaR,0.04050612501014871,0.06300745997720021,0.0,0.48180043453131616,0.3242938153613308,3.083623407636658,linprog-highs,0.48180043453131616,2022-03-01,WOI
2022-04-01,RS_CVaR,0.05286174695679667,0.06488180659942502,0.0,0.44524501255831916,0.3599964122361417,2.7778054614167775,linprog-highs,0.44524501255831916,2022-03-01,WOI
2022-04-01,DR_CVaR_l1,0.04427007110075534,0.07855093308745525,0.0030977893312706785,0.19732414523691139,0.1948630964352166,5.131808014415166,linprog-highs,0.19732414523691114,2022-03-01,WOI
2022-04-01,RSDR_CVaR_l1,0.05041755072823785,0.08162599590003583,0.003467228023631457,0.18747370182046882,0.17965464802341277,5.566235057106226,linprog-highs,0.18747370182046819,2022-03-01,WOI
2022-05-01,SAA_CVaR,0.04189179712457699,0.06302429552667589,0.0,0.5014850136109398,0.33890010924903136,2.9507219759117214,linprog-highs,0.5014850136109398,2022-04-01,Crisis
2022-05-01,RS_CVaR,0.06913248327904041,0.0695199253080196,0.0,0.5898434215689013,0.48865580436934797,2.0464302092770295,linprog-highs,0.5898434215689013,2022-04-01,Crisis
2022-05-01,DR_CVaR_l1,0.05058595176394852,0.07921261490300649,0.0030977893312706785,0.16917917730849985,0.1668560479584263,5.99319001160305,linprog-highs,0.16917917730849943,2022-04-01,Crisis
2022-05-01,RSDR_CVaR_l1,0.07489606444573182,0.09482852077170073,0.0038164996035377576,0.2591609343449967,0.25100707261688004,3.9839514862050573,linprog-highs,0.2591609343449967,2022-04-01,Crisis
2022-06-01,SAA_CVaR,0.04189179712457699,0.06302429552667589,0.0,0.5014850136109398,0.33890010924903136,2.9507219759117214,linprog-highs,0.5014850136109398,2022-05-01,WOI
2022-06-01,RS_CVaR,0.050722907418359005,0.0627315219958095,0.0,0.4896105495016023,0.3798230246383964,2.6328051095692047,linprog-highs,0.4896105495016023,2022-05-01,WOI
2022-06-01,DR_CVaR_l1,0.05058595176394852,0.07921261490300649,0.0030977893312706785,0.16917917730849985,0.1668560479584263,5.99319001160305,linprog-highs,0.16917917730849943,2022-05-01,WOI
2022-06-01,RSDR_CVaR_l1,0.05386468838242072,0.0794046796174216,0.003458847956070911,0.1582274401621694,0.15277947650542728,6.545381767717187,linprog-highs,0.15822744016216758,2022-05-01,WOI
2022-07-01,SAA_CVaR,0.04289024943882752,0.06303642645805617,0.0,0.5156688261683621,0.36638595093372495,2.729362295283229,linprog-highs,0.5156688261683621,2022-06-01,Crisis
2022-07-01,RS_CVaR,0.06913248327904041,0.07034888880967488,0.0,0.5898434215689013,0.48865580436934797,2.0464302092770295,linprog-highs,0.5898434215689013,2022-06-01,Crisis
2022-07-01,DR_CVaR_l1,0.048100999999999894,0.07989298832302,0.0030977893312706785,0.25000000000000017,0.2499999999999997,4.000000000000005,linprog-highs,0.2499999999999997,2022-06-01,Crisis
2022-07-01,RSDR_CVaR_l1,0.07489606444573182,0.0944824133055927,0.0036453067042129675,0.25916093434499665,0.25100707261687993,3.983951486205059,linprog-highs,0.25916093434499665,2022-06-01,Crisis
2022-08-01,SAA_CVaR,0.04289024943882752,0.06303642645805617,0.0,0.5156688261683621,0.36638595093372495,2.729362295283229,linprog-highs,0.5156688261683621,2022-07-01,WOI
2022-08-01,RS_CVaR,0.05070844992823718,0.06483047170933154,0.0,0.5355836263538285,0.4190987298936052,2.3860726093201614,linprog-highs,0.5355836263538285,2022-07-01,WOI
2022-08-01,DR_CVaR_l1,0.048100999999999894,0.07989298832302,0.0030977893312706785,0.25000000000000017,0.2499999999999997,4.000000000000005,linprog-highs,0.2499999999999997,2022-07-01,WOI
2022-08-01,RSDR_CVaR_l1,0.05282146275044235,0.08253553950247829,0.003475669058738918,0.2157808540142509,0.20498070706838123,4.878507905948444,linprog-highs,0.21578085401425004,2022-07-01,WOI
2022-09-01,SAA_CVaR,0.04289024943882752,0.06303642645805617,0.0,0.5156688261683621,0.36638595093372495,2.729362295283229,linprog-highs,0.5156688261683621,2022-08-01,WOI
2022-09-01,RS_CVaR,0.050722907418359005,0.06157817690749078,0.0,0.4896105495016023,0.3798230246383964,2.6328051095692047,linprog-highs,0.4896105495016023,2022-08-01,WOI
2022-09-01,DR_CVaR_l1,0.048100999999999894,0.07989298832302,0.0030977893312706785,0.25000000000000017,0.2499999999999997,4.000000000000005,linprog-highs,0.2499999999999997,2022-08-01,WOI
2022-09-01,RSDR_CVaR_l1,0.05250326541827812,0.0791456645618581,0.0034538507490443062,0.20494159348269708,0.20048838692296506,4.98782006951972,linprog-highs,0.20494159348269606,2022-08-01,WOI
2022-10-01,SAA_CVaR,0.051007391507802986,0.06392937266956304,0.0,0.6228093519258028,0.4614796432705453,2.166942820950704,linprog-highs,0.6228093519258028,2022-09-01,WOI
2022-10-01,RS_CVaR,0.052247866904255695,0.06347544704800467,0.0,0.5950498869769034,0.44298949447054575,2.25738987601768,linprog-highs,0.5950498869769034,2022-09-01,WOI
2022-10-01,DR_CVaR_l1,0.052821462750442465,0.08540907809714078,0.0030977893312706785,0.21578085401425057,0.20498070706838117,4.878507905948446,linprog-highs,0.215780854014249,2022-09-01,WOI
2022-10-01,RSDR_CVaR_l1,0.058519659043659314,0.08836956640272954,0.0034502776753631563,0.1868020260504631,0.17882964759210276,5.591913944162806,linprog-highs,0.18680202605045917,2022-09-01,WOI
2022-11-01,SAA_CVaR,0.051007391507802986,0.06392937266956304,0.0,0.6228093519258028,0.4614796432705453,2.166942820950704,linprog-highs,0.6228093519258028,2022-10-01,WOI
2022-11-01,RS_CVaR,0.052247866904255695,0.06336863950880571,0.0,0.5950498869769034,0.44298949447054575,2.25738987601768,linprog-highs,0.5950498869769034,2022-10-01,WOI
2022-11-01,DR_CVaR_l1,0.052821462750442465,0.08540907809714078,0.0030977893312706785,0.21578085401425057,0.20498070706838117,4.878507905948446,linprog-highs,0.215780854014249,2022-10-01,WOI
2022-11-01,RSDR_CVaR_l1,0.05851965904365907,0.08806064731352604,0.003446108230542351,0.18680202605046223,0.1788296475921009,5.591913944162864,linprog-highs,0.18680202605045879,2022-10-01,WOI
2022-12-01,SAA_CVaR,0.051007391507802986,0.06392937266956304,0.0,0.6228093519258028,0.4614796432705453,2.166942820950704,linprog-highs,0.6228093519258028,2022-11-01,Crisis
2022-12-01,RS_CVaR,0.06761597809296117,0.0695438970941915,0.0,0.7901219536043407,0.6583320957891208,1.518990197191181,linprog-highs,0.7901219536043407,2022-11-01,Crisis
2022-12-01,DR_CVaR_l1,0.052821462750442465,0.08540907809714078,0.0030977893312706785,0.21578085401425057,0.20498070706838117,4.878507905948446,linprog-highs,0.215780854014249,2022-11-01,Crisis
2022-12-01,RSDR_CVaR_l1,0.07489606444573182,0.09541124557958358,0.00374207172542226,0.2591609343449967,0.25100707261688004,3.9839514862050573,linprog-highs,0.2591609343449967,2022-11-01,Crisis
