date,state,p_state0,p_state1,p_state2,p_state3,p_state4,p_state5
1976-03-01,3,8.195500605818603e-108,7.098297846975037e-48,1.2186356644121678e-159,1.0,6.433623489842795e-75,3.3694619259158886e-82
1976-04-01,3,2.8638305655584372e-05,0.0007021333675136602,3.51904323475195e-18,0.9991111307600902,0.00015809756674083845,1.6512212414642852e-24
1976-05-01,3,0.003353178490901997,0.023163161144510128,2.746822908060075e-07,0.9529491187796295,0.020534266902529047,1.3841277316511355e-13
1976-06-01,3,9.56169432428448e-05,0.0021012623415477437,3.06598449320819e-08,0.9975070931170837,0.0002959396003656777,5.7337916702567554e-08
1976-07-01,3,0.0003668477691469458,0.006311254694970399,2.5797878566547957e-08,0.9932050087712231,0.0001168621558282207,8.109512561581338e-10
1976-08-01,3,3.762905316812535e-05,0.0005545596765650639,4.130208300138401e-10,0.9993295562753307,7.823359549026198e-05,2.0986425215433996e-08
1976-09-01,3,0.0002717600126323564,0.003498735053498771,1.3818465277236753e-09,0.9961697459461795,5.973852081664916e-05,1.9085024271668536e-08
1976-10-01,3,8.803164501234243e-05,0.0009767989419995364,3.725814251602755e-10,0.9988541270961903,8.103769504264078e-05,4.249174905259093e-09
1976-11-01,3,0.0002350220862476134,0.0041455312976944585,9.045456039389703e-10,0.9949417637045976,0.0006776820069062322,8.01859111698682e-15
1976-12-01,3,2.7766260198564668e-05,0.0012442296658307366,6.654940419868403e-10,0.9984171274948083,0.0003108716896172673,4.224057555641663e-09
1977-01-01,3,0.001013120663330314,0.0029826207123962003,1.685464414863893e-07,0.9953014020220844,0.0007026880557439069,3.882853796869108e-15
1977-02-01,3,6.549928608140203e-05,0.0004107919979338189,9.24239734013952e-10,0.9994896025095112,3.22936659684654e-05,1.8116162623752492e-06
1977-03-01,3,5.612902794956505e-05,0.0012192158710067054,8.050067272680989e-11,0.9986477972270571,7.685419912782807e-05,3.5943600024902988e-09
1977-04-01,3,3.248577410489224e-05,0.0007736028790892291,1.5501856639445233e-10,0.9990809903079735,0.00011291963234788076,1.2514705468573829e-09
1977-05-01,3,0.00018698819711462512,0.0007247522602562336,1.1875796739914617e-09,0.9989816947384333,0.00010655909655858435,4.520050847576454e-09
1977-06-01,3,8.236141882034869e-05,0.001006995936695783,1.6645282299554738e-10,0.9988589875743964,5.158544846653558e-05,6.945516738626713e-08
1977-07-01,3,0.0281713565892817,0.09883319167740907,9.578529014296867e-08,0.8728603345827164,0.00013502073870707985,6.265908451869645e-10
1977-08-01,3,0.00017968253933835977,0.0019698160141784385,1.2242988735970581e-09,0.9977237041313055,0.00012570154011397127,1.0945507676707528e-06
1977-09-01,3,2.9112923340815504e-05,0.00048365303983829245,1.4235368447714024e-09,0.9991144634179894,0.00037276908996271545,1.0533880968959893e-10
1977-10-01,3,5.280927103426616e-05,0.0012385049172818378,7.54969161521015e-08,0.9981541015284076,0.0005545087856518022,6.970811897332086e-13
1977-11-01,3,8.80650803282679e-06,0.0006145668964904362,2.473387971597489e-09,0.9988105931432792,0.0005660309361921435,4.2616539783597645e-11
1977-12-01,3,9.279466973806739e-06,0.0004644263932685171,7.245479501700224e-09,0.9989558874891896,0.0005703993894843277,1.56163041062346e-11
1978-01-01,3,0.00017285706025973113,0.004721381946523344,4.4109781984391965e-07,0.9945597530473343,0.000545566846145267,1.927424982692156e-12
1978-02-01,3,1.2721251454171749e-05,0.00036438316284212696,3.755787416434421e-09,0.999486541739155,0.0001363458596251202,4.23114924958905e-09
1978-03-01,3,2.908694610788489e-05,0.004464734837204148,9.148598266255479e-09,0.9907624565822455,0.004743712485519479,3.26057744799564e-13
1978-04-01,3,0.00012258648988338936,0.01785596186090039,1.154736234501803e-05,0.8924930279580824,0.08951687632869611,7.856681293249012e-14
1978-05-01,3,1.2452702882443306e-05,0.001262779889271957,5.076148256815467e-06,0.9587133645094091,0.0400063267490159,1.1724540095223354e-12
1978-06-01,3,0.0006282143565937088,0.01767431204264684,0.0001055058534096929,0.9801756406503627,0.001416327067935208,2.9062941952693033e-11
1978-07-01,3,1.754025219197495e-05,0.0027084803174273597,2.2799072195882384e-07,0.9923420062373022,0.004931745179127402,2.3223851071376935e-11
1978-08-01,4,0.00012661894664602435,0.0202166166028602,7.304757234212682e-05,0.32689473767975497,0.6526889791984071,1.5367462117629007e-17
1978-09-01,4,4.643847777898875e-07,0.00016161344858236926,0.0010314388432958834,0.013848061159902168,0.9849584221634295,1.9843720343582914e-19
1978-10-01,2,1.5290895419884468e-06,5.437749597441637e-05,0.9678153168791229,7.721649040477377e-07,0.03212800437045365,6.318242692913151e-37
1978-11-01,4,1.684531484446263e-08,3.235216765354178e-05,0.02636714740108465,0.0009436788416134886,0.9726568047443312,2.8859668895703564e-15
1978-12-01,4,1.015018520536359e-09,5.36205847558627e-07,0.007867670178748783,0.0021587694143477766,0.9899730231860375,2.0256007555798e-21
1979-01-01,4,7.728723581575342e-11,1.2752049826055726e-07,0.00038051257778018747,2.231842850294283e-05,0.9995970413959304,1.261506867539683e-26
1979-02-01,4,2.5995837066836163e-11,1.34590677413306e-08,0.00731251418471279,0.002609519196757932,0.9900779531334911,4.358636552506082e-23
1979-03-01,4,1.0934308748676578e-09,1.2707860118472883e-06,0.0014002016036973976,0.0011865899775952112,0.997411936539267,4.1488864745086155e-24
1979-04-01,4,1.1665174276590797e-10,7.272972355586477e-08,0.0023587001238317105,0.0003717963349662202,0.9972694306948544,1.526646764111743e-23
1979-05-01,4,9.97062390394064e-10,5.94373211796022e-07,0.03605699730275291,0.0008114372489336517,0.9631309700780425,5.651813092064676e-24
1979-06-01,4,2.8427309229537802e-11,2.7143747950197494e-08,0.0011171073114152514,1.5129872588141407e-05,0.9988677356437985,2.5586467044182144e-32
1979-07-01,4,4.150218540925338e-11,1.4405006839231993e-08,0.01782628266912667,0.005908361414750909,0.976265341469641,1.0931526162587435e-22
1979-08-01,4,2.1141347923125317e-10,6.426938103643059e-08,0.0009494670349778431,2.0184642898211965e-06,0.9990484500199388,3.364293843071194e-35
1979-09-01,4,8.423759825512665e-14,7.789798676085074e-11,0.004704312339332197,6.670095820140816e-05,0.9952289866244984,1.8789824299548952e-27
1979-10-01,2,2.313237144957544e-17,2.259218915583279e-16,0.9999994421954589,6.232355485452456e-25,5.578045153640041e-07,4.626080531250233e-99
1979-11-01,4,9.595230631486849e-24,3.378435545109511e-20,0.033824352561977925,6.145351311134422e-16,0.9661756474380258,3.3583291516011114e-54
1979-12-01,4,9.107649867918462e-26,1.6344107177414178e-22,0.007332664955373353,1.6407337135193626e-08,0.992667318637287,4.7986559444061204e-48
1980-01-01,4,1.0513419011738498e-16,8.228438393112018e-14,0.0019145302746700948,1.7455816240720811e-06,0.9980837241436372,8.545222932060752e-46
1980-02-01,2,2.8457867977287713e-21,5.461160253947003e-20,0.9986373707860746,2.2393547770741522e-23,0.0013626292139190719,8.235217854214349e-103
1980-03-01,2,5.221318625027134e-26,1.0997630331869697e-22,0.9999998626394225,6.006921747592088e-17,1.373605965034634e-07,7.085386641401944e-49
1980-04-01,2,1.217232089310692e-31,3.963120021067104e-28,0.7171105923183753,4.367858798576745e-25,0.2828894076816067,1.487428378686224e-73
1980-05-01,4,7.730687952695223e-38,2.144819358953544e-34,0.07967686726767871,7.466918048224437e-21,0.9203231327323051,1.3085660049101208e-92
1980-06-01,4,1.7875196821270515e-26,5.538484477600908e-24,0.00017553920154720322,0.002675061304031227,0.99714939949442,1.217210729545695e-48
1980-07-01,4,2.7810186197668236e-07,1.763226409682757e-05,0.0026994516695051044,0.0008104976764946488,0.9964721402880453,6.087649559849591e-43
1980-08-01,4,4.0767796935385685e-12,9.534428640122325e-12,0.01587343996310696,7.776014562021722e-12,0.9841265600155004,2.9960260017345624e-78
1980-09-01,4,1.086910023162508e-19,2.202525141559734e-18,0.008530754160746909,1.4288909033676238e-12,0.9914692458378304,3.403783031014095e-66
1980-10-01,4,2.897434916131597e-23,1.8430796498473545e-21,0.10033849559874218,4.387160133007955e-13,0.8996615044008245,9.131151654696452e-80
1980-11-01,2,6.999473760893084e-24,1.8191087493097946e-20,0.9877784159467669,3.995576782522612e-19,0.01222158405325611,4.389218849204147e-101
1980-12-01,2,2.3236179541490265e-32,1.318534847322064e-28,0.9973633735659966,1.45668736179121e-19,0.002636626433957199,9.809740062189754e-77
1981-01-01,2,2.040944108860152e-28,1.3174987894087011e-24,0.9906375045542803,7.622902287049096e-11,0.009362495369495457,4.548772372291664e-53
1981-02-01,2,1.1548209135589428e-22,1.5320695718032373e-19,0.9688940576029776,1.387246390130444e-14,0.03110594239704516,1.5933858278974815e-61
1981-03-01,2,5.322074304540308e-31,2.6070146665711394e-28,0.9711417336547554,1.5407419315238224e-27,0.02885826634522285,1.682047507586767e-127
1981-04-01,2,4.471606122270006e-52,2.4013179090489183e-49,0.9999998682285509,3.7805722890578343e-42,1.317714842946813e-07,1.0129295124210042e-145
1981-05-01,2,6.111662217685123e-53,1.824090672071008e-49,0.47532676336943225,1.7116312046299574e-17,0.5246732366305575,1.162699969716997e-82
1981-06-01,2,5.5983978609936376e-33,3.2631557186741665e-29,0.9997793212655142,7.580054505074931e-20,0.00022067873448863094,1.9591456065742912e-82
1981-07-01,2,3.262732670616397e-33,6.550637949644192e-31,0.9944210585167974,1.4411760584026187e-19,0.005578941483207042,5.053041946507621e-88
1981-08-01,2,2.6128489819635796e-32,1.0146415817577362e-29,0.9992383541761197,1.2030433670064736e-17,0.0007616458238528764,8.128262418226289e-80
1981-09-01,2,1.0974289377012494e-30,6.0577603080354425e-27,0.9999738647682238,2.5209756436124103e-21,2.6135231751411216e-05,1.445722281345621e-81
1981-10-01,2,1.5929008320980532e-35,1.2778008185177666e-33,0.7420741273490623,7.247623243919467e-30,0.2579258726509386,1.4234911369454735e-161
1981-11-01,2,2.1289474696024543e-45,4.1611479469462657e-42,0.5401974634035129,4.581232541479069e-25,0.4598025365965146,9.077931476360232e-126
1981-12-01,2,4.35217930759692e-33,1.2698331964184987e-31,0.9328578286618717,2.3576140069169365e-10,0.0671421711023119,1.3933257662046775e-91
1982-01-01,2,6.926186936486925e-21,1.1295345033566642e-18,0.28170489568317614,3.3002319346948754e-14,0.7182951043168392,1.0170113647686746e-75
1982-02-01,2,2.3398238872135484e-21,6.184858748554002e-18,0.8833075567543166,4.633426148679843e-06,0.11668780981953696,3.589805824881492e-38
1982-03-01,4,1.5761929274955034e-16,2.29982521096885e-13,0.20765564466669698,3.6751388396950537e-11,0.7923443552963297,1.4746939666522263e-50
1982-04-01,4,1.0369658267691041e-22,2.1576875780075208e-19,0.1101908764169223,8.253763832041429e-13,0.8898091235822023,1.2989288207691246e-59
1982-05-01,2,1.5213733871533195e-21,2.17070946605348e-18,0.432868928939559,1.828375080220345e-09,0.5671310692320853,4.3752538395841754e-58
1982-06-01,2,1.4874586240943439e-19,5.520358098725624e-18,0.8690219090301436,2.4673137454196235e-13,0.13097809096965413,1.3524624142489796e-80
1982-07-01,4,4.616698606480884e-25,1.891416543090197e-22,0.28042743131418457,2.8666259786124423e-18,0.7195725686857943,2.0110400683651157e-95
1982-08-01,4,6.598882240577955e-27,9.820452440086998e-25,0.004546599967816915,8.954674579676097e-17,0.9954534000321476,1.4750415830760446e-104
1982-09-01,4,1.8100073368845327e-20,6.446222268052056e-19,0.0010195824394731263,0.000185940788202861,0.9987944767723335,1.9918317754088713e-50
1982-10-01,4,1.3596169073377788e-10,2.7848764353286777e-07,0.000496417293623403,5.691485305200607e-09,0.9995032983912813,7.125920938669801e-50
1982-11-01,4,1.1024876068700915e-12,5.366634172582191e-09,0.0004873768346886513,0.0015936342352282696,0.9979189835623495,7.057453604978003e-22
1982-12-01,4,3.855516867732971e-09,9.057207824893689e-07,0.0006310478196829842,0.0028180739049416376,0.9965499686991259,1.5875573502330173e-28
1983-01-01,4,2.1282021747493e-09,9.864378444731306e-07,0.0007523828755712442,0.008536498541591723,0.9907101300168406,2.577513816750242e-19
1983-02-01,4,9.113876809038982e-08,6.513642244868902e-05,0.0020462838092187483,0.009746563097784966,0.9881419255317612,4.343839684233928e-19
1983-03-01,4,2.7507820266766903e-09,3.9287517434013177e-07,0.001004302703594946,3.7865434589068404e-05,0.9989574362358955,3.57965742841936e-30
1983-04-01,4,4.689740757596141e-12,3.6168334791009668e-09,0.0002772355166263529,2.7444718966303752e-05,0.9996953161428923,1.0325229538257433e-30
1983-05-01,4,9.615934737891168e-12,1.5668188631447087e-09,0.005199454354120842,0.00037936576593644626,0.9944211783034805,3.477320641830293e-31
1983-06-01,4,1.217242005632952e-09,2.7937688486747935e-07,0.0007660273538643155,0.011776891509892333,0.9874568005420834,3.2832970599680618e-21
1983-07-01,4,6.369275239309431e-09,8.811895897495682e-07,0.025783489729015303,0.00022033101971630117,0.9739952916924525,5.8801929730218906e-30
1983-08-01,4,2.4521511711989037e-10,1.1509310695104936e-07,0.003982183940111601,0.004932107840971758,0.9910855928806498,8.607536412257661e-20
1983-09-01,4,1.5579501126189467e-09,5.618066318665102e-07,0.0012830786607740219,0.000104202965455954,0.9986121550092136,2.3402125481919785e-32
1983-10-01,4,2.404627722074891e-10,1.5073888368305077e-07,0.018808858599025948,0.004888114451485346,0.9763028759701375,2.432560334984416e-20
1983-11-01,4,2.7717411474547145e-09,8.769729225069279e-07,0.0006365007698702229,0.002785278125082573,0.9965773413603901,3.4439359040158114e-22
1983-12-01,4,3.8207152908992085e-09,1.3800123180332525e-06,0.002949621580168502,0.004957695622747866,0.9920912989641056,4.957882689228478e-20
1984-01-01,4,5.322143945024914e-09,2.7203394932354566e-06,0.004682484310766868,0.004234162285328596,0.9910806277422105,8.554189375985384e-21
1984-02-01,4,5.582792485820068e-07,6.456231063435371e-05,0.06518760169151622,0.03735654438619197,0.8973907333323682,1.2523932551272827e-18
1984-03-01,4,4.220684151996148e-09,8.186023764003795e-07,0.0021220735531332895,0.00022335579920050678,0.9976537478245929,3.5695778585097965e-27
1984-04-01,4,1.1181449972807911e-09,5.755338359805737e-07,0.03243777882160551,0.002442499082970177,0.9651191454433976,3.4763543864269996e-20
1984-05-01,4,1.3523957545780355e-09,2.0394811868344007e-07,0.6158830527833864,3.7988512004876266e-07,0.3841163620309958,2.734826384169253e-36
1984-06-01,4,1.096102573887718e-11,2.1941109863421846e-08,0.023643252399748,0.007188079609436468,0.9691686460387168,1.1993429207075917e-18
1984-07-01,4,1.0521455848068574e-08,1.2927003654341796e-05,0.09668645676500186,5.23079550652404e-07,0.9033000826302992,3.116125347825524e-30
1984-08-01,4,3.1786260483555854e-12,6.157482655654084e-08,0.00034706994995980275,2.0257007918456417e-05,0.99963261146409,4.160639632838438e-25
1984-09-01,4,8.340097934099063e-13,7.692230609889783e-10,0.0036875558212240427,2.222863383684574e-05,0.9962902147749089,1.9240263353899426e-32
1984-10-01,4,3.1445707530854934e-15,1.853293787603646e-12,0.04114790838016477,5.911953086219559e-12,0.9588520916120908,5.3338640501717364e-67
1984-11-01,4,2.2672282238980233e-17,3.341011315043396e-14,0.003285063219040991,0.0005777237568981704,0.9961372130240826,5.739765438274347e-34
1984-12-01,4,8.69299126374672e-09,1.1044941908013508e-06,0.0010222133982205855,0.006245658184452343,0.992731015230123,6.467880303169581e-32
1985-01-01,4,2.4175612742727086e-08,1.651191567158952e-05,0.00013331317871161528,0.01351474091657842,0.9863354098134565,5.64727995803506e-18
1985-02-01,4,1.9401627483798676e-07,9.258270352344825e-06,0.0026735056127625426,0.007888508757598363,0.9894285333430433,5.614558325993723e-23
1985-03-01,4,9.790902626663961e-08,2.1271403031742915e-05,0.0008317812349724389,0.02061599013754014,0.9785308593154051,1.9268165389514898e-17
1985-04-01,4,2.0877450108464393e-07,5.2768641068251144e-05,0.003022511876311583,0.007632541437232419,0.9892919692707977,1.4745059629945754e-21
1985-05-01,4,5.628443345634616e-09,1.0347000594315787e-06,0.0001398451484093375,1.7157402618229648e-05,0.9998419571204533,1.2982175151586224e-37
1985-06-01,3,3.4417504614663063e-09,4.3409312705590127e-07,0.0005969850952153135,0.1663955223522449,0.8330070550176498,7.013340227627679e-16
1985-07-01,3,6.624443305800657e-06,0.0003776392029069054,0.003174014103504498,0.25947605667862605,0.7369656655715917,3.670227322868301e-19
1985-08-01,3,5.834844987748783e-06,0.0004789572730116395,9.85510816481915e-05,0.8625941069286371,0.1368225498642796,7.332098191169078e-12
1985-09-01,3,5.1811150310475346e-05,0.011950581784811018,0.0002485694492704492,0.9373403526998773,0.050408684915681526,1.1626680634265374e-13
1985-10-01,3,7.296114938959138e-06,0.0033168989548578386,5.81495545671619e-05,0.5587037918831291,0.43791386349246,4.8701106882840134e-15
1985-11-01,3,2.9799212834625523e-06,0.0010232700616890909,4.621150329178713e-05,0.5875748981860378,0.4113526403277094,4.239545275731015e-14
1985-12-01,3,3.3229232306557748e-06,0.0010535204823851588,0.00017361793354016476,0.46213404903442934,0.5366354896264343,4.0384032875020674e-16
1986-01-01,3,0.0002473216946765305,0.020830519927615653,0.001239434672715429,0.955143676521342,0.022539046860708546,3.2293236057883376e-10
1986-02-01,3,4.2533922192419834e-05,0.014709206654310893,2.8547421077916886e-06,0.9805876771233226,0.004657727441591774,1.1646125409448883e-10
1986-03-01,3,0.00014739330583451966,0.02608232278950124,4.463200930189364e-05,0.3217772220980572,0.6519484297972243,8.933464644735529e-26
1986-04-01,3,5.8060931093095714e-05,0.008214300169630215,0.00012454082926757683,0.8768194787250646,0.11478361891323079,4.3177787317979214e-10
1986-05-01,3,8.979401628905373e-05,0.003681722794800942,3.352854102456095e-05,0.9730488924270261,0.02314606221388297,6.879202406375755e-12
1986-06-01,3,9.319560639653259e-05,0.005610999121772281,3.03135384323766e-06,0.9786223663573361,0.015670407560535723,4.863213947744452e-15
1986-07-01,3,0.0001668939149663379,0.008356652331015412,6.137235493451788e-06,0.9906870415193555,0.0007832749006902256,9.856600133353552e-11
1986-08-01,3,0.003762646101448348,0.5151793702157309,3.0150997857893556e-08,0.46772457733554956,0.013333376196230306,5.097096998348204e-19
1986-09-01,3,0.02255531021954484,0.6262632381169273,1.1941742944492519e-05,0.351140793614839,2.818192685945093e-05,5.343789125286549e-07
1986-10-01,3,0.0002671542747077448,0.03649873569970897,2.5609633476569947e-10,0.9631116674010953,0.00012156542592762527,8.769423831931933e-07
1986-11-01,3,5.8802604452256826e-05,0.0011319577003136955,2.2864175341623888e-10,0.9987263922523416,8.276201766848596e-05,8.519668861255662e-08
1986-12-01,3,0.00015239722451309003,0.0027889739120675753,1.1019095966588916e-08,0.9967794274661997,0.00027919002947921943,3.485919262412006e-10
1987-01-01,3,0.0006166027199802188,0.07812961357868561,3.3521123012304814e-09,0.9180197579854132,0.0032340221905004514,1.7324285818621433e-10
1987-02-01,3,0.00012079258614815178,0.005137142617483405,2.6566788755793272e-08,0.9946113265473724,0.00013061394005116678,9.774211413249131e-08
1987-03-01,3,3.123906624329915e-05,0.0015291147635027801,4.771965137972431e-09,0.9967889313363572,0.0016507100435830028,1.826681764090138e-11
1987-04-01,3,0.00030857363522655406,0.005429843401115161,3.4979890214828826e-06,0.9904860607864242,0.0037720241881531104,1.2953946867219077e-13
1987-05-01,3,4.0939160794459354e-05,0.0003098077855626033,7.087880724236952e-09,0.9995815578299451,6.765974569483955e-05,2.8390131100656062e-08
1987-06-01,3,1.4976758843211343e-05,0.000752647330303024,2.569580690516162e-10,0.9987177543581024,0.0005146212105823767,8.5249414022965e-11
1987-07-01,3,1.030125444748927e-05,0.0006597758164559829,6.694945083980251e-09,0.998267611182172,0.001062305042020462,9.853576440280657e-12
1987-08-01,3,4.2384075028677396e-05,0.0009141695242538631,1.708785932727995e-08,0.9987825987694957,0.0002608304959263184,4.7520231030803474e-11
1987-09-01,3,0.00011579140128262844,0.0008777637817538014,6.521002819096847e-08,0.9982503382094833,0.0007560413973532055,2.4494291521988667e-15
1987-10-01,1,7.207437866624556e-05,0.9999278122640621,1.1335720151844689e-07,8.123929149395414e-21,2.7660925256000597e-19,1.1914471757709279e-52
1987-11-01,1,0.006975828332426899,0.781120911115777,1.4454611364150956e-10,0.21190303064574545,1.4432699680069796e-10,2.296172324336837e-07
1987-12-01,1,0.002126531727678481,0.9977996129986397,7.460813581333963e-16,7.383917156886389e-05,1.1889527762225976e-08,4.2124917092952795e-09
1988-01-01,3,0.0029652510007529545,0.2854876860084325,2.996095498410428e-14,0.7115468548901775,6.268445786054374e-08,1.4541614635429457e-07
1988-02-01,3,8.939218803962104e-05,0.011683244738445035,2.038426199208117e-13,0.988101888023349,0.0001253634983544471,1.1155169394294397e-07
1988-03-01,3,3.4231995626301535e-05,0.0018767605889593382,6.190598155384121e-09,0.99762282136098,0.00046617970972637917,1.5409486992103588e-10
1988-04-01,3,9.833691754726813e-06,0.00023940912814451157,6.134976324149757e-09,0.9992532509752838,0.0004975000661690297,3.691861662471587e-12
1988-05-01,3,1.692575424767034e-05,0.0004810006634652669,1.0290302771563585e-07,0.9960178598897081,0.0034841107895530843,2.6992202470764256e-16
1988-06-01,3,3.882478521144532e-05,0.001939568993856679,2.631579290128922e-08,0.9976653150922412,0.00035626468005410544,1.3274479973038953e-10
1988-07-01,3,1.7137932089997276e-05,0.0004707281673122114,5.1377277743853015e-08,0.998287216992979,0.0012248655302594484,1.5794685358834542e-13
1988-08-01,3,1.9716787040852377e-05,0.0012018011062772305,2.0692430071367732e-06,0.9948233556636586,0.0039530572000430406,1.4605375535798514e-14
1988-09-01,3,2.480540521189774e-05,0.004582837944581241,8.140793395204728e-07,0.9930998414110296,0.00229170115840216,1.3244213411013714e-12
1988-10-01,3,8.198765432039139e-06,0.0016222221121341626,5.391984761986471e-07,0.9903201205558932,0.008048919367643645,4.627541597641471e-13
1988-11-01,3,8.598725715782794e-05,0.00441631917489707,3.5705104610810836e-05,0.9735725446349455,0.021889443828291326,2.6002945233148156e-18
1988-12-01,3,2.350743492977359e-05,0.005471131821340012,2.8857691330125252e-05,0.9541031643674736,0.0403733386848723,2.2379807863803996e-14
1989-01-01,3,1.037929537221779e-05,0.0019868723509505557,1.364496997664467e-06,0.985488834118949,0.012512549735009253,2.6782886482300976e-12
1989-02-01,3,9.003266204179819e-06,0.0009267737702325862,1.962199690911412e-05,0.981934639923781,0.01710996104283109,9.234841079482641e-16
1989-03-01,4,4.18166645710235e-06,0.0011460706320363268,5.119962683145927e-05,0.8093775865645024,0.1894209615101713,1.5763848798982463e-16
1989-04-01,4,5.4505406900352295e-06,0.001534320998528945,0.00018745675047277408,0.18351164357751718,0.8147611281326783,1.434816747910507e-21
1989-05-01,4,1.1348437288090771e-07,0.00011951791472904904,0.0021302289044885514,0.0045758937564312945,0.9931742459399686,2.461028706581981e-19
1989-06-01,4,5.955700659713536e-09,2.4460010696696133e-06,0.001542066257892839,0.0002502057532789794,0.9982052760320139,8.423157235266145e-30
1989-07-01,4,1.5202392307546824e-09,1.404309182950009e-06,0.0007994763022468404,0.0036495956321473005,0.9955495222362557,1.7646812805582059e-22
1989-08-01,4,2.780399728108634e-10,5.670009097873178e-08,0.006284307816833124,4.745899182577804e-05,0.9936681762131041,2.4902128081383465e-28
1989-09-01,4,4.420106356923778e-10,1.0714727152231603e-07,0.001502472018893559,0.02990972307159865,0.9685876973202783,1.1878263786017309e-18
1989-10-01,4,2.582602543580778e-07,5.295061086141714e-05,0.003858337409790701,0.0039034421888710503,0.9921850115301128,4.301889488192558e-24
1989-11-01,4,7.086417609162814e-09,3.163386929998033e-06,0.000707747492383072,0.015444763465811024,0.9838443185683897,2.357717606981862e-17
1989-12-01,3,2.6601774417006803e-07,7.403453083028255e-05,0.0005086262955329649,0.05413471658407095,0.9452823565717365,5.27757351745627e-17
1990-01-01,3,0.0007846782854968701,0.017505435189186992,0.06786955842616747,0.7254796000169921,0.1883607280809758,1.1967963913016066e-12
1990-02-01,3,1.0584742988674981e-05,0.0009419416822028055,2.8751006069790486e-05,0.9868458478003489,0.012172873355649039,1.4126516097824288e-09
1990-03-01,3,7.91697065072325e-06,0.0013725630461704234,8.05752288341322e-06,0.9859348162705347,0.012676646189614083,1.2765533118909314e-13
1990-04-01,3,0.00010100774768091335,0.013889605147809637,0.00018562432688130377,0.980635799766667,0.00518796301063113,3.16267978537537e-13
1990-05-01,3,6.37763993863443e-05,0.07377132301254477,9.267146741490112e-06,0.8689124371971367,0.057243196244127624,9.563717527533777e-16
1990-06-01,3,1.0643209686428146e-05,0.004509507043410202,3.6142448342387054e-05,0.971579846978355,0.023863860318859485,1.2770108634482607e-12
1990-07-01,3,2.3748026940769206e-05,0.013090908327827869,0.00023191492796413693,0.7932501870465298,0.1934032416708198,2.5691212671498486e-17
1990-08-01,1,0.00013284557843068416,0.9351513917891832,0.05291094833434387,0.004384027068963227,0.00742078722905873,2.795776305706699e-18
1990-09-01,1,2.810344664563993e-05,0.9994887265006543,0.00036518257054741576,5.258586388019899e-05,6.540161837155733e-05,1.3850034670361707e-18
1990-10-01,1,0.0006892031365342057,0.9850305371093373,5.369072875570301e-06,0.014272243004570985,2.6476760309543446e-06,5.69896303793377e-13
1990-11-01,1,0.0010032753220743469,0.950017519488575,1.9268701834385823e-09,0.048978218835114905,9.840888083536251e-07,3.3852275560991496e-10
1990-12-01,1,0.001057173739984888,0.8219712692562376,4.774041109602095e-09,0.17591107661189048,0.0010604756177972718,8.069987924990638e-17
1991-01-01,1,0.004899376552760212,0.9886854382511042,4.0830955203568426e-08,0.006414355676502784,7.885260252800243e-07,1.6265879261052633e-10
1991-02-01,3,0.00033614502552132164,0.17548325608701268,3.4564213135527266e-11,0.8241583327026099,2.2242333298018164e-05,2.3817077763926305e-08
1991-03-01,3,3.734249846948692e-05,0.004662109983101954,1.4825775442371367e-10,0.9949378617918931,0.0003626848493659001,7.289862454528229e-10
1991-04-01,3,1.5810318537919802e-05,0.001444469663125213,2.5419225914064153e-08,0.9969859972468348,0.0015536973497464156,2.5274996917523914e-12
1991-05-01,3,1.665577523162697e-05,0.0005844898677091956,7.339129760280104e-09,0.9991674312096331,0.00023141541431241804,3.9393955791430637e-10
1991-06-01,3,0.0005302209918720022,0.0030890611094610203,5.137340773900118e-09,0.9963427014558766,3.794264529182953e-05,6.86601689896743e-08
1991-07-01,3,1.569169887992263e-05,0.0010984234607693732,2.044832905306596e-10,0.9983309891555,0.0005548941928205199,1.287455295858077e-09
1991-08-01,3,2.76085419869176e-05,0.0009741609320713357,3.6666071399771302e-09,0.9982201280382013,0.0007780988209491677,2.864757775991245e-13
1991-09-01,3,3.101658566691417e-05,0.001692520487502304,2.0657724607745935e-08,0.9978423590093017,0.000434083254310752,5.5163799825359215e-12
1991-10-01,3,2.9489150162266168e-05,0.0012554884591885402,2.037975458514253e-09,0.9983978336226432,0.00031718671999840926,1.0112823548261721e-11
1991-11-01,3,0.002007301707700052,0.008800093133531136,1.696567785095033e-08,0.9890435324873295,0.00014905569265023344,1.3054884343002314e-11
1991-12-01,1,0.02699958894956959,0.920440170385664,1.2834421354397283e-08,0.0522880840298134,0.0002721438006004314,5.591339871953748e-16
1992-01-01,3,0.0015476727465156901,0.07789546719616766,5.141821107741121e-09,0.9205062617408378,2.573268936668225e-05,2.486048522333044e-05
1992-02-01,3,0.00013305305009202593,0.0009939790513981508,1.2625437333334327e-11,0.9988231909700389,2.299633737091284e-05,2.6780578484354563e-05
1992-03-01,3,7.653221857530479e-05,0.0004782097615032893,8.29308925579516e-11,0.9994014069606183,4.3698284324286677e-05,1.5269204491465628e-07
1992-04-01,3,0.00042170703741806334,0.002186804838070828,8.468322440557651e-11,0.997322804154287,6.867251092684976e-05,1.1374603170751157e-08
1992-05-01,3,0.00013861093662258264,0.0005518724781608898,2.2533550194297588e-11,0.9992757856200786,3.2398930274387976e-05,1.3320123355695802e-06
1992-06-01,3,0.0002390072472592359,0.0008154755575716403,5.353964701200051e-11,0.9989105008995242,3.492067284283632e-05,9.556931718233655e-08
1992-07-01,3,0.0004670889947288613,0.0015682482318033176,4.509375937224433e-11,0.9978252758629902,0.00013938666089206327,2.045090809154555e-10
1992-08-01,3,0.006448445304232647,0.008026417220996515,3.2190356080612166e-10,0.9854498851385778,2.491719856923455e-05,5.033481561091731e-05
1992-09-01,3,0.003004327239656644,0.0027131249406769616,4.182557419994527e-11,0.9941777894681422,0.00010473386675457258,2.4442993009545006e-08
1992-10-01,3,0.002562001582633104,0.0006185668404996428,2.5937235911113893e-10,0.9967810270698624,3.808269832527442e-05,3.2154934071859015e-07
1992-11-01,3,0.0007120233968880291,0.0005121604696650657,7.266203838435705e-12,0.9987523098891312,1.91484433069603e-05,4.357793763532888e-06
1992-12-01,3,0.00012577359498679446,0.0005085480362798348,6.1259857533559576e-12,0.9993337022306653,3.115122151971965e-05,8.249104514546538e-07
1993-01-01,3,0.001434248153895967,0.017865932763498862,1.3502116876514392e-10,0.9806395248832303,5.9850320492808126e-05,4.437439107764629e-07
1993-02-01,3,0.0007105157323639467,0.002707603256087388,3.646500373516504e-11,0.9964948535808429,3.200891533355869e-05,5.501847888899507e-05
1993-03-01,3,0.00015564687096700116,0.0005370577403506427,8.059695129541724e-12,0.9992560002449005,2.4848359629138596e-05,2.6446775982321436e-05
1993-04-01,3,0.0019403125811229543,0.019748766595889443,4.904703335012478e-10,0.9782527202163057,2.93218734852043e-05,2.887824265217296e-05
1993-05-01,3,0.0010130429380334814,0.0006414948545638957,1.8503192350957184e-11,0.9983081581159032,2.0204137157247885e-05,1.709993592290119e-05
1993-06-01,3,0.00034228492369307346,0.000696256037514121,1.0772711074263963e-11,0.9988984734948848,1.8156740761434408e-05,4.4828792359494686e-05
1993-07-01,3,0.00024250127839472372,0.0006160977069927889,1.1477090283141879e-11,0.99904497162158,1.1582258933706476e-05,8.484712254540802e-05
1993-08-01,3,0.00017617182319265727,0.0006996764422628973,8.164802575176896e-13,0.9990872469572154,2.0188305303710814e-05,1.6716471224773022e-05
1993-09-01,3,0.0001605236460352074,0.0003298878591430418,5.828560297349469e-12,0.9994832034714346,1.4496893334215178e-05,1.1888124117699427e-05
1993-10-01,3,0.00045494416461847455,0.00037088206743965754,4.064330368341559e-12,0.9990900789410819,1.1359465093259274e-05,7.273535778349574e-05
1993-11-01,3,0.02347584875830515,0.0083031689151389,7.075707054926795e-11,0.9670923480596574,7.255770912740626e-06,0.001121378425204438
1993-12-01,3,0.0022430725901683136,0.0004907906954631883,1.5640262855339858e-12,0.9934139627395624,1.2673929137169129e-05,0.0038395000440458187
1994-01-01,3,0.0004404569838702393,0.0032125011671946153,2.2106819992564272e-12,0.9961646928231914,3.707703230210511e-05,0.0001452719913410293
1994-02-01,3,0.03483934199015524,0.004088228885555839,5.865011248304757e-10,0.9610374596918227,3.466770670301201e-05,3.011393705133121e-07
1994-03-01,3,0.029135927968190714,0.0027745286222193577,5.026273119967904e-10,0.9680298172963774,1.561604138377085e-05,4.410956930838399e-05
1994-04-01,3,0.003917446705446077,0.0008501341943636351,5.545726723811742e-11,0.995136922216186,9.548696571125238e-05,9.862866186573112e-09
1994-05-01,3,0.00011533968954117015,0.00023731000992424067,1.0698451500134729e-10,0.9995893934146652,5.778979430816894e-05,1.669846215278559e-07
1994-06-01,3,0.00022135245601171089,0.0006289180941510814,8.213347022046592e-11,0.9991325180068622,1.593702225242917e-05,1.2743384979411356e-06
1994-07-01,3,0.00019721096278444396,0.0008080277068816509,2.686175995116809e-12,0.9989571355791667,3.6278395710942774e-05,1.3473527046143064e-06
1994-08-01,3,0.0007690703812426648,0.0034762585219884823,1.5348975823391676e-10,0.9957241323115477,3.0239818334962124e-05,2.9881331583429984e-07
1994-09-01,3,0.00010436302945460022,0.0006180314709893129,4.954716172211279e-10,0.9991434935733126,0.00013410706459895778,4.366275694152326e-09
1994-10-01,3,9.64931264742855e-05,0.0012440601105640318,4.1158295191621285e-10,0.9984734706408791,0.0001859747885663181,9.21984415085633e-10
1994-11-01,3,0.016098728978403,0.01836943435656476,1.6154545187861127e-07,0.9651938599183227,0.00033781520111896967,1.5720931444911553e-13
1994-12-01,3,0.0002305812074230434,0.002272191271727515,4.2196065261381705e-09,0.9973527640173213,0.00014425230339207667,2.0698044456513825e-07
1995-01-01,3,0.00021658352389598392,0.005174047873059972,1.1298904947713325e-08,0.9902760134180076,0.004333343696502536,1.8956058825333127e-10
1995-02-01,3,5.175626753948192e-05,0.001192224914905305,6.760487059896949e-09,0.9982825637507667,0.0004734480984144458,2.0798859240112688e-10
1995-03-01,3,7.717225447044506e-06,0.0002532949045598005,1.1964366879797834e-09,0.9995620829819784,0.00017690278228384853,9.093996413346204e-10
1995-04-01,3,1.266467282476334e-05,0.00041269120963795296,3.2605793598370305e-10,0.9993511407355562,0.00022350297065318938,8.53528537019827e-11
1995-05-01,3,4.1862253754834846e-05,0.004223412456131415,4.237250032764047e-08,0.9808623342628711,0.014872348654703525,7.471853973851231e-16
1995-06-01,3,1.607065031206916e-05,0.0005414944547400043,1.0315014924618107e-07,0.9988986760933577,0.000543655429688054,2.2177624606911453e-10
1995-07-01,3,8.107102022468395e-06,0.000283270789981084,1.1712272192505813e-09,0.9994624952095451,0.00024612550296276815,2.2415701235797012e-10
1995-08-01,3,8.108768242299838e-06,0.00046557896285988684,2.440483100171345e-09,0.9992127708946078,0.0003135388960141827,3.772706624322216e-11
1995-09-01,3,1.212733355061424e-05,0.00031972854745793497,7.229946419541365e-10,0.9994687856188653,0.00019935747695022074,3.00171005676817e-10
1995-10-01,3,6.032198249117568e-05,0.0017636114780249991,4.592689373965416e-09,0.9978557940998124,0.00032026760880338363,2.3812844970656683e-10
1995-11-01,3,3.432433322737666e-05,0.0011850794707751588,2.4319853295640474e-10,0.9986045189546479,0.0001760756810014245,1.3170430542292832e-09
1995-12-01,3,5.036089223251455e-05,0.007043267226420796,1.117782912863996e-08,0.9906098666097175,0.002296494093561193,3.1695601783443795e-13
1996-01-01,3,2.6954206499169096e-05,0.0009359419607976923,1.0953790198655121e-08,0.9987882267753919,0.00024886536662036755,7.368924948318447e-10
1996-02-01,3,5.412516642060356e-05,0.00043017394878309213,2.6933551244156796e-09,0.9992919694582092,0.0002237283386453361,3.9453077881596653e-10
1996-03-01,3,3.3024487898520604e-05,0.00042266548600797504,7.144715271095335e-10,0.999393289979826,0.00015101797694909975,1.354864071339703e-09
1996-04-01,3,8.808202580765213e-06,0.00024319763911533277,7.262019312988862e-10,0.9995281102845617,0.000219882901256777,2.462820594474653e-10
1996-05-01,3,1.635940004035767e-05,0.00027698058931022797,1.0007723036491862e-09,0.9995766697013561,0.00012998845737314092,8.512357730051076e-10
1996-06-01,3,0.00024939366340186604,0.0030791532011224232,6.197406155553256e-10,0.9965687256535549,0.00010271401839077963,1.2843856307921404e-08
1996-07-01,3,0.005583670660430826,0.027122144181140253,1.3325494988890027e-08,0.9672532318947741,3.91214353635918e-05,1.81850257293003e-06
1996-08-01,3,2.4272530514968392e-05,0.0004470950083309995,4.089574416549791e-11,0.999428998492152,9.919084782604402e-05,4.4308018852908104e-07
1996-09-01,3,3.446403587397529e-05,0.0013676464071810874,3.084894110037568e-10,0.9980600539021618,0.0005378353246067205,2.1839762755392706e-11
1996-10-01,3,4.662249341186462e-05,0.0010919486230385879,4.081332739086182e-09,0.9983255635141162,0.0005358608022045896,4.85904369237021e-10
1996-11-01,3,0.00010784025100806114,0.004920606285113738,9.753348754098832e-10,0.99461214376153,0.0003594076948809058,1.0321680866710682e-09
1996-12-01,3,1.886098490979715e-05,0.00035714147327920093,4.3652740162608896e-09,0.9995184678283241,0.00010552003671794218,5.311644001360798e-09
1997-01-01,3,3.647478172986267e-05,0.001268031417360181,1.7164675444091286e-09,0.9983160702440973,0.00037942133123221636,5.090071030582667e-10
1997-02-01,3,0.0004422356302721748,0.005072244745896241,1.0365978390824017e-08,0.994422310023499,6.285237158696443e-05,3.4686286562234013e-07
1997-03-01,3,0.00010105899735349656,0.0015284222650618323,2.732432827891883e-09,0.9982547902998351,0.00011572120840183225,4.49695475658566e-09
1997-04-01,3,0.000153542764824437,0.007090498218335369,8.401992625257854e-10,0.9925818851845676,0.00017406328951906656,9.70248156966312e-09
1997-05-01,3,7.009795865531071e-05,0.00633037953936538,1.6039560060410502e-09,0.9926529878562298,0.0009465329356196473,1.0639865591033722e-10
1997-06-01,3,0.00019488032671893105,0.005115744691960483,5.799920942968982e-09,0.9945630293590993,0.0001262358505615757,1.0397170485368868e-07
1997-07-01,3,4.9768431749741524e-05,0.0037081117230586807,1.595567472429098e-10,0.9956203383955236,0.000621780572870432,7.170239530041173e-10
1997-08-01,3,5.121911746818975e-05,0.0009867947365996904,9.461694745698668e-09,0.9989017151367049,6.025723141192395e-05,4.316208199002559e-09
1997-09-01,3,0.00012501664330813282,0.028612206133316158,8.54667738396715e-09,0.9683777935089195,0.0028849750937581862,7.407760230170872e-11
1997-10-01,3,0.00013696063056361458,0.005856982404214851,1.14519528338013e-07,0.993331947393154,0.0006739926324782667,2.4201460368458775e-09
1997-11-01,3,0.002030091498605438,0.012642553207025568,2.35507241295925e-08,0.9852503941016729,7.65650355732674e-05,3.7260652076082747e-07
1997-12-01,3,0.00012518339307306825,0.009649985220885489,6.290217396180793e-09,0.9898903185582585,0.000334194471196075,3.1206623779290825e-07
1998-01-01,3,8.032649043446156e-05,0.0014690269285296156,1.444630275107218e-09,0.9983440047390046,0.00010663892623015715,1.4711887861671544e-09
1998-02-01,3,0.00011155745845304673,0.0018529726694199802,2.4181634148864984e-10,0.997955332548459,8.011565068998457e-05,2.143124512394009e-08
1998-03-01,3,2.4610177091367527e-05,0.0006802946970503856,2.198582268099761e-10,0.9990071111463603,0.00028797932589961123,4.433669302358807e-09
1998-04-01,3,1.579193644641022e-05,0.0005262271400093381,2.0364364733246707e-09,0.999339670724765,0.00011830627193035522,1.8902953981895756e-09
1998-05-01,3,0.00012578476449930852,0.0007498654913748242,6.602223061902844e-10,0.9990893516171403,3.4958291569756714e-05,3.9175021117589285e-08
1998-06-01,3,3.763898395803386e-05,0.0005173595610543172,2.536879497877726e-11,0.9993984827598028,4.6461838682159556e-05,5.68310648114717e-08
1998-07-01,3,0.0012226600675069993,0.0031151301596037424,5.823841604439486e-10,0.995644391756114,1.7059289663596895e-05,7.581445125028836e-07
1998-08-01,1,0.12660647634261546,0.8733601786719178,5.2983351430517406e-09,3.323579207426845e-05,1.0389442569089363e-07,5.44780717194409e-13
1998-09-01,1,0.003505131948864585,0.9957948071096445,2.547736898211725e-14,0.0007000591653116959,1.776186845638485e-09,7.252276393552925e-15
1998-10-01,1,0.010867440916412747,0.9878927556641354,9.390724181313873e-17,0.0012380394097077792,1.071021704674564e-10,1.7639025594897473e-06
1998-11-01,1,0.1048391910006319,0.8388690485339835,7.418928913794352e-16,0.056278060792020954,9.056938530758777e-09,1.3690616245957668e-05
1998-12-01,3,0.011594934852735838,0.23290722838546454,9.890210377909635e-15,0.7550558016696179,7.997212447128237e-06,0.0004340378798538643
1999-01-01,3,0.004001919635560444,0.10802461915842063,1.9844773303929382e-12,0.8877850688990157,1.5359249097614344e-05,0.00017303305605687207
1999-02-01,3,0.0011003662936930243,0.005277628494204234,4.134591583061096e-10,0.9935944229085831,2.669123763420858e-05,8.9065244627223e-07
1999-03-01,1,0.000905439693474934,0.9989809514995468,2.4863818678527637e-13,0.00011348331751499936,1.2548494997683314e-07,4.184482578894918e-12
1999-04-01,3,0.0007471472421728829,0.188314947733797,1.5598757464358778e-13,0.8109371038819145,4.126714474501151e-08,7.598749899193889e-07
1999-05-01,3,0.0009626766563609443,0.009524053596606503,3.9411910445925533e-13,0.9894776568420762,2.6067143879630686e-05,9.545760514983003e-06
1999-06-01,3,7.135251846075316e-05,0.002678701880209634,3.463166944446699e-11,0.9970331229719595,0.00021679501836367762,2.7576371016125953e-08
1999-07-01,3,0.00011025034323771911,0.001236262664692215,8.784020677350667e-10,0.9986227052098413,3.073119935450731e-05,4.9704563852988916e-08
1999-08-01,3,0.00023698839185245106,0.0061421804554755354,6.302778369113444e-10,0.9933222214163028,0.0002986086048373228,5.010456239666832e-10
1999-09-01,3,0.0021724064217229643,0.06256275924664154,5.300844680406363e-09,0.935221548390656,4.319375040288473e-05,8.68895791597621e-08
1999-10-01,3,0.0006021883386877953,0.014709823076916158,7.681321095263326e-11,0.9846423602941875,4.486915957059697e-05,7.59053927542024e-07
1999-11-01,1,0.021298476424808952,0.9785991021266528,1.6766156865031372e-13,0.00010241354513970672,5.100466071392892e-09,2.8029613561354335e-09
1999-12-01,1,0.0012459602061429924,0.9987540391885742,2.3838894089629455e-22,5.652057221826229e-10,2.0567037785444593e-17,4.0244594519132624e-11
2000-01-01,1,0.0007392943631823239,0.9947839261267805,2.7427026234859233e-21,0.0044767795094588555,1.939119058836077e-14,5.324761976993613e-13
2000-02-01,1,3.375533958652797e-07,0.9999996624465554,1.5744356781001994e-39,3.47291977506335e-32,1.153792259814416e-34,1.5590461460426638e-31
2000-03-01,1,4.3325027051976256e-05,0.9999566740930234,6.747473948783643e-42,8.800835863184192e-10,7.454204331862028e-43,1.0163882592185483e-17
2000-04-01,1,0.004227651044122539,0.9957655742404204,4.412264366275945e-29,6.7741783220681356e-06,1.0794391814041552e-17,5.370673508406603e-10
2000-05-01,1,0.001316736988624192,0.9897632565342566,2.2832154144056957e-21,0.00892000513968442,9.032808006723799e-10,4.339933248919692e-10
2000-06-01,1,0.00039722369794196923,0.9996027760250729,1.58713026469537e-21,2.770045026622375e-10,1.864422648394314e-13,1.3903479956162431e-15
2000-07-01,1,0.004332196045445531,0.9950182701135725,4.300905545244736e-19,0.0006495210308635321,3.7698753636454525e-16,1.2809951532488352e-08
2000-08-01,1,0.00022527754966996167,0.999580609314576,2.035962054955592e-23,0.00019410981214464064,3.313382449118276e-09,1.0006653625027655e-11
2000-09-01,1,0.0018805688494596211,0.9687958781179289,1.768407473935436e-13,0.029323532422477296,1.711716386788015e-08,3.492893625619042e-09
2000-10-01,1,0.00021395646205403342,0.9997843436045009,2.0906128496668166e-14,1.6993879859683676e-06,4.637467183835273e-10,8.167991133737614e-11
2000-11-01,1,0.00019547467100747984,0.9998045253288168,7.939188432222239e-26,1.5081153034730908e-19,3.0356795853706557e-26,3.501354415347624e-20
2000-12-01,1,0.001193792390232315,0.916507983134136,1.345503784806745e-28,0.08229822447543184,4.4000287716062285e-22,1.6219045701821077e-14
2001-01-01,1,0.005672339986766689,0.9943276600131125,5.918497279359387e-25,3.791148780450602e-14,4.382335743806563e-17,6.310845333414778e-28
2001-02-01,1,0.006079410969021773,0.9939205890101896,8.254748242010474e-31,1.3237545042714959e-13,1.571650819386293e-29,2.0650563006420824e-11
2001-03-01,1,0.007065822249163484,0.9928967760655388,2.7685999807864754e-31,3.7401684573584414e-05,7.613700527545915e-20,8.067347717895662e-13
2001-04-01,1,0.002116702199919482,0.9929944400599515,1.084639548463586e-24,0.004888825364546005,3.077219694621533e-10,3.206792793112584e-08
2001-05-01,3,0.0060878894823360435,0.38685387342691174,1.2134339650989756e-14,0.6070549812954895,2.76289792670284e-06,4.928973357657016e-07
2001-06-01,3,0.010377528091859628,0.03462007186685459,1.0014519182243645e-11,0.9503276266826571,1.0041929007872872e-05,0.004664731419465579
2001-07-01,0,0.28423387005921,0.7057309329656887,4.068258846610821e-12,0.00993503129812472,1.1689183435690815e-06,9.899675455881689e-05
2001-08-01,0,0.399431596974346,0.5862284829151077,1.5966030178769157e-12,0.012303528286709676,3.47349916088612e-08,0.0020363570872808266
2001-09-01,0,0.9753041947128002,0.02469579965153982,3.3176828682694788e-15,5.582465902530808e-09,5.312940136377565e-11,2.221988261492891e-25
2001-10-01,0,0.9954945349104524,0.0044923887067818465,1.9235618285516804e-19,8.762970145666196e-06,3.1328872483719157e-16,4.313412637065306e-06
2001-11-01,0,0.9959503689092017,0.0024286887482215663,1.946169659004268e-25,2.682494437639443e-07,8.470813281919532e-14,0.0016206740931878844
2001-12-01,0,0.21113322444839377,0.00025246216754123805,1.1927377793403585e-20,0.0004992249084182827,2.477658752731252e-12,0.788115088473095
2002-01-01,0,0.03900545721927179,1.8806152662751644e-05,1.1094857692310608e-20,1.661976594989823e-05,2.1211761789003887e-11,0.9609591168410416
2002-02-01,0,0.9065759003564317,0.0009746000130515005,8.734338109102742e-21,5.240783419803512e-08,5.036509302617046e-15,0.09244944722286876
2002-03-01,0,0.9906197089336416,0.009307768626483552,2.243810511282025e-21,6.794694438601651e-05,1.326010254708753e-12,4.575494146902822e-06
2002-04-01,0,0.9948133368839258,0.005169737348942976,4.1988435208004843e-22,4.462769640021979e-09,2.11729201267559e-14,1.6921304567208845e-05
2002-05-01,0,0.38136711762949865,0.00040086971744342323,8.342134226283806e-22,2.094564818505759e-05,1.3127641992944078e-15,0.6182110670047537
2002-06-01,0,0.982471771061573,0.0016141219975703653,1.9662102485137298e-23,2.9353665660383663e-06,6.588691001434273e-13,0.015911171573776986
2002-07-01,0,0.9990302528204854,0.0009657316820980661,4.630978980861222e-19,5.94604354983003e-08,5.338388648957637e-13,3.956036291979499e-06
2002-08-01,0,0.39296676201521663,0.0008771133198769442,4.11234222016306e-20,0.00018855815035404418,4.970757569409961e-13,0.6059675665140251
2002-09-01,0,0.9962298685466626,0.002870182806390249,4.800957662687668e-20,2.0876839587169287e-06,6.442680261020775e-12,0.00089786095659417
2002-10-01,0,0.9892798868815339,0.0013573651680373617,4.953481827368308e-23,1.4603265773042648e-08,2.0049174385774675e-16,0.009362733347055782
2002-11-01,0,0.9954074887698893,0.004592319255891818,8.352997717868628e-35,5.968593757670133e-18,5.517659158058801e-28,1.9197412420955626e-07
2002-12-01,0,0.9974997271058471,0.0024964924505070443,5.932741423604012e-39,3.537976069246696e-11,2.2943056213806145e-29,3.78040836740528e-06
2003-01-01,0,0.6519318804481323,0.0015491324071586442,2.9808629042603877e-30,0.0002353860617508024,8.131425859324122e-17,0.34628360108283246
2003-02-01,0,0.48779879263332904,0.001085482091212409,1.5809319600050952e-23,0.00048603696222629844,5.22871722928231e-10,0.5106296877902318
2003-03-01,0,0.9702458850961962,3.624235064044362e-05,1.288408197443231e-17,1.2438288534456095e-07,4.737154758960831e-13,0.02971774816996611
2003-04-01,0,0.7655135715824704,0.0009490087760367743,6.555876565426791e-23,9.671137236596196e-08,2.902719697817014e-16,0.23353732293013316
2003-05-01,0,0.9679247760164528,0.02135993603626223,9.233781998001281e-29,2.71134631482098e-08,1.2461311857637843e-17,0.010715260833870822
2003-06-01,5,0.25578659997460435,0.00021843903370887254,3.96824829630666e-25,0.0010562028586875842,5.572105413832263e-14,0.7429387581331173
2003-07-01,5,0.038983293333590685,3.218293656567183e-05,2.61853880495288e-22,0.00011824634006479768,1.352409748453505e-10,0.9608662772544689
2003-08-01,5,0.000946219980238904,5.80516191206377e-07,2.613018118476403e-20,6.300918766480142e-05,4.081778292462662e-12,0.9989901903116017
2003-09-01,5,0.011239145054146825,8.197877814114744e-08,1.1806625991029075e-19,0.0002360917032630334,4.6963177516453114e-11,0.9885246812169005
2003-10-01,5,0.002494715875080135,6.706210467066388e-07,4.150161104759301e-20,0.00019535942757042485,7.288458061104464e-11,0.9973092540032575
2003-11-01,5,0.000554777375070274,3.9601490536927286e-08,1.5185042989663676e-19,0.00012052746308714845,3.017240183644308e-11,0.9993246555301633
2003-12-01,5,0.0023413879001817554,1.4467375258300758e-07,6.618866116162329e-20,0.00027302353065429417,5.8008869727644136e-11,0.9973854438374198
2004-01-01,5,0.00047806397311712603,3.199330461547557e-08,4.631521507609584e-21,1.151181388392513e-05,1.3694056774050117e-12,0.999510392218485
2004-02-01,5,0.003087502398414189,5.186112777969064e-08,1.694783365698929e-21,6.922823759902832e-05,1.1951996645349453e-12,0.9968432175016438
2004-03-01,5,0.000492654473722744,3.147384066538203e-08,1.3742272893795174e-21,3.781677984081785e-05,2.883404554550879e-12,0.9994694972695015
2004-04-01,5,0.48989174100823535,2.264587656685719e-06,1.4918482762005617e-17,0.0015886417268081447,4.953430407842237e-10,0.5085173521818139
2004-05-01,5,0.07219784364998529,3.274733453705768e-05,2.4445080593287788e-18,0.0005445108468557146,8.590506877819289e-10,0.9272248973096289
2004-06-01,5,0.012478502260176947,1.7298670889215604e-06,1.0353066386414816e-17,0.0001890765960703752,1.7063239185735458e-10,0.9873306911061457
2004-07-01,5,0.06534010783475774,2.303840973976157e-05,1.178686512706949e-18,1.0766921540484137e-05,4.9573606772260365e-12,0.934626086828977
2004-08-01,5,0.007959723918424652,2.4248588411277783e-06,6.968414284774031e-20,0.00015943596963381736,6.104065767936535e-12,0.9918784152469309
2004-09-01,5,0.30900592450685255,0.0006338626356840834,4.210848419007121e-18,0.02121182499344672,8.000012550976982e-09,0.6691483798638145
2004-10-01,5,0.029864711827684454,5.567745604195752e-05,9.572321486893194e-17,0.005902083347042756,5.783152737725343e-08,0.9641774695377268
2004-11-01,5,0.16954843749661383,0.00020431048419032035,2.6471261418353215e-13,0.09930203106649775,1.244352647207429e-06,0.7309439765996762
2004-12-01,5,0.011857680008338029,1.9961309900871093e-05,4.6653015490063084e-14,0.0019036599897791408,1.7157484718497734e-08,0.9862186815346035
2005-01-01,5,0.1431076407881001,0.0001313179305916762,3.400563574941195e-14,0.012216246117949709,7.279807317522777e-08,0.8445447223654761
2005-02-01,5,0.22922655076611365,0.0006801421762516797,5.702600451055043e-14,0.09138494285851588,1.203282299736232e-06,0.6787071609166833
2005-03-01,5,0.11201993972215758,0.0014531222392418918,1.850896477345253e-12,0.28302670762639925,3.0092692950435085e-06,0.6034972211409062
2005-04-01,5,0.024896952208977002,8.216724084645187e-05,5.548451570839668e-13,0.013558647871352995,1.6563108446374437e-07,0.9614620670470514
2005-05-01,5,0.0029206989792339186,2.2363594177470252e-05,6.367220557800257e-15,0.013829443609769442,9.568611542196202e-08,0.9832273981306545
2005-06-01,3,0.010993709906216072,0.000113857362010146,1.7774025337362738e-13,0.14796780185216957,2.5175374544809904e-06,0.84092211334187
2005-07-01,3,0.00685648923730594,0.0007098638671065599,2.811066264396205e-12,0.9875772365950579,4.6716236472058675e-05,0.004809694061382349
2005-08-01,3,0.010312145740305123,0.25422821653298616,8.793780956407236e-10,0.7350843323653691,0.00037459900403945224,7.054779595144767e-07
2005-09-01,3,0.0005079753895589457,0.0027017108510059926,3.059673989464225e-10,0.9967350344666135,2.070433760146877e-05,3.4574649191785254e-05
2005-10-01,3,0.1489417459330022,0.027530239393144484,2.066306896284848e-09,0.8234913073509262,2.9070801511435264e-05,7.634454934433905e-06
2005-11-01,3,0.0023244706782623446,0.0006928726944396318,6.2977827154737315e-12,0.995100822252045,1.696809357589646e-05,0.0018648662755553509
2005-12-01,3,7.94406444419854e-05,0.0003662410752472804,9.020392359638953e-12,0.9994786475751225,4.039023826889743e-05,3.528045783353886e-05
2006-01-01,3,5.365094198605808e-05,0.0006838976685078499,3.7897397813790694e-11,0.9990369273101241,0.00022551789837297261,6.143196358046906e-09
2006-02-01,3,0.0008303390093866766,0.0014815628820823987,1.341328951837787e-09,0.9976724997567986,1.3751163228588126e-05,1.845847267164312e-06
2006-03-01,3,3.4291969976899915e-05,0.0005395363588751417,1.1837957481457181e-11,0.9993458938186794,8.017934314214341e-05,9.849745001323755e-08
2006-04-01,3,8.52157182859405e-05,0.001226733941552656,1.2823341600103352e-10,0.9985870078632997,0.00010103494724286323,7.401264363738321e-09
2006-05-01,3,6.76654581835791e-05,0.0007032180240271198,1.2268740127297537e-09,0.9991725650468684,5.653710246981398e-05,1.3141552784649013e-08
2006-06-01,3,3.4351660063016435e-05,0.0003940686641321818,1.3472948519727416e-10,0.9995045080508137,6.705974276518533e-05,1.1747292418653472e-08
2006-07-01,3,5.5036678526411245e-05,0.0008278434697248006,2.248037131904198e-10,0.9989532739115351,0.00016384222356714235,3.491763778937372e-09
2006-08-01,3,0.00014100766838742046,0.0017603608314582689,6.550741549040955e-10,0.9980613092395354,3.7284776172798415e-05,3.682951247999724e-08
2006-09-01,3,0.0003191061832167202,0.0018570115029796234,2.860365766740406e-10,0.9977876576107408,3.6085066977324455e-05,1.393500186884935e-07
2006-10-01,3,1.565972093507879e-05,0.00028809272199375443,3.077490402103524e-11,0.9995973301256603,9.888746255530034e-05,2.993829435924503e-08
2006-11-01,3,2.9214664122280575e-05,0.001226363438011606,2.510181975728631e-10,0.9984803446728112,0.000264076808765232,1.6541456844626585e-10
2006-12-01,3,7.683262800742182e-05,0.0007141753062046566,2.0438102587107556e-09,0.999164800876762,4.412801810828916e-05,6.112698418757105e-08
2007-01-01,3,1.063329636574035e-05,0.00018990123841564315,1.0271899699943717e-10,0.9997121811660116,8.72775297052616e-05,6.6667008496698276e-09
2007-02-01,3,7.365132870393074e-05,0.0014915781245751492,5.104453270060823e-10,0.9982175093815888,0.00021726041821609762,2.3636668508906833e-10
2007-03-01,3,2.0868564372744093e-05,0.0006181806169137439,5.143500738963946e-10,0.9992364852432765,0.0001244627408988102,2.3203648936072785e-09
2007-04-01,3,1.5375866569616392e-05,0.0004168623318420044,3.0814803202397404e-10,0.9993699857692563,0.0001977752037944286,5.205693311492533e-10
2007-05-01,3,0.00014069321021549562,0.0017187575776664921,3.3342922209336495e-09,0.9978536529156715,0.0002868918685048926,1.0934594842483116e-09
2007-06-01,3,4.2790167916395824e-05,0.0007260535904434278,1.0965302187869509e-09,0.9991247261888778,0.00010641491438686816,1.4041833070099772e-08
2007-07-01,3,0.0003295637655095414,0.00807437136552096,9.784104968145374e-09,0.9906317643452057,0.000964290471620743,2.6811639594406544e-10
2007-08-01,3,0.051632104587589454,0.331379656430554,4.208676979805095e-06,0.6051532775252983,0.011830752779713438,2.4739434150297453e-19
2007-09-01,3,0.003438721399631375,0.07339227662490674,7.632339350829042e-09,0.9229227920101548,0.00023920018975676327,7.002143081900803e-06
2007-10-01,3,0.00030716856854335223,0.008810795023911664,1.3433879230226428e-10,0.9907933312151649,8.7511749961334e-05,1.1933080480121183e-06
2007-11-01,0,0.36424336714566413,0.5024999997979545,1.2814239137715674e-07,0.13287171073930698,0.00038479417455533605,1.1225274728168145e-19
2007-12-01,0,0.1756429701810592,0.16798956647463426,1.8191977818991797e-09,0.6494260375185626,2.007932095745431e-05,0.006921344685811522
2008-01-01,0,0.97827619650175,0.02171389592417644,7.407901095289876e-09,2.146685737395106e-07,9.685497810583635e-06,1.3810549968787374e-41
2008-02-01,0,0.9875681244409351,0.012192406831384183,2.731419751025258e-12,0.00019796019844324551,4.376500052455874e-09,4.150415005773191e-05
2008-03-01,0,0.9978547358419328,0.0012608359236741286,3.2635489648129335e-16,5.087354482889299e-06,5.685832673478473e-12,0.0008793408740479669
2008-04-01,0,0.9932951166822014,0.005884190653622267,5.7937679167951365e-18,9.387408298805179e-05,2.0210286179477242e-10,0.0007268183792853371
2008-05-01,0,0.9914935861544751,0.005222517068331263,2.685929625555364e-16,0.0031909590463657066,1.650776651537975e-08,9.29212231053785e-05
2008-06-01,0,0.983795356370728,0.01381828601089311,6.231393426640418e-15,2.846463457580098e-06,7.046607428845796e-11,0.0023835110842422426
2008-07-01,0,0.9996213684138874,4.672792915929035e-05,1.0774970224305835e-19,1.7820400110573076e-08,1.0274576676868188e-16,0.00033188583671909486
2008-08-01,0,0.5924525310484036,0.00014219881568317713,4.1154380718539204e-24,6.497350502902581e-07,6.302967089791859e-15,0.4074046204007451
2008-09-01,0,0.9999910832618392,8.916733318884499e-06,1.6387150280723116e-23,6.334477802730378e-14,2.5335108641237737e-21,4.738789073023036e-12
2008-10-01,0,0.9999999992496669,7.50477134700623e-10,5.496684349140036e-37,5.835257391523331e-32,1.257175994402348e-41,5.135226673186459e-25
2008-11-01,0,0.9999991721900885,8.277940868348526e-07,3.1882678385552074e-46,7.386301635276652e-16,5.402414637314606e-45,1.56377929830575e-11
2008-12-01,0,0.9999885799822532,6.006313641656158e-06,9.824443334719138e-38,1.1790331992208412e-12,2.3603160998846066e-26,5.413703052147036e-06
2009-01-01,0,0.9473953494889291,0.0005730822612071451,5.696323492179578e-33,4.123482417154512e-11,2.0561401197262352e-22,0.0520315682084898
2009-02-01,0,0.9827821525214971,3.321924465162855e-05,2.8024530889802052e-30,4.260171952263388e-08,3.897857191229673e-20,0.01718458563213769
2009-03-01,0,0.5858345511633053,0.000941527173371675,2.8502162504201223e-31,2.761212452357359e-07,4.102945304707755e-16,0.4132236455421033
2009-04-01,0,0.7949169643711835,0.0006813500116312987,9.767404193712755e-27,1.2331316680578703e-07,1.7409960072642703e-16,0.20440156230394066
2009-05-01,0,0.9946935508354879,0.003856451278698668,1.6493929993903515e-26,1.6499728488538078e-07,1.8472994584891963e-16,0.001449832888676753
2009-06-01,5,0.30778241066371065,0.0005061785224315036,5.0215737502718965e-24,7.213666642977512e-06,1.9863720342629184e-14,0.6917041971472826
2009-07-01,5,0.022264541165524676,6.246299833147572e-06,1.3813988967441745e-25,2.377110300050254e-06,1.8089588396496218e-14,0.9777268354242099
2009-08-01,5,0.00124032506114984,9.842607137976316e-08,2.288363450606998e-25,2.6678126619113437e-06,3.701670513658693e-15,0.9987569087003385
2009-09-01,5,0.00027908921394490985,2.0390441074955737e-09,9.445493132978685e-26,6.702185755586304e-06,1.3587719180771849e-14,0.9997142065612495
2009-10-01,5,0.003464793235420296,9.340842842841529e-09,5.997927556310772e-24,1.4883101137899228e-06,1.1721875113342002e-14,0.9965337091133909
2009-11-01,5,0.0008025105083953868,2.33418561602074e-08,2.3517430697021236e-25,8.38962259921734e-06,1.1576605467444899e-14,0.9991890765270622
2009-12-01,5,0.003995282755089894,1.4110287038612125e-08,3.27089546393088e-23,9.971642376040564e-05,1.908013311961699e-12,0.9959049867089907
2010-01-01,5,0.03499887581509158,1.0167697944778963e-07,3.055511585378373e-20,7.405151009531055e-06,3.2060842795455906e-12,0.9649936173539115
2010-02-01,5,0.0007050060675893003,1.3088331797312085e-07,6.402005315501953e-23,1.212365486301873e-05,5.5837334410032195e-14,0.9992827393941449
2010-03-01,5,0.00045783128149324014,4.219422159840584e-09,3.288029522914023e-24,2.232799177954223e-05,2.976690295250596e-13,0.9995198365069233
2010-04-01,5,0.00018282993038113872,6.894152911324632e-10,1.1475510088008793e-23,1.090342126534851e-05,1.5919223349468268e-13,0.9998062659588719
2010-05-01,5,0.5745254058894967,8.683344267455068e-09,3.745633167432233e-21,1.0345434809605867e-07,6.995536507765897e-15,0.4254744819729937
2010-06-01,5,0.20544745444302973,2.098461153356874e-05,6.313266720838536e-23,1.3881448306189326e-05,5.194990530782463e-15,0.7945176794973504
2010-07-01,5,0.008188081124277909,3.7975636467684443e-06,3.665930461655439e-26,4.628549044832846e-06,5.529638756412999e-14,0.9918034927628937
2010-08-01,5,0.0023965693980276264,1.2521663743144467e-08,3.5596828935972806e-23,1.3611183458972928e-06,7.794916311662153e-15,0.9976020569620095
2010-09-01,5,0.002878045332082754,3.3167180650802685e-07,3.0088576128945933e-26,6.050936081217393e-06,7.061192874481201e-15,0.9971155720599207
2010-10-01,5,0.0003259428325001583,7.262539917416162e-09,3.073531936601199e-25,1.3271972333163665e-05,6.770575502457818e-14,0.9996607779326925
2010-11-01,5,0.00021967273083833442,3.170354680307753e-10,3.667348093243063e-24,6.755431668663303e-06,5.1650724525471484e-14,0.9997735715202517
2010-12-01,5,0.0027409288872746614,5.3065676517577136e-08,3.356082140175966e-25,8.564802106646002e-06,3.9322062680401364e-14,0.9972504532448607
2011-01-01,5,0.00018373266348225425,5.816004382309607e-09,2.128805670023935e-24,1.4752437051537839e-05,8.675776383881068e-14,0.9998015090832271
2011-02-01,5,0.00024572368028249184,1.0057776286790914e-09,1.714602120921108e-24,1.3137627530212977e-05,9.938628741322494e-14,0.9997411376865143
2011-03-01,5,0.00041528198744707873,7.361002989767737e-10,1.1440839276666805e-23,7.906642383505349e-06,7.581015204587116e-14,0.9995768106338222
2011-04-01,5,0.00047579464161789177,1.5524029647767067e-09,2.992767263103736e-24,1.1628996160377622e-05,7.15127055653091e-14,0.9995125748098576
2011-05-01,5,0.0018202543269540366,5.103784543166921e-10,1.859560689945625e-23,9.949082443674887e-07,2.0102216993763864e-14,0.998178750254259
2011-06-01,5,0.0011920122239303596,1.0295500645448102e-09,3.013681779096802e-24,6.41638696201722e-07,7.981097032693932e-16,0.9988073451078079
2011-07-01,5,0.0013808040324973792,4.704681100213084e-09,2.625193079063412e-25,2.8371691640043856e-06,2.5433557055859524e-15,0.9986163540935832
2011-08-01,5,0.012776006647780435,1.776807464663214e-08,3.0936200708133658e-24,9.957805378766216e-07,5.152111988451157e-15,0.9872229798033981
2011-09-01,5,0.17742407780056782,9.828569264021461e-08,7.789559659987486e-24,1.2953375748067662e-08,4.2460692972979233e-17,0.822575810960272
2011-10-01,5,0.14196468276844804,0.00034635174255119203,1.9205590742584833e-30,1.0114309729005262e-07,1.0441449150098287e-18,0.8576888643459106
2011-11-01,5,0.0022158530313872646,1.3480101509933112e-07,7.311302960669968e-29,3.0310602001377167e-06,2.7221719212380064e-16,0.9977809811071723
2011-12-01,5,0.000206949854670659,7.67869097985718e-10,1.2705600760644393e-26,2.727197825738343e-06,6.791598609669807e-15,0.9997903221795033
2012-01-01,5,0.00014413934643234475,4.353140470854354e-10,4.301472239060142e-26,5.0977304499893905e-06,8.106571774659584e-15,0.9998507624875758
2012-02-01,5,0.00034661510941034806,8.5514648235556e-10,2.751222876973999e-25,1.818105285341587e-05,6.657409687776537e-14,0.9996352029825873
2012-03-01,5,0.00011603746701512008,2.9103106449245967e-10,4.416279338061181e-24,4.399831118382155e-06,8.282987990759256e-14,0.9998795624105382
2012-04-01,5,0.00022185308687090404,6.475631502527597e-11,5.348933984812847e-24,2.9992217127082496e-06,1.1759270701593164e-14,0.9997751476267203
2012-05-01,5,0.08414707210956335,1.957758766972732e-09,2.0480143845728206e-23,2.651305540161111e-08,2.5709765778189905e-16,0.9158528994197724
2012-06-01,5,0.0005572722232302807,6.754328766042417e-08,4.195005577793247e-27,5.2976575928866356e-06,9.655055414989337e-17,0.999437362575904
2012-07-01,5,0.0004826523986740659,2.267139772518805e-09,7.312321627532482e-27,1.1550849005147462e-05,4.697434114066362e-14,0.9995057944853353
2012-08-01,5,0.00037044601491517074,3.12297750756787e-09,9.122689158466317e-25,1.0891443123604504e-05,5.96366384153844e-14,0.9996186594191129
2012-09-01,5,0.00012104565544811632,2.3137243813249877e-10,1.419097823935167e-24,4.272563788318626e-06,2.809023427496613e-14,0.9998746815494808
2012-10-01,5,0.00024788463816197425,7.853095109970746e-11,5.952648313827375e-24,2.0795490145478947e-06,6.5701157883640535e-15,0.9997500357341249
2012-11-01,5,0.0002722136128886903,2.875840944263963e-10,2.7881468316393e-25,4.8965637192952215e-06,6.013569441763345e-15,0.99972288953601
2012-12-01,5,0.00023462893845697187,2.717020660997839e-10,1.7819670454413554e-25,3.762968211996398e-06,9.071204871823184e-15,0.9997616078217524
2013-01-01,5,0.0002511987311521028,2.3272397053956456e-09,3.2179493335054377e-25,1.0345349174774274e-05,3.554324078670587e-14,0.9997384535922197
2013-02-01,5,0.00014748280911510905,9.363976820501552e-11,1.929760515448212e-24,2.2636492615463596e-06,1.9926232734199843e-14,0.9998502534481045
2013-03-01,5,0.00017404260156011426,1.668478976169453e-10,6.49054828175175e-25,8.651614765076557e-06,1.674306938286922e-14,0.9998173056170031
2013-04-01,5,0.0002587284572855584,7.975494343482193e-11,1.2096551483101503e-24,2.407714528412832e-06,2.060342598828764e-14,0.9997388637485112
2013-05-01,5,0.00023181344871904782,2.05549007501704e-10,2.355395242045834e-25,1.8042913201971637e-06,2.1564125617531785e-15,0.9997663820544278
2013-06-01,5,0.0001705476181964812,1.1246853465099311e-10,1.8984326229824543e-25,3.927342556639633e-06,4.621622011015825e-15,0.9998255249268974
2013-07-01,5,0.00021100140085171236,7.151404779345096e-10,4.365353284493318e-26,9.291007949392414e-06,2.4110367626549724e-14,0.9997797068759173
2013-08-01,5,0.000594886208478547,4.182344394899559e-10,4.454259336777045e-24,4.517994929775889e-06,2.5351258429523887e-14,0.999400595378554
2013-09-01,5,0.00022026483430375717,3.9808958473241305e-10,8.780188024123685e-25,3.3472188991614554e-06,1.2952593865587563e-14,0.9997763875487902
2013-10-01,5,0.0006993415261269425,5.486722062137766e-10,1.3643320411008398e-24,5.4452299676198654e-06,2.7393484403793135e-14,0.999295212695335
2013-11-01,5,0.00012374742378635972,3.7191539182365235e-10,7.350632248278787e-25,5.357772835080459e-06,2.2486132653250537e-14,0.9998708944315284
2013-12-01,5,0.00013373666155307615,9.899799004676138e-11,3.705252621072118e-25,5.748874493212545e-06,1.7124261756642507e-14,0.9998605143647884
2014-01-01,5,0.001886669387599909,2.8839964891866613e-09,3.888154006136893e-23,4.7922822228264745e-06,2.2947491891521313e-14,0.9981085354461575
2014-02-01,5,0.0002151870315810655,3.849169824959267e-09,1.942817535263992e-25,6.753166312988082e-06,1.902605565653909e-14,0.9997780559529176
2014-03-01,5,0.0002555608621763178,1.1954139148962694e-10,1.1267063202549383e-24,2.889873112754854e-06,1.7310929558046077e-14,0.9997415491450574
2014-04-01,5,0.0006239990730676238,3.5556790772442866e-10,1.4670200896614123e-24,1.4011278854529306e-06,4.462482182757543e-15,0.999374599443314
2014-05-01,5,0.0001302862959189047,2.8748733672846816e-10,1.1928297708442838e-25,4.673468783385307e-06,4.484182038881287e-15,0.9998650399477556
2014-06-01,5,0.00015626378927330298,1.3819203336506882e-10,5.922634742105066e-26,4.218816897955489e-06,9.407489519966117e-15,0.9998395172554567
2014-07-01,5,0.0006302288516314879,5.816705388762829e-11,1.3154180716312724e-24,7.953046773211518e-07,3.2770233833050337e-15,0.9993689757855093
2014-08-01,5,0.00013700623166369898,4.6322709009521555e-10,7.989866326142246e-26,4.843358253864776e-06,3.1199871146682747e-15,0.999858149946634
2014-09-01,5,0.0005607374527572676,5.401656664442423e-11,4.536951897174427e-25,6.813612910167188e-07,3.876171661696733e-15,0.9994385811319684
2014-10-01,5,0.00027511381174714645,3.515910724038857e-10,3.6567402211443976e-25,2.165668450280761e-06,1.6518087121737862e-15,0.9997227201682096
2014-11-01,5,0.006011398262501757,1.3767371334401356e-09,2.0194580141364005e-24,1.2225304749018524e-06,7.67562606968118e-15,0.9939873778304992
2014-12-01,5,0.02686710698892756,3.334636311186636e-08,2.831826472817145e-23,1.92105713609782e-07,5.270957955589226e-16,0.9731326675590027
2015-01-01,5,0.006401252185040134,4.625807580476632e-08,2.3677136338589103e-25,9.301023536408129e-07,3.5394800316269826e-16,0.9935977714546804
2015-02-01,5,0.001102819051128911,1.3378933380778506e-07,1.4908019347332848e-27,4.7265904736981435e-06,2.532131914627678e-15,0.9988923205691761
2015-03-01,5,0.0004179931685834463,4.24294972301366e-10,3.491775618867035e-25,1.2011806739356255e-06,5.754096747905409e-15,0.9995808052262317
2015-04-01,5,0.005155950127599442,8.83679356625447e-08,1.0271604718751613e-24,8.918487418088397e-06,7.129622278602811e-15,0.9948350430169786
2015-05-01,5,0.00011804615634988798,3.284532121560964e-09,3.8053014834142527e-25,3.5099306054332663e-06,2.216998025323888e-14,0.9998784406286401
2015-06-01,5,0.0002084226946276373,7.187106088372726e-11,2.0657903638492802e-24,4.4286419701168844e-06,1.037200527448471e-14,0.9997871485917303
2015-07-01,5,0.013378261938918168,4.719823326796955e-09,6.607652238147937e-23,1.8674955211267385e-07,4.569118760268481e-15,0.9866215465915821
2015-08-01,5,0.009824549755098092,1.3277269409184163e-07,1.2965407794835463e-23,3.732938596406511e-06,6.452286461226005e-16,0.9901715845335818
2015-09-01,5,0.0036360044122073403,2.964915984870682e-08,2.1050150579506577e-25,7.530923788118662e-07,5.480334209428263e-15,0.9963632128462374
2015-10-01,5,0.0010727556791516831,3.158466465861992e-08,1.6815430142067221e-25,9.269256288988549e-06,7.197976352821279e-15,0.9989179434799339
2015-11-01,5,0.0013000588714811598,2.97759081747212e-09,5.9812935377649175e-24,1.8941393732254471e-06,2.0136794913519264e-14,0.9986980440115895
2015-12-01,5,0.0008578627398910129,8.275499645198761e-10,9.186859338529877e-24,8.346699492586904e-07,2.031389818041778e-15,0.9991413017625023
2016-01-01,5,0.22626935906256745,1.574850498128766e-07,1.3945330975310017e-22,9.09145852274346e-06,1.320267955362832e-13,0.7737213919936314
2016-02-01,5,0.00815583922433629,5.955455019760971e-07,2.9121958971867046e-23,2.1699010329360143e-06,2.6427764705023424e-14,0.9918413953289813
2016-03-01,5,0.002402319862484056,3.9274315755577656e-07,6.436542859954476e-25,9.212321612488649e-06,1.952387216692541e-14,0.9975880750728399
2016-04-01,5,0.013157988686370848,1.9809454966766568e-06,4.141001304718048e-24,3.11458844133299e-05,1.7731495992848527e-13,0.9868088844834982
2016-05-01,5,0.00033402843851853734,3.45596575129293e-08,2.128773314993091e-23,2.157021028701031e-05,4.985946788283039e-13,0.9996443667908756
2016-06-01,5,0.002484729728844498,4.845013497776286e-09,4.378288834667356e-22,5.2800140154952215e-05,1.586761743373563e-12,0.997462465284457
2016-07-01,5,0.004106169076783405,1.8951455302309687e-08,3.1885903725626184e-21,4.6294982352279255e-06,7.018565977948456e-13,0.9958891824726263
2016-08-01,5,0.0006321296494091194,1.739914036266837e-08,6.688348110444312e-23,1.306686178065117e-05,2.8918187725831635e-14,0.9993547860898445
2016-09-01,5,0.0005391294209838924,5.981591928742778e-09,3.2742374321277118e-24,2.031844948771518e-05,1.2906132521875627e-13,0.9994405461479912
2016-10-01,5,0.00031769478151390793,4.1784345676231136e-10,2.413744850970549e-23,4.986634697628034e-06,7.490020228731015e-14,0.9996773181659163
2016-11-01,5,0.0008002788367439476,2.5556601418990496e-09,2.7286678680564825e-24,1.771626570247941e-05,5.994732929744936e-14,0.9991820023419021
2016-12-01,5,0.0004359926938185931,4.964098382602185e-09,1.1445389837227026e-23,2.8415295543963456e-05,4.3326113702377966e-13,0.9995355870462144
2017-01-01,5,0.00013734232781823476,4.651990944825728e-10,2.745331195332952e-23,1.1365882320062722e-05,1.958093350492018e-13,0.9998512913245159
2017-02-01,5,0.00015132752770678635,2.868286056290059e-10,1.6515607124477635e-23,2.399540394846919e-05,2.1397603028321725e-13,0.9998246767813694
2017-03-01,5,0.000867418067654225,4.4058381558318614e-10,1.8098065792638188e-22,1.867223230916919e-05,6.130199307268529e-13,0.9991139092586948
2017-04-01,5,0.00020490946067251904,1.0103913541938149e-09,1.0945568639368701e-22,1.1413068820355812e-05,1.917123867432329e-13,0.9997836764600966
2017-05-01,5,0.0002439478910977885,4.406429272707756e-10,7.284331598942494e-23,2.705065613612465e-05,3.279481551555433e-13,0.9997290010115749
2017-06-01,5,0.0002248550766540788,7.239695487518365e-10,6.858983797887089e-23,1.5415048771112993e-05,2.2050488074476643e-13,0.9997597291503847
2017-07-01,5,0.0002731810700491948,2.0020403756373745e-09,4.463626930220171e-23,6.793280564615248e-05,7.074534955172818e-13,0.9996588841214916
2017-08-01,5,0.00021935581786747342,9.906749346354741e-10,3.313722840227365e-22,3.697557929630216e-05,1.5238368321858348e-12,0.9997436676104291
2017-09-01,5,0.00035671798421516536,4.224703329772689e-09,6.800181343370639e-22,0.00014512036281572985,3.3605475082726887e-12,0.9994981574246824
2017-10-01,5,0.0003900930287661466,6.4311088959781575e-09,2.3735655304006795e-21,0.00013582806310629214,1.5727819546761152e-11,0.9994740724611546
2017-11-01,5,0.001936850505839927,2.0631559771562213e-08,4.5299764576476293e-20,0.0001279600871797976,2.742831861089948e-11,0.9979351687478537
2017-12-01,5,0.0005322941059957042,2.8533674114143048e-08,3.282171489399873e-20,0.00017343711728473336,1.803424443220212e-11,0.9992942402250741
2018-01-01,5,0.0010765253829774057,5.5444736653395074e-08,2.5965066863650505e-20,0.0005359188934575309,1.0489150568431309e-10,0.9983875001737283
2018-02-01,5,0.008179146720116692,8.448337155461428e-08,4.378779180355629e-18,0.00010186452639924,6.784808356574947e-11,0.9917189042021665
2018-03-01,5,0.0008454234245263037,2.3213160761472517e-07,7.369402707134639e-19,0.00033380511777148463,3.423805186915171e-11,0.9988205392918189
2018-04-01,5,0.0038008269223986004,6.722444393996134e-07,1.1851656891540537e-18,0.002909585182462244,9.276594125331583e-10,0.9932889147232362
2018-05-01,5,0.0003720112185817605,2.8560471657764595e-07,1.7518353933893096e-18,0.0005510195709523115,1.0812930385343805e-09,0.999076682524316
2018-06-01,5,0.0002977140541103591,1.6297280022161502e-08,5.0957880804918785e-18,0.000355314005850899,1.8167711569293916e-10,0.999346955461013
2018-07-01,5,0.0009944914144467902,2.4669118449370734e-08,1.9610609543908286e-18,0.00026686712746982864,1.0809288024990188e-10,0.9987386166809035
2018-08-01,5,0.00042839673978782475,4.890199450462871e-08,2.3028566773601456e-19,0.0004643526096234916,1.1636161640057774e-10,0.9991072016321273
2018-09-01,5,0.0008455820164661658,6.109951266903641e-08,1.3030757146632642e-18,0.0007464648580399494,2.8618906715290054e-10,0.9984078917397629
2018-10-01,5,0.015420577343788634,4.777519525014534e-07,8.708298888581829e-17,7.536371884595019e-05,9.321261095135637e-11,0.9845035810922882
2018-11-01,5,0.00464460036252079,9.018659023401341e-07,3.102419233849744e-18,5.382947042617787e-05,4.4453696599875894e-12,0.9953006682967298
2018-12-01,5,0.8519220395072651,3.399675605105665e-05,1.0204527206317986e-16,7.316708648424301e-05,5.7405629907747076e-11,0.14797079659281268
2019-01-01,5,0.7841531820431416,0.0184261137253205,1.2985895822667234e-18,0.0012635911599493182,2.0908015837810122e-09,0.19615711098094332
2019-02-01,5,0.08334559811146362,0.0007426348285337332,6.244223859707017e-17,0.006408287422233093,1.0715412049344051e-08,0.9095034689224124
2019-03-01,5,0.009416000750241594,3.303595204581576e-05,6.157342964246962e-16,0.008303284142342934,4.66811119787319e-08,0.9822476324742967
2019-04-01,5,0.0014758750652419058,6.077050633238754e-06,1.4173702260020115e-15,0.006844062102999498,4.410349795109258e-08,0.9916739416777764
2019-05-01,5,0.10113118908982888,6.618017641501472e-05,2.612670030813844e-13,0.0007215540908743204,9.072197020508077e-09,0.8980810675704669
2019-06-01,5,0.3477341054116757,0.0019797150060833816,1.6585248550769937e-15,0.03311316437503565,8.573097391808899e-08,0.6171729294760757
2019-07-01,5,0.00891982832219509,2.685899474928545e-05,3.6645345317643864e-15,0.011589085459479084,8.575067601820871e-08,0.9794641414730061
2019-08-01,5,0.05327462380974051,2.310436320874096e-05,5.3130427854540684e-14,0.005249962246176788,6.180392854144532e-08,0.9414522477769182
2019-09-01,5,0.0033766022807383738,5.3278788256179605e-06,1.4161130066196114e-15,0.0010809706214882876,4.372249813973529e-09,0.9955370948466347
2019-10-01,5,0.029183049188155,7.264473226003434e-06,9.201936392010342e-16,0.009678782343747765,1.8614339446328407e-08,0.9611308853805831
2019-11-01,5,0.0010543803526718552,8.94177359069157e-07,4.183959219790541e-18,0.000150840643345225,3.318705089242798e-10,0.9987938844946699
2019-12-01,5,0.0008246119100071025,1.3911180839009573e-07,8.278892529915223e-19,0.0006429245810970955,9.260654323950736e-11,0.9985323243040952
2020-01-01,5,0.0028267111276798506,2.8448339250905795e-07,7.396780192074923e-18,1.9239519482045976e-05,3.489134349106892e-11,0.9971537648349288
2020-02-01,0,0.9999690284906643,4.528535886202409e-06,5.3847737182903945e-17,3.3569972473926253e-06,7.662122483915614e-13,2.308597535778679e-05
2020-03-01,0,0.999999999737156,2.6243478174240947e-10,5.883381079850067e-27,1.850507436535381e-34,7.653290650376871e-35,8.04211714360481e-42
2020-04-01,0,0.9963482484369205,0.0009173500241545664,6.154863277670246e-36,1.304654149451167e-09,3.000592889945713e-33,0.0027344002344314527
2020-05-01,0,0.9958250167986326,0.002030410934450736,1.0905235466514524e-31,7.002042743303383e-08,5.172996810679141e-18,0.0021445022462609057
2020-06-01,5,0.21297067139188325,0.00011159150056465721,7.864780287707282e-27,1.285225836908463e-05,1.2783859575140081e-14,0.7869048848489236
2020-07-01,5,0.01955292259921048,1.0700282550787406e-05,5.049374079826221e-24,3.012953656468537e-05,8.847119965247885e-13,0.9804062475805448
2020-08-01,5,0.019622920233496582,9.313815257228283e-06,3.5494873235963263e-22,1.9216383665941466e-06,1.4094648594694476e-13,0.9803658443131437
2020-09-01,5,0.0013711109650166088,3.794382364306515e-08,8.371888876707298e-23,4.145587088235065e-06,6.028829733883385e-15,0.998624705503721
2020-10-01,5,0.0009768361965779412,1.5719417971580514e-09,1.1421867240879412e-24,2.1024591586602093e-06,5.5064601666041336e-15,0.999021059772766
2020-11-01,5,0.0636748828076167,1.6493772173046935e-05,3.496030935837021e-28,1.7771591702475066e-07,3.3364602010684124e-16,0.9363084457043808
2020-12-01,5,0.0019160415618567613,2.0481180951217644e-06,4.1660646754565025e-26,1.9378558899099957e-05,3.699397090783836e-15,0.9980625317607773
2021-01-01,5,0.010338294739190745,1.8026868797128582e-05,2.7354370931456623e-22,4.589746458975783e-06,2.9420073840214433e-13,0.9896390886453978
2021-02-01,5,0.001967771832022521,4.466330603487114e-07,8.898553850745804e-24,5.5358448850534915e-06,1.544542991385452e-14,0.99802624568961
2021-03-01,5,0.04757206095752124,4.749785145768416e-07,6.129220783498376e-23,3.818601716889106e-07,1.077582549275542e-14,0.9524270822035222
2021-04-01,5,0.0036333502294578386,9.140561638422751e-07,5.199447392869728e-25,7.096045728559033e-06,2.7835344400597807e-15,0.9963586396690859
2021-05-01,5,0.0004419240149919333,5.040014526359902e-09,1.7213338842332754e-25,2.507707501291478e-06,1.4741905346210273e-14,0.9995555632378199
2021-06-01,5,0.00017929021042970174,8.970611132634222e-10,2.532041439841415e-25,7.299952786565637e-06,9.094421622708266e-15,0.9998134089399198
2021-07-01,5,0.004467705312700781,2.82909898632816e-09,1.1226750653680394e-24,8.384700822033712e-07,1.2775912320198739e-14,0.9955314533883151
2021-08-01,5,0.00020096989270262794,2.0129108704880773e-09,3.7602868272470747e-25,3.3143011946845293e-06,2.073170139652891e-15,0.9997957137929956
2021-09-01,5,0.01914006538497641,3.847867171496983e-08,9.617544041832508e-24,2.2843711161922226e-05,5.1686073485769235e-14,0.9808370524250922
2021-10-01,5,0.003262863154965802,3.9030568730286725e-07,6.473114464650968e-24,2.1989611512741336e-05,8.118070337490301e-13,0.9967147569267744
2021-11-01,0,0.8069190169116004,6.362611186903438e-07,1.883725258938067e-21,5.222695425755322e-09,1.652598113971881e-15,0.19308034160434484
2021-12-01,0,0.773152369558175,0.00019212765477454646,3.5179571337567775e-24,2.4571254764869248e-06,2.0886780155521034e-16,0.2266530456618034
2022-01-01,0,0.9992078852676173,0.0004085048658343618,1.1499268146800077e-23,4.6389704849088715e-06,1.0288282146930471e-13,0.0003789708956750719
2022-02-01,0,0.9682316810967936,0.00032664243953528835,5.48548454796943e-22,1.4628370510990762e-06,3.678598191752882e-13,0.031440213626374065
2022-03-01,0,0.9997517355367952,0.0002413035029475007,2.1367704636762928e-20,6.088571800148489e-06,5.401473816884027e-12,8.723828308300296e-07
2022-04-01,0,0.9999373438507225,5.4143880226429566e-05,5.214471250576751e-20,2.4066876548049716e-09,1.1232430022589424e-14,8.509862566447294e-06
2022-05-01,0,0.9315202468259843,0.00021421951673548226,3.926749388154587e-22,6.365561737134424e-07,5.744984996238483e-15,0.06826489710138577
2022-06-01,0,0.9999941153255694,5.883773985650668e-06,2.2006576550565753e-22,8.392001983683985e-10,8.112717802924584e-16,6.108074728923727e-11
2022-07-01,0,0.9984110284307947,0.0015782481234210314,1.2046010730922202e-23,1.8746954486131694e-08,9.500491125700878e-16,1.0704698564645268e-05
2022-08-01,0,0.9989500946212905,0.0010473960331983947,3.408821436517087e-21,2.4815943686235903e-06,1.7210907402056757e-14,2.7751318749939728e-08
2022-09-01,0,0.9999328492732101,6.713045158545129e-05,2.0019193433448224e-20,1.752652348535675e-08,8.730438467915766e-15,2.749121228845981e-09
2022-10-01,0,0.9898189970736168,0.010179438369117375,5.65523292276382e-20,1.5645424321952953e-06,6.765214603639576e-12,8.026072384327829e-12
2022-11-01,1,0.956138097677971,0.03733135545738357,1.2698778111197886e-17,0.0002142869464202865,1.0295223279726393e-11,0.006316259907906618
2022-12-01,3,0.9122026290400189,0.019423122824682892,4.492318090972293e-16,0.01865949711793007,8.78536069729463e-09,0.049714742232164016
2023-01-01,3,0.8540386684271835,0.11865879374043987,8.080932217183987e-15,0.02461539398862779,2.904543424981408e-06,0.0026842393005172675
2023-02-01,3,0.6654225952847299,0.023688660802703786,3.0993662414243914e-10,0.30950773898367506,6.10939471131337e-06,0.0013748952240205756
2023-03-01,3,0.43066798753706104,0.056895485038160075,2.3435753611345654e-10,0.5120610418213521,0.00037442325163973485,1.0621171278181078e-06
2023-04-01,3,0.02891439883707698,0.004305596382265918,1.5849503950706189e-09,0.9650827249339601,5.446160339252592e-05,0.0016428166583062496
2023-05-01,3,0.1294682953388577,0.03270234484133942,1.6866464666773703e-09,0.8377960803457289,1.9991500934235203e-05,1.3286286760527434e-05
2023-06-01,3,0.01039978403200251,0.019930997900404125,1.4853090863241616e-09,0.9678188706267381,0.0018496577831929517,6.881724709502035e-07
2023-07-01,3,0.00017527685746884507,0.008364671211301817,8.197939467011864e-09,0.9906592976540693,0.000800716778702345,2.9300830567259554e-08
2023-08-01,3,0.0001589305548055959,0.0030461065217324552,1.0831429083946653e-08,0.9966867966663452,0.00010807573855949306,7.968737446713746e-08
2023-09-01,3,0.00019962405132536982,0.0036363592739883503,3.3948266843994627e-09,0.9960921722711471,7.180653809698504e-05,3.44706709477168e-08
2023-10-01,3,0.00028462534660649204,0.003906268941084823,1.8617308453584764e-09,0.9957286676304762,8.022779142317835e-05,2.0842823119462738e-07
2023-11-01,3,0.0006727511163111409,0.09581474145811948,1.9313561720720728e-10,0.9032596462834609,0.0002528569397113147,4.009499044663913e-09
2023-12-01,3,0.0006201037086599404,0.07035556581630814,1.3299803801945614e-09,0.9287013750707162,0.0003229520222607791,2.0519324708469527e-09
2024-01-01,3,1.2297076191037025e-05,0.0011488942705428966,1.5398632547034692e-09,0.9985840484444753,0.00025475328337076097,5.385508500542907e-09
2024-02-01,3,8.043075543366667e-05,0.001914834165037747,5.537184296897909e-10,0.9978425511252947,0.0001621831024843897,2.9821766004958725e-10
2024-03-01,3,1.6692080149736866e-05,0.0005174590134382832,3.2065513444069495e-10,0.9992423689200064,0.00022347781314318582,1.8529959905515219e-09
2024-04-01,3,8.8257919976128e-05,0.0015807603680525028,1.7678819219996834e-08,0.998177567262239,0.00015339649972874648,2.7121052137483754e-10
2024-05-01,3,7.324165566456817e-05,0.002121489481163814,7.489206602365227e-10,0.9976514479470885,0.00015381370444425774,6.462786086624948e-09
2024-06-01,3,1.9383789902428908e-05,0.00037488129639416423,1.1579638007013377e-10,0.9995200116619607,8.571622908705148e-05,6.9073003870489134e-09
2024-07-01,3,4.665143368219298e-05,0.00102042335051318,8.015533599663964e-10,0.9986585610961461,0.00027436328567169606,3.234335193899285e-11
2024-08-01,3,1.974789221355815e-05,0.000721647983952894,2.7179249457849155e-09,0.9988038027756984,0.00045479861873575563,1.1171295531603182e-11
2024-09-01,3,0.00015662978365416715,0.0016556329728951514,3.4003394615026724e-09,0.9978504714661405,0.0003372623763477369,8.58155452343665e-13
2024-10-01,3,0.00016313327936186254,0.0012816957992625915,5.280108749119576e-09,0.9984808118868554,7.434370278531074e-05,1.0051379253319872e-08
2024-11-01,3,9.152732079776442e-05,0.002949263939287983,2.4818340567174584e-11,0.9968860702263188,7.307997007671603e-05,5.851856791421865e-08
2024-12-01,3,0.0003270081803255415,0.002941588804360939,5.019123894721328e-10,0.9966998158995611,3.143264318540888e-05,1.5397022930698478e-07
2025-01-01,3,3.846557144339018e-05,0.0007968875684096221,1.205376853964765e-11,0.9991173865523817,4.7103914709250705e-05,1.5638075159538557e-07
2025-02-01,3,0.00016991863694007669,0.0005957254484090453,7.75429129889011e-11,0.9992112927916483,2.2503081836249753e-05,5.599634580394816e-07
2025-03-01,3,0.0014372885755231013,0.007286987915442716,2.6918945176756224e-10,0.9912445076838529,2.9927695671270535e-05,1.287860540320834e-06
2025-04-01,3,0.019523503733231397,0.027331982571782952,5.116325228727148e-10,0.9529189942877122,6.6331010197970415e-06,0.0002188857946378997
2025-05-01,3,0.000503180447524863,0.00397933101973368,4.995267296075138e-12,0.9954385035323885,6.433393655962911e-05,1.46510592459172e-05
2025-06-01,3,0.0008657172085336484,0.01549268374267848,7.733072960475117e-12,0.9836116493824296,2.6391177486175346e-05,3.5584809457778987e-06
2025-07-01,3,6.638145814963534e-05,0.000556760356107675,7.23743311758324e-12,0.9993515276340373,2.2948086853279785e-05,2.3824576945231933e-06
2025-08-01,3,1.7410323374367066e-05,0.0001957502806151576,1.6492971044739746e-11,0.9997449476228581,4.1829784939912455e-05,6.197157943635608e-08
2025-09-01,3,0.00017416504908002346,0.0012152708719306465,7.305804689245945e-12,0.9985939302412838,1.6489837514530595e-05,1.4399267832773932e-07
